docId,sku,name,price,cat,supplier,sourceUrl,diagnosis_group,diagnosis_reason,matched_variant,matched_in_set
"09BTvmU0250JUh0rlVly","","מערכת אוכל Diana לבן וזהב – 18 חלקים New Bone China","937.16","כלי שולחן והגשה","paldinox","https://paldinox.co.il/product/%d7%9e%d7%a2%d7%a8%d7%9b%d7%aa-%d7%90%d7%95%d7%9b%d7%9c-18%d7%97%d7%9c-diana-%d7%9c%d7%91%d7%9f-%d7%96%d7%94%d7%91/","A","no_sku","",""
"0B5FKGXOGDBubhWjWqqw","","זוג קערות פולירזין חום טייגר קוטר 37.5 גובה 10 ס”מ","651.56","כלי שולחן והגשה","paldinox","https://paldinox.co.il/product/%d7%96%d7%95%d7%92-%d7%a7%d7%a2%d7%a8%d7%95%d7%aa-%d7%a4%d7%95%d7%9c%d7%99%d7%a8%d7%96%d7%99%d7%9f-%d7%97%d7%95%d7%9d-%d7%98%d7%99%d7%99%d7%92%d7%a8-%d7%a7%d7%95%d7%98%d7%a8-37-5-%d7%92%d7%95%d7%91/","A","no_sku","",""
"0YOqFWfcyU3ISwvgCufi","","סט 2 פמוטים עץ שחור עם ברזל","432.64","עיצוב הבית","paldinox","https://paldinox.co.il/product/h38-31-%d7%a1%d7%98-2-%d7%a4%d7%9e%d7%95%d7%98%d7%99-%d7%a2%d7%a5-%d7%a9%d7%97%d7%95%d7%a8-%d7%91%d7%a8%d7%96%d7%9c-d10/","A","no_sku","",""
"0Zpnat72J1Lymr2Q8tpY","","מגש עגול על רגל זכוכית גבישית עם פס זהב","119.57","כלי שולחן והגשה","paldinox","https://paldinox.co.il/product/%d7%9e%d7%92%d7%a9-%d7%a2%d7%92%d7%95%d7%9c-%d7%a2%d7%9c-%d7%a8%d7%92%d7%9c-kim-%d7%a7%d7%95%d7%98%d7%a8-32-%d7%a1%d7%9e-%d7%96%d7%9b%d7%95%d7%9b%d7%99%d7%aa-%d7%92%d7%91%d7%99%d7%a9%d7%99-%d7%a9/","A","no_sku","",""
"0qXNfNez5mYjGAjnYGBa","","סט 6 כוסות קרמיקה Green Lake – 300 מ""ל","76.1","כלי שולחן והגשה","paldinox","https://paldinox.co.il/product/%d7%a1%d7%98-6-%d7%9b%d7%95%d7%a1%d7%95%d7%aa-%d7%a7%d7%a8%d7%9e%d7%99%d7%a7%d7%94-300-%d7%9e%d7%9c-green-lake/","A","no_sku","",""
"0tFHRODei9LYvKDl15v7","","קערת Kim אובלית זכוכית גבישית עם פס זהב","150.01","כלי שולחן והגשה","paldinox","https://paldinox.co.il/product/%d7%a7%d7%a2%d7%a8%d7%94-%d7%90%d7%95%d7%91%d7%9c%d7%99%d7%aa-kim-%d7%a2%d7%9c-%d7%a8%d7%92%d7%9c-40-20-%d7%a1%d7%9e-%d7%96%d7%9b%d7%95%d7%9b%d7%99%d7%aa-%d7%92%d7%91%d7%99%d7%a9%d7%99-%d7%a9%d7%a7/","A","no_sku","",""
"17adSTFG8aHZlNahHOrR","","פח מתכת אפור 35 ליטר","434.82","עיצוב הבית","paldinox","https://paldinox.co.il/product/%d7%a4%d7%97-%d7%9e%d7%aa%d7%9b%d7%aa-%d7%90%d7%a4%d7%95%d7%a8-35-%d7%9c%d7%99%d7%98%d7%a8-%d7%a8%d7%95%d7%97%d7%91-45-5-%d7%92%d7%95%d7%91%d7%94-68-5-%d7%a1%d7%9e-4-%d7%a8%d7%92%d7%9c%d7%99%d7%99/","A","no_sku","",""
"1HRI5CWPPzfVB1qCJ4tz","","זוג כוסות דאבל גלאס עם ידית 400 מ""ל","86.96","כלי שולחן והגשה","paldinox","https://paldinox.co.il/product/400%d7%9e%d7%9c-%d7%96%d7%95%d7%92-%d7%9b%d7%95%d7%a1%d7%95%d7%aa-%d7%93%d7%90%d7%91%d7%9c-%d7%92%d7%9c%d7%90%d7%a1-%d7%99%d7%93%d7%99%d7%aa-4/","A","no_sku","",""
"1STlfE8Ce5qveFU0Pci9","","קרש חיתוך עץ טבעי 55×22 ס""מ","163.06","כלי שולחן והגשה","paldinox","https://paldinox.co.il/product/%d7%a7%d7%a8%d7%a9-%d7%97%d7%99%d7%aa%d7%95%d7%9a-%d7%a2%d7%a5-%d7%98%d7%91%d7%a2%d7%99-55-22-%d7%a1%d7%9e/","A","no_sku","",""
"1mWPfpVwy2ggRylexxAL","","דיקנטר קריסטל DIAMOND – 0.7 ליטר","391.33","כלי שולחן והגשה","paldinox","https://paldinox.co.il/product/%d7%93%d7%99%d7%a7%d7%a0%d7%98%d7%a8-diamond-0-7l/","A","no_sku","",""
"1thCqJefIJWP7mcVnmSy","","מנורת רצפה עם עיטור נוצות שחורות","1282.71","עיצוב הבית","paldinox","https://paldinox.co.il/product/h75d75-%d7%9e%d7%a0%d7%95%d7%a8%d7%aa-%d7%a8%d7%a6%d7%a4%d7%94-%d7%a2%d7%99%d7%98%d7%95%d7%a8-%d7%a0%d7%95%d7%a6%d7%95%d7%aa-%d7%a9%d7%97%d7%95%d7%a8%d7%95%d7%aa/","A","no_sku","",""
"22Pn5Kfz2ryogNQJfKtP","","סט 6 כוסות ברנדי סדרת CITY","173.92","כלי שולחן והגשה","paldinox","https://paldinox.co.il/product/660ml-%d7%a1%d7%986-%d7%9b%d7%95%d7%a1-%d7%91%d7%a8%d7%a0%d7%93%d7%99-city/","A","no_sku","",""
"25oIP4Q719DdrMiUE7c1","","סט 2 פמוטי עץ וברזל","326.76","עיצוב הבית","paldinox","https://paldinox.co.il/product/h14-5-12-%d7%a1%d7%98-2-%d7%a4%d7%9e%d7%95%d7%98%d7%99-%d7%a2%d7%a5-%d7%98%d7%91%d7%a2%d7%99-%d7%91%d7%a8%d7%96%d7%9c-d12-2/","A","no_sku","",""
"26seQIR1IGwFHw2WGuEd","","מגש אובלי זהב עם גימור זכוכית שקופה","475","כלי שולחן והגשה","paldinox","https://paldinox.co.il/product/%d7%9e%d7%92%d7%a9-%d7%90%d7%95%d7%91%d7%9c%d7%99-%d7%9e%d7%aa%d7%9b%d7%aa-%d7%96%d7%94%d7%91-%d7%a4%d7%a2%d7%9e%d7%95%d7%9f-%d7%96%d7%9b%d7%95%d7%9b%d7%99%d7%aa-%d7%a9%d7%a7%d7%95%d7%a3-%d7%92%d7%95/","A","no_sku","",""
"29qexfNVzCxX2dU0zQUr","","מגש שיש מלבני לבן עם מסגרת מתכת מצופה זהב","193.5","עיצוב הבית","paldinox","https://paldinox.co.il/product/%d7%9e%d7%92%d7%a9-%d7%a9%d7%99%d7%a9-%d7%9e%d7%9c%d7%91%d7%a0%d7%99-%d7%9c%d7%91%d7%9f-%d7%9e%d7%a1%d7%92%d7%a8%d7%aa-%d7%9e%d7%aa%d7%9b%d7%aa-%d7%a6%d7%99%d7%a4%d7%95%d7%99-%d7%96%d7%94%d7%91-34-18/","A","no_sku","",""
"2SvLquh1YEvUzp3t2dgD","","סט 4 מגשים עגולים מתכת לבן עם רגלי כדור","215.23","כלי שולחן והגשה","paldinox","https://paldinox.co.il/product/%d7%a1%d7%98-4-%d7%9e%d7%92%d7%a9%d7%99-%d7%9e%d7%aa%d7%9b%d7%aa-%d7%a2%d7%92%d7%95%d7%9c%d7%99%d7%9d-%d7%9c%d7%91%d7%9f-%d7%a8%d7%92%d7%9c%d7%99-%d7%9b%d7%93%d7%95%d7%a8-%d7%a7%d7%95%d7%98%d7%a8-27-5/","A","no_sku","",""
"2bNBw25ag0AVoLeFEIEQ","","בונבוניירת קריסטל עם מכסה – קולקציית CASABLANCA","215.23","כלי שולחן והגשה","paldinox","https://paldinox.co.il/product/18-%d7%91%d7%95%d7%a0%d7%91%d7%95%d7%a0%d7%99%d7%a8%d7%94-%d7%a7%d7%a8%d7%99%d7%a1%d7%98%d7%9c-%d7%95%d7%9e%d7%9b%d7%a1%d7%94-casablanca/","A","no_sku","",""
"310ObAN7SLyOEBcDwEM9","","מסגרת תמונה 4 תמונות בטיטניום","173.92","עיצוב הבית","paldinox","https://paldinox.co.il/product/%d7%9e%d7%a1%d7%92%d7%a8%d7%aa-4-%d7%aa%d7%9e%d7%95%d7%a0%d7%95%d7%aa-10x15-%d7%98%d7%99%d7%98%d7%a0%d7%99%d7%95%d7%9d-2/","A","no_sku","",""
"32eXpvaSFwVDNKD5IYNc","","קופסת פורצלן זהובה עם מכסה זכוכית","302.21","עיצוב הבית","paldinox","https://paldinox.co.il/product/%d7%a7%d7%95%d7%a4%d7%a1%d7%aa-%d7%a4%d7%95%d7%a8%d7%a6%d7%9c%d7%9f-%d7%96%d7%94%d7%91-%d7%9e%d7%9b%d7%a1%d7%94-%d7%96%d7%9b%d7%95%d7%9b%d7%99%d7%aa-%d7%a2%d7%99%d7%98%d7%95%d7%a8-%d7%96%d7%94%d7%91/","A","no_sku","",""
"3B8JyxkNF4l7u4mOfLJ6","","קנקן זכוכית עם פסים וברז נירוסטה – 1.7 ליטר","84.8","כלי שולחן והגשה","paldinox","https://paldinox.co.il/product/1-7-%d7%9c%d7%99%d7%98%d7%a8-%d7%a7%d7%a0%d7%a7%d7%9f-%d7%96%d7%9b%d7%95%d7%9b%d7%99%d7%aa-%d7%a4%d7%a1%d7%99%d7%9d-%d7%9e%d7%9b%d7%a1%d7%94-%d7%a0%d7%99%d7%a8%d7%95%d7%a1%d7%98%d7%94-%d7%96%d7%94/","A","no_sku","",""
"3DJMcIsVL1jZdxwi80S6","","קערה לפונטש בסיס רחב – זהב","435.76","כלי שולחן והגשה","paldinox","https://paldinox.co.il/product/%d7%a7%d7%a2%d7%a8%d7%94-%d7%9c%d7%a4%d7%95%d7%a0%d7%98%d7%a9-%d7%91%d7%a1%d7%99%d7%a1-38-%d7%a1%d7%9e-%d7%96%d7%94%d7%91/","A","no_sku","",""
"3OLOPgvnT2ynVdo73jW3","","מגש מלבני זכוכית Ella Grey – 39×13.5 ס""מ","84.8","כלי שולחן והגשה","paldinox","https://paldinox.co.il/product/ella-grey-%d7%9e%d7%92%d7%a9-%d7%9e%d7%9c%d7%91%d7%a0%d7%99-%d7%96%d7%9b%d7%95%d7%9b%d7%99%d7%aa-39-13-5-%d7%a1%d7%9e/","A","no_sku","",""
"3UXuFs1kxaVxvH8TUNzH","","סט 18 זר גלדיולות לבן מלאכותי","1956.7","עיצוב הבית","paldinox","https://paldinox.co.il/product/h56-%d7%a1%d7%98-18-%d7%96%d7%a8-%d7%92%d7%9c%d7%93%d7%99%d7%95%d7%9c%d7%94-%d7%9c%d7%91%d7%9f/","A","no_sku","",""
"3V6qEEN4ak8lJRW6MSoI","","הוריקן עץ וזכוכית לנר – גובה 30 ס""מ","345.68","עיצוב הבית","paldinox","https://paldinox.co.il/product/h30-%d7%a1%d7%9e-%d7%94%d7%95%d7%a8%d7%99%d7%a7%d7%9f-%d7%a2%d7%a5-%d7%96%d7%9b%d7%95%d7%9b%d7%99%d7%aa4-2/","A","no_sku","",""
"3bmONw9zEnJZLJ82G4aT","","עששית עגולה מתכת שחורה","43.49","עיצוב הבית","paldinox","https://paldinox.co.il/product/h9-5d8-5-%d7%a2%d7%a9%d7%a9%d7%99%d7%aa-%d7%a2%d7%92%d7%95%d7%9c%d7%94-%d7%9e%d7%aa%d7%9b%d7%aa-%d7%a9%d7%97%d7%95%d7%a8-2/","A","no_sku","",""
"3eymHg1xI1VxkzPdaqKy","","זוג עציצי סחלב סגולים","367.42","עיצוב הבית","paldinox","https://paldinox.co.il/product/h65-%d7%96%d7%95%d7%92-%d7%a2%d7%a6%d7%99%d7%a5-%d7%a1%d7%97%d7%9c%d7%91-%d7%a1%d7%92%d7%95%d7%9c-2/","A","no_sku","",""
"4BZHM00kMJwxCruefCcu","","עגלת הגשה 4 קומות עגולה לבן","847.89","כלי שולחן והגשה","paldinox","https://paldinox.co.il/product/%d7%a1%d7%984-%d7%a2%d7%92%d7%9c%d7%94-%d7%9c%d7%99%d7%a8%d7%a7%d7%95%d7%aa-%d7%a2%d7%92%d7%95%d7%9c%d7%94-4%d7%a7%d7%95%d7%9e%d7%95%d7%aa-%d7%9c%d7%91%d7%9f-2/","A","no_sku","",""
"4bSDjGF2mPSR7RBG6a8e","","סט 6 כוסות זכוכית אמבר בעיצוב יהלום עם פס זהב","193.5","כלי שולחן והגשה","paldinox","https://paldinox.co.il/product/320-%d7%9e%d7%9c-%d7%a1%d7%98-6-%d7%9b%d7%95%d7%a1%d7%95%d7%aa-%d7%96%d7%9b%d7%95%d7%9b%d7%99%d7%aa-%d7%90%d7%9e%d7%91%d7%a8-%d7%a6%d7%95%d7%a8%d7%aa-%d7%99%d7%94%d7%9c%d7%95%d7%9d/","A","no_sku","",""
"4hMI7EQOJsdqruB0orF1","","סט קריסטל לחתן וכלה – פמוטים וכוס קידוש","410.91","כלי שולחן והגשה","paldinox","https://paldinox.co.il/product/%d7%a1%d7%98-%d7%a7%d7%a8%d7%99%d7%a1%d7%98%d7%9c-%d7%9c%d7%9b%d7%9c%d7%94-%d7%96%d7%95%d7%92-%d7%a4%d7%9e%d7%95%d7%98%d7%99%d7%9d-%d7%9b%d7%95%d7%a1-%d7%a7%d7%99%d7%93%d7%95%d7%a9-%d7%9e%d7%92%d7a--2/","A","no_sku","",""
"4mj8SPQVZPj1g8aExnEY","","קערה על רגל עם ציפוי צדף פנינה – אלומיניום","226.48","כלי שולחן והגשה","paldinox","https://paldinox.co.il/product/%d7%a7%d7%a2%d7%a8%d7%94-%d7%a2%d7%9c-%d7%a8%d7%92%d7%9c-%d7%a6%d7%99%d7%a4%d7%95%d7%99-%d7%a6%d7%93%d7%a3-%d7%a4%d7%a0%d7%99%d7%a0%d7%94-%d7%a7%d7%95%d7%98%d7%a8-30-%d7%a1%d7%9e-%d7%92%d7%95%d7%91/","A","no_sku","",""
"4s2Ace4v2YGw1KYEht0r","","סט 2 צלחות מתכת עגולות שחור – 30 ו-25 ס""מ","97.84","כלי שולחן והגשה","paldinox","https://paldinox.co.il/product/%d7%a1%d7%98-2-%d7%a6%d7%9c%d7%97%d7%95%d7%aa-%d7%9e%d7%aa%d7%9b%d7%aa-%d7%a2%d7%92%d7%95%d7%9c%d7%95%d7%aa-%d7%a9%d7%97%d7%95%d7%a8-%d7%a7%d7%95%d7%98%d7%a8-30-25-%d7%a1%d7%9e-2/","A","no_sku","",""
"4y2kDdb8NfLchB3PNPzE","","מגש ענתיק כסף עם עיטור רימון","304.39","כלי שולחן והגשה","paldinox","https://paldinox.co.il/product/5837-%d7%9e%d7%92%d7%a9-%d7%a2%d7%a0%d7%aa%d7%99%d7%a7-%d7%a6%d7%99%d7%a4%d7%95%d7%99-%d7%9b%d7%a1%d7%a3-%d7%a8%d7%99%d7%9e%d7%95%d7%9f-2/","A","no_sku","",""
"5JoMFEybiAffRDAi98ax","","מעמד קומותיים עגול בניקל","195.96","עיצוב הבית","paldinox","https://paldinox.co.il/product/h34d20-%d7%9e%d7%a2%d7%9e%d7%93-%d7%a7%d7%95%d7%9e%d7%95%d7%aa%d7%99%d7%99%d7%9d-%d7%a2%d7%92%d7%95%d7%9c-%d7%a0%d7%99%d7%a7%d7%9c/","A","no_sku","",""
"5fcISMjxhZ92SSi0Abtz","","קופסת טישו בטקסטורת נחל בז' עם מכסה זכוכית","315.84","עיצוב הבית","paldinox","https://paldinox.co.il/product/%d7%a7%d7%95%d7%a4%d7%a1%d7%90-%d7%9c%d7%98%d7%99%d7%a9%d7%95-%d7%91%d7%a1%d7%99%d7%a1-%d7%97%d7%9c%d7%95%d7%a7%d7%99-%d7%a0%d7%97%d7%9c-%d7%91%d7%96-%d7%9e%d7%9b%d7%a1%d7%94-%d7%96%d7%9b%d7%95/","A","no_sku","",""
"5v3nvjxoXrljoHmZvCH5","","סט 6 חבקי מפיות יהלום זהב","150.01","כלי שולחן והגשה","paldinox","https://paldinox.co.il/product/%d7%a1%d7%986-%d7%97%d7%91%d7%a7%d7%99%d7%9d-%d7%9c%d7%9e%d7%a4%d7%99%d7%95%d7%aa-%d7%99%d7%94%d7%9c%d7%95%d7%9e%d7%99%d7%9d-%d7%96%d7%94%d7%91-4-3%d7%a1%d7%9e-2/","A","no_sku","",""
"5zDDG5lLdqXsAmDS77bl","","מעמד לנר סגור מברזל","108.74","עיצוב הבית","paldinox","https://paldinox.co.il/product/h17-%d7%9e%d7%a2%d7%9e%d7%93-%d7%9c%d7%a0%d7%a8-%d7%a1%d7%92%d7%95%d7%a8-%d7%91%d7%a8%d7%96%d7%9c-9-5-%d7%a1%d7%9e16-2/","A","no_sku","",""
"63ynuIqrmxHkCWmRRD61","","בונבוניירה קריסטל סדרת CASABLANCA","323.93","כלי שולחן והגשה","paldinox","https://paldinox.co.il/product/24-5-%d7%91%d7%95%d7%a0%d7%91%d7%95%d7%a0%d7%99%d7%a8%d7%94-%d7%a7%d7%a8%d7%99%d7%a1%d7%98%d7%9c-%d7%a8%d7%92%d7%9c-%d7%9e%d7%9b%d7%a1%d7%94-casablanca/","A","no_sku","",""
"64KA2i4oUouEUNOAbBI2","","מגש אלומיניום בגימור זהב","174.16","כלי שולחן והגשה","paldinox","https://paldinox.co.il/product/%d7%9e%d7%92%d7%a9-%d7%90%d7%9c%d7%95%d7%9e%d7%99%d7%a0%d7%99%d7%95%d7%9d-%d7%96%d7%94%d7%91-44-5-17-5-%d7%92%d7%95%d7%91%d7%94-2-5-%d7%a1%d7%9e/","A","no_sku","",""
"6BfgSWzl2RrtKZLHlGGy","","קנקן תה לבן ROYAL WHITE 1.65 ליטר","410.91","כלי שולחן והגשה","paldinox","https://paldinox.co.il/product/1-65l-royal-white-%d7%a7%d7%a0%d7%a7%d7%9f-%d7%aa%d7%94-%d7%9c%d7%91%d7%9f-2/","A","no_sku","",""
"6E34uUiN9MJvb1u3W69N","","תחתית לצלחת קריסטל בגוון אמבר","108.72","כלי שולחן והגשה","paldinox","https://paldinox.co.il/product/%d7%aa%d7%97%d7%aa%d7%99%d7%aa-%d7%9c%d7%a6%d7%9c%d7%97%d7%aa-%d7%a7%d7%a8%d7%99%d7%a1%d7%98%d7%9c-%d7%90%d7%9e%d7%91%d7%a8-34-%d7%a1%d7%9e/","A","no_sku","",""
"6GEbAaAoOKbfuQSPoXS2","","קנקן זכוכית וזהב למים 1.5 ליטר","258.72","עיצוב הבית","paldinox","https://paldinox.co.il/product/h27-%d7%a7%d7%a0%d7%a7%d7%9f-%d7%9c%d7%9e%d7%99%d7%9d-%d7%96%d7%9b%d7%95%d7%9b%d7%99%d7%aa-%d7%96%d7%94%d7%91-1-5%d7%9c%d7%99%d7%98%d7%a8/","A","no_sku","",""
"6JGuCHnjCzN9iaDkupon","","רוקי מאפרה","258.72","כלי שולחן והגשה","paldinox","https://paldinox.co.il/product/%d7%a8%d7%95%d7%a7%d7%99-%d7%9e%d7%90%d7%a4%d7%a8%d7%94/","A","no_sku","",""
"6OiBaRwteb4szt22dHLm","","מגש הגשה מלבני מתכת זהב עם ידיות עגולות","283.14","כלי שולחן והגשה","paldinox","https://paldinox.co.il/product/%d7%9e%d7%92%d7%a9-%d7%9e%d7%aa%d7%9b%d7%aa-%d7%9e%d7%9c%d7%91%d7%a0%d7%99-%d7%96%d7%94%d7%91-%d7%99%d7%93%d7%99%d7%95%d7%aa-%d7%a2%d7%92%d7%95%d7%9c%d7%95%d7%aa-57-23%d7%a1%d7%9e-3/","A","no_sku","",""
"6RwutUQ2SE6xCTAnavH3","","אגרטל רוקי לעיצוב הבית","693.55","עיצוב הבית","paldinox","https://paldinox.co.il/product/%d7%a8%d7%95%d7%a7%d7%99-%d7%90%d7%92%d7%a8%d7%98%d7%9c-305/","A","no_sku","",""
"6VlstrRlHjOC6uIRZAj3","","מגש מלבני אלומיניום בעיצוב ערבסק זהב","102.22","כלי שולחן והגשה","paldinox","https://paldinox.co.il/product/%d7%9e%d7%92%d7%a9-%d7%9e%d7%9c%d7%91%d7%a0%d7%99-%d7%a2%d7%a8%d7%91%d7%a1%d7%a7-%d7%90%d7%9c%d7%95%d7%9e%d7%99%d7%a0%d7%99%d7%95%d7%9d-%d7%96%d7%94%d7%91-30-14-%d7%a1%d7%9e-2-%d7%a1%d7%9e/","A","no_sku","",""
"6ybqppLN8S1tDBlD2UWU","","קנקן מים Ipanema 2 ליטר","215.23","כלי שולחן והגשה","paldinox","https://paldinox.co.il/product/2-0%d7%9c-%d7%a7%d7%a0%d7%a7%d7%9f-%d7%9e%d7%99%d7%9d-ipanema-2/","A","no_sku","",""
"7TzckuAmK4gzbujeNU7j","","מלקחיים להגשת סלט/זהב","50.01","כלי שולחן והגשה","paldinox","https://paldinox.co.il/product/%d7%9e%d7%9c%d7%a7%d7%97%d7%99%d7%99%d7%9d-%d7%9c%d7%94%d7%92%d7%a9%d7%aa-%d7%a1%d7%9c%d7%98-%d7%96%d7%94%d7%91/","A","no_sku","",""
"7V7rIEUun4tR1IkN3gjD","","עציץ מתכת עגול אפור","163.26","עיצוב הבית","paldinox","https://paldinox.co.il/product/h15-%d7%a2%d7%a6%d7%99%d7%a5-%d7%9e%d7%aa%d7%9b%d7%aa-%d7%a2%d7%92%d7%95%d7%9c-%d7%90%d7%a4%d7%95%d7%a8-%d7%a7%d7%95%d7%98%d7%a8-19%d7%a1%d7%9e/","A","no_sku","",""
"7cGhxLhaGQChsXQtjaVA","","מגש מלבני מתכת בציפוי זהב","150.18","כלי שולחן והגשה","paldinox","https://paldinox.co.il/product/%d7%9e%d7%92%d7%a9-%d7%9e%d7%9c%d7%91%d7%a0%d7%99-%d7%9e%d7%aa%d7%9b%d7%aa-%d7%96%d7%94%d7%91-40-16/","A","no_sku","",""
"7iOXGiU23cQDv6lxSjCM","","עץ דקל ננסי לעיצוב הבית","652.23","עיצוב הבית","paldinox","https://paldinox.co.il/product/%d7%a2%d7%a5-%d7%93%d7%a7%d7%9c-%d7%a0%d7%a0%d7%a1%d7%99-150-%d7%a1%d7%9e/","A","no_sku","",""
"7pJTFp8nnkBaUUClNK6s","","מגש הגשה מתכת מלבני זהב עם ידיות","228.66","כלי שולחן והגשה","paldinox","https://paldinox.co.il/product/%d7%9e%d7%92%d7%a9-%d7%9e%d7%aa%d7%9b%d7%aa-%d7%9e%d7%9c%d7%91%d7%a0%d7%99-%d7%96%d7%94%d7%91-%d7%99%d7%93%d7%99%d7%95%d7%aa-48-27-%d7%a1%d7%9e-%d7%a4%d7%99%d7%a0%d7%95%d7%aa-%d7%9e%d7%a2%d7%95-2/","A","no_sku","",""
"7tjdQVVEbre63TXUPl7V","","מגש עוגה על רגל Royal White","432.64","כלי שולחן והגשה","paldinox","https://paldinox.co.il/product/royal-white-%d7%9e%d7%92%d7%a9-%d7%9c%d7%a2%d7%95%d7%92%d7%94-24%d7%a1%d7%9e-%d7%a2%d7%9c-%d7%a8%d7%92%d7%9c/","A","no_sku","",""
"87wZS3ssVCTF6B3c2wXe","","סט 4 קערות מתכת שחורות בשילוב שוליים זהב","215.58","כלי שולחן והגשה","paldinox","https://paldinox.co.il/product/%d7%a1%d7%98-4-%d7%a7%d7%a2%d7%a8%d7%95%d7%aa-%d7%9e%d7%aa%d7%9b%d7%aa-%d7%a0%d7%99%d7%a7%d7%9c-%d7%a9%d7%97%d7%95%d7%a8-%d7%a9%d7%95%d7%9c%d7%99%d7%99%d7%9d-%d7%96%d7%94%d7%91-12-5-12-5-%d7%92%d79-2/","A","no_sku","",""
"8I1gRbcCaiKXMtQGOtOy","","קנקן תה זכוכית שקופה עם מסנן וזהב – 1.5 ליטר","128.27","כלי שולחן והגשה","paldinox","https://paldinox.co.il/product/1-5-%d7%9c%d7%99%d7%98%d7%a8-%d7%a7%d7%a0%d7%a7%d7%9f-%d7%aa%d7%94-%d7%96%d7%9b%d7%95%d7%9b%d7%99%d7%aa-%d7%a9%d7%a7%d7%95%d7%a4%d7%94-%d7%9e%d7%9b%d7%a1%d7%94-%d7%95%d7%9e%d7%a1%d7%a0%d7%9f-%d7%96/","A","no_sku","",""
"8JKrTdB57bzyLiuar4MU","","סט קריסטל לכלה – פמוטים, כוס קידוש ומגש","410.91","כלי שולחן והגשה","paldinox","https://paldinox.co.il/product/%d7%a1%d7%98-%d7%a7%d7%a8%d7%99%d7%a1%d7%98%d7%9c-%d7%9c%d7%9b%d7%9c%d7%94-%d7%96%d7%95%d7%92-%d7%a4%d7%9e%d7%95%d7%98%d7%99%d7%9d-%d7%9b%d7%95%d7%a1-%d7%a7%d7%99%d7%93%d7%95%d7%a9-%d7%9e%d7%92%d7a--2/","A","no_sku","",""
"8S0bVJ2w7YEzo3wKY0cV","","קערת הגשה פרחונית סדרת FLORAL","497.89","כלי שולחן והגשה","paldinox","https://paldinox.co.il/product/floral-%d7%a7%d7%a2%d7%a8%d7%94-360-7375/","A","no_sku","",""
"8gDwr8m1MZmM9LJ3ePUs","","אגרטל מתכת שחור לעיצוב בית","653.76","עיצוב הבית","paldinox","https://paldinox.co.il/product/h82-%d7%90%d7%92%d7%a8%d7%98%d7%9c-%d7%9e%d7%aa%d7%9b%d7%aa-%d7%a9%d7%97%d7%95%d7%a8-%d7%a7%d7%95%d7%98%d7%a8-35%d7%a1%d7%9e/","A","no_sku","",""
"8xgpKdiCsE7LyrsJBmuX","","סט 6 כוסות אספרסו ליליק בגוון לילך – New Bone China","347.86","כלי שולחן והגשה","paldinox","https://paldinox.co.il/product/%d7%a1%d7%98-6-%d7%9b%d7%95%d7%a1-%d7%90%d7%a1%d7%a4%d7%a8%d7%a1%d7%95-%d7%a2%d7%9d-%d7%aa%d7%97%d7%aa%d7%99%d7%aa-lily-%d7%9c%d7%99%d7%9c%d7%9a-80-%d7%9e%d7%9c-new-bone-china/","A","no_sku","",""
"8y6GhM33UNWF9mgtynFK","","קנקן תה Royal White בנפח 0.9 ליטר – צבע לבן","358.74","כלי שולחן והגשה","paldinox","https://paldinox.co.il/product/0-9l-royal-white-%d7%a7%d7%a0%d7%a7%d7%9f-%d7%9c%d7%aa%d7%94-%d7%9c%d7%91%d7%9f/","A","no_sku","",""
"981cLhbvLMXND7Wxok13","","זוג נרות ריחניים שחור טל בגן","141.33","עיצוב הבית","paldinox","https://paldinox.co.il/product/915-%d7%96%d7%95%d7%92-%d7%a0%d7%a8-%d7%a8%d7%99%d7%97%d7%a0%d7%99-%d7%a9%d7%97%d7%95%d7%a8-%d7%98%d7%9c-%d7%91%d7%92%d7%9f-2/","A","no_sku","",""
"98qWvHb2fDylS1PKm4Ey","","זוג עציצי סחלב קרמיים לבן","584.85","עיצוב הבית","paldinox","https://paldinox.co.il/product/%d7%96%d7%95%d7%92-%d7%a2%d7%a6%d7%99%d7%a6%d7%99%d7%9d-%d7%a7%d7%a8%d7%9e%d7%99%d7%99%d7%9d-%d7%a9%d7%9c-%d7%a1%d7%97%d7%9c%d7%91-%d7%9c%d7%91%d7%9f-%d7%92%d7%95%d7%91%d7%94-82-%d7%a1%d7%9e/","A","no_sku","",""
"AKZWsiOHwSoktspzDQmN","","H15 סט 3 צנצנות זכוכית אפורה מכסה נירוסטה 0.85ל D10","141.29","עיצוב הבית","paldinox","https://paldinox.co.il/product/h15-%d7%a1%d7%98-3-%d7%a6%d7%a0%d7%a6%d7%a0%d7%95%d7%aa-%d7%96%d7%9b%d7%95%d7%9b%d7%99%d7%aa-%d7%90%d7%a4%d7%95%d7%a8%d7%94-%d7%9e%d7%9b%d7%a1%d7%94-%d7%a0%d7%99%d7%a8%d7%95%d7%a1%d7%98%d7%94-0-85-2/","A","no_sku","",""
"AUodrsYtkKCkYgOLXoBP","","מגש מלבני ערבסק כפרי בציפוי קרמי בז' על רגל אלומיניום","457.56","כלי שולחן והגשה","paldinox","https://paldinox.co.il/product/%d7%9e%d7%92%d7%a9-%d7%9e%d7%9c%d7%91%d7%a0%d7%99-%d7%a2%d7%a8%d7%91%d7%a1%d7%a7-%d7%9b%d7%a4%d7%a8%d7%99-%d7%a6%d7%99%d7%a4%d7%95%d7%99-%d7%a7%d7%a8%d7%9e%d7%99-%d7%91%d7%96-%d7%a2%d7%9c-%d7%a8/","A","no_sku","",""
"AgY12FlBpXpIUefIenKx","","סט 4 קעריות מרק Love Birds בגוון ירוק","519.62","כלי שולחן והגשה","paldinox","https://paldinox.co.il/product/love-birds-%d7%a1%d7%98-4-%d7%a7%d7%a2%d7%a8%d7%99%d7%95%d7%aa-%d7%9c%d7%9e%d7%a8%d7%a7-%d7%99%d7%a8%d7%95%d7%a7-%d7%a7%d7%95%d7%98%d7%a8-15-%d7%a1%d7%9e-2/","A","no_sku","",""
"C0VCuXktTj08GfqvHFgb","","סט 4 עגלות הגשה תלת-קומתיות","932.69","כלי שולחן והגשה","paldinox","https://paldinox.co.il/product/%d7%a1%d7%98-4-%d7%a2%d7%92%d7%9c%d7%94-%d7%9c%d7%99%d7%a8%d7%a7%d7%95%d7%aa-3-%d7%a7%d7%95%d7%9e%d7%95%d7%aa-%d7%92%d7%95%d7%91%d7%94-76-%d7%a1%d7%9e/","A","no_sku","",""
"C0jPYizPt2yyj5kcAVbX","","מכסה סיר זכוכית עם ידית סיליקון","54.43","עיצוב הבית","paldinox","https://paldinox.co.il/product/%d7%9e%d7%9b%d7%a1%d7%94-%d7%9c%d7%a1%d7%99%d7%a8-x1837k-%d7%96%d7%9b%d7%95%d7%9b%d7%99%d7%aa-%d7%a1%d7%99%d7%9c%d7%99%d7%a7%d7%95%d7%9f-%d7%99%d7%93%d7%99%d7%aa-d24-2/","A","no_sku","",""
"CHyUZlikfcsPwp3kBliE","","סט 18 זרי אגלאיה בגוון כתום","584.83","עיצוב הבית","paldinox","https://paldinox.co.il/product/%d7%a1%d7%98-18-%d7%96%d7%a8-%d7%90%d7%92%d7%9c%d7%90%d7%99%d7%94-%d7%9b%d7%aa%d7%95%d7%9d-%d7%92%d7%95%d7%91%d7%94-43-%d7%a1%d7%9e/","A","no_sku","",""
"CLZXC4weMJ6Ng85J21FS","","h11 עציץ מתכת עגול זהב קוטר 14סמ","108.76","עיצוב הבית","paldinox","https://paldinox.co.il/product/h11-%d7%a2%d7%a6%d7%99%d7%a5-%d7%9e%d7%aa%d7%9b%d7%aa-%d7%a2%d7%92%d7%95%d7%9c-%d7%96%d7%94%d7%91-%d7%a7%d7%95%d7%98%d7%a8-14%d7%a1%d7%9e-2/","A","no_sku","",""
"CkSp9yoDyhvNKzubkXmy","","צלחת עוגה קריסטל ORIGAMI","71.74","כלי שולחן והגשה","paldinox","https://paldinox.co.il/product/22-19-%d7%a6%d7%9c%d7%97%d7%aa-%d7%a2%d7%95%d7%92%d7%94-%d7%a7%d7%a8%d7%99%d7%a1%d7%98%d7%9c-origami/","A","no_sku","",""
"CoOzsUmYSp1GTcqnrayx","","סט מלח, פלפל, שמן וחומץ שחור מט על מעמד זהב","184.8","כלי שולחן והגשה","paldinox","https://paldinox.co.il/product/%d7%a1%d7%98-%d7%9e%d7%9c%d7%97-%d7%a4%d7%9c%d7%a4%d7%9c-%d7%a9%d7%9e%d7%9f-%d7%97%d7%95%d7%9e%d7%a5-%d7%a9%d7%97%d7%95%d7%a8-%d7%9e%d7%98-%d7%a2%d7%9c-%d7%9e%d7%a2%d7%9e%d7%93-%d7%a0%d7%99%d7%a8/","A","no_sku","",""
"CpmOcwQLfMc6K657brz1","","מגש עץ בעיצוב סירה עם פסים","104.4","כלי שולחן והגשה","paldinox","https://paldinox.co.il/product/%d7%9e%d7%92%d7%a9-%d7%a1%d7%99%d7%a8%d7%94-%d7%a2%d7%a5-%d7%a4%d7%a1%d7%99%d7%9d-35-5-11-%d7%92%d7%95%d7%91%d7%94-4-5-%d7%a1%d7%9e/","A","no_sku","",""
"CxfJ5LUUHHxxbAqoNZ4V","","מגש מלבני מתכת זהב – 40×16 ס""מ","150.18","כלי שולחן והגשה","paldinox","https://paldinox.co.il/product/%d7%9e%d7%92%d7%a9-%d7%9e%d7%9c%d7%91%d7%a0%d7%99-%d7%9e%d7%aa%d7%9b%d7%aa-%d7%96%d7%94%d7%91-40-16-2/","A","no_sku","",""
"D521F5K6N6FxvctgrSeT","","מגש בעיצוב ערבסק – אלומיניום זהוב על בסיס עץ","361.62","כלי שולחן והגשה","paldinox","https://paldinox.co.il/product/%d7%9e%d7%92%d7%a9-%d7%9e%d7%a8%d7%95%d7%91%d7%a2-%d7%a2%d7%9c-%d7%91%d7%a1%d7%99%d7%a1-%d7%a2%d7%a5-%d7%a2%d7%a8%d7%91%d7%a1%d7%a7-%d7%90%d7%9c%d7%95%d7%9e%d7%99%d7%a0%d7%99%d7%95%d7%9d-%d7%96%d7%94/","A","no_sku","",""
"DCCHLcYoFCUt4k1km4UI","","קערית עגולה על רגל בעיצוב טרוורטין","41.31","כלי שולחן והגשה","paldinox","https://paldinox.co.il/product/%d7%a7%d7%a2%d7%a8%d7%99%d7%aa-%d7%93%d7%9e%d7%95%d7%99-%d7%98%d7%a8%d7%95%d7%95%d7%a8%d7%98%d7%99%d7%9f-%d7%a2%d7%92%d7%95%d7%9c%d7%94-%d7%a2%d7%9c-%d7%a8%d7%92%d7%9c-%d7%a7%d7%95%d7%98%d7%a8-12-5/","A","no_sku","",""
"DPWnW7yRY7CD7O9Ml5BP","","עץ דקל ננסי – 150 ס""מ","652.23","עיצוב הבית","paldinox","https://paldinox.co.il/product/h150-%d7%a2%d7%a6%d7%99%d7%a5-%d7%93%d7%a7%d7%9c-%d7%a0%d7%a0%d7%a1%d7%99/","A","no_sku","",""
"DuBIfPzhzAj23fFNLsdb","","שמפנירה טבעות בציפוי זהב","250.44","עיצוב הבית","paldinox","https://paldinox.co.il/product/h27-%d7%a9%d7%9e%d7%a4%d7%a0%d7%99%d7%a8%d7%94-%d7%98%d7%91%d7%a2%d7%95%d7%aa-%d7%96%d7%94%d7%91/","A","no_sku","",""
"E9lB0nrOmowoBqhdpUQW","","סט 6 צלחות עוגה Athen Floral לבן וזהב – New Bone China","239.56","כלי שולחן והגשה","paldinox","https://paldinox.co.il/product/%d7%a1%d7%98-6-%d7%a6%d7%9c%d7%97%d7%95%d7%aa-%d7%a2%d7%95%d7%92%d7%94-athen-floral-%d7%9c%d7%91%d7%9f-%d7%96%d7%94%d7%91-%d7%a7%d7%95%d7%98%d7%a8-15-6-%d7%a1%d7%9e-new-bone-china/","A","no_sku","",""
"EBhlKmCjMsjBQz4RYTC8","","סט 4 עגלות הגשה עגולות זהב 3 קומות","1019.65","כלי שולחן והגשה","paldinox","https://paldinox.co.il/product/%d7%a1%d7%98-4-%d7%a2%d7%92%d7%9c%d7%94-%d7%9c%d7%99%d7%a8%d7%a7%d7%95%d7%aa-%d7%a2%d7%92%d7%95%d7%9c%d7%94-3-%d7%a7%d7%95%d7%9e%d7%95%d7%aa-%d7%96%d7%94%d7%91-%d7%92%d7%95%d7%91%d7%94-80-%d7%a1/","A","no_sku","",""
"EJoB6GBv1nWeG6P93hvj","","מנורת שולחן מדורגת שחור וזהב","2152.38","עיצוב הבית","paldinox","https://paldinox.co.il/product/h73-%d7%9e%d7%a0%d7%95%d7%a8%d7%aa-%d7%a9%d7%95%d7%9c%d7%97%d7%9f-%d7%9e%d7%93%d7%95%d7%a8%d7%92%d7%aa-%d7%a9%d7%97%d7%95%d7%a8-%d7%96%d7%94%d7%91-d50-2/","A","no_sku","",""
"EJwYzN4oVABtwXLhkDmc","","מגש מתכת בעיצוב עלה זהב","106.58","כלי שולחן והגשה","paldinox","https://paldinox.co.il/product/%d7%9e%d7%92%d7%a9-%d7%9e%d7%aa%d7%9b%d7%aa-%d7%a2%d7%9c%d7%94-%d7%96%d7%94%d7%91-32-13%d7%a1%d7%9e/","A","no_sku","",""
"EVrWhwAPGJaKrrtBbLol","","סט 6 כוסות זכוכית עם קישוט במבוק","150.01","כלי שולחן והגשה","paldinox","https://paldinox.co.il/product/%d7%a1%d7%98-6-%d7%9b%d7%95%d7%a1%d7%95%d7%aa-%d7%96%d7%9b%d7%95%d7%9b%d7%99%d7%aa-%d7%a9%d7%a7%d7%95%d7%a4%d7%94-%d7%a4%d7%a1%d7%99%d7%9d-350-%d7%9e%d7%9c-%d7%95%d7%a7%d7%99%d7%a9%d7%95%d7%98/","A","no_sku","",""
"EXCCJeMOTwXjcNm8odez","","מגש מרובע מתכת זהב פעמון זכוכית שקוף גובה 20 ס”מ 23/23 ס”מ","335.46","כלי שולחן והגשה","paldinox","https://paldinox.co.il/product/h20-23-23-%d7%9e%d7%92%d7%a9-%d7%9e%d7%9c%d7%91%d7%a0%d7%99-%d7%9e%d7%aa%d7%9b%d7%aa-%d7%96%d7%94%d7%91-%d7%a4%d7%a2%d7%9e%d7%95%d7%9f-%d7%96%d7%9b%d7%95%d7%9b%d7%99%d7%aa-%d7%a9%d7%a7%d7%95%d7%a3/","A","no_sku","",""
"Edw17dLpo3kt2Pym1jE6","","פמוט עץ טבעי","152.19","עיצוב הבית","paldinox","https://paldinox.co.il/product/h38-%d7%a4%d7%9e%d7%95%d7%98-%d7%a2%d7%a5-2/","A","no_sku","",""
"Ew2fEikB5V19HDXASPlt","","זוג קערות פולירזין אפור לשולחן שבת","651.56","כלי שולחן והגשה","paldinox","https://paldinox.co.il/product/%d7%96%d7%95%d7%92-%d7%a7%d7%a2%d7%a8%d7%95%d7%aa-%d7%a4%d7%95%d7%9c%d7%99%d7%a8%d7%96%d7%99%d7%9f-%d7%90%d7%a4%d7%95%d7%a8-%d7%a7%d7%95%d7%98%d7%a8-37-5-%d7%92%d7%95%d7%91%d7%94-10-%d7%a1%d7%9e/","A","no_sku","",""
"F1b876MbrKImfl4GJnda","","סט 6 מאגים Heritage בגוון טורקיז","454.27","כלי שולחן והגשה","paldinox","https://paldinox.co.il/product/heritage-%d7%a1%d7%98-6-%d7%9e%d7%90%d7%92-300-%d7%9e%d7%9c-%d7%98%d7%95%d7%a8%d7%a7%d7%99%d7%96/","A","no_sku","",""
"F3K0B7UuXMDGrpy3ZG3o","","סט 4 דיפיוזרים וניל זכוכית עם עיצוב מעויינים","215.23","עיצוב הבית","paldinox","https://paldinox.co.il/product/%d7%a1%d7%98-4-%d7%93%d7%99%d7%a4%d7%99%d7%95%d7%96%d7%a8%d7%99%d7%9d-%d7%95%d7%a0%d7%99%d7%9c-150-%d7%9e%d7%9c-%d7%9e%d7%a2%d7%95%d7%99%d7%99%d7%a0%d7%99%d7%9d-%d7%96%d7%9b%d7%95%d7%9b%d7%99%d7%aa/","A","no_sku","",""
"F6im70IZTS0khIOKTbdt","","סט מלח ופלפל עם מעמד נירוסטה זהב","184.8","כלי שולחן והגשה","paldinox","https://paldinox.co.il/product/%d7%a1%d7%98-%d7%9e%d7%9c%d7%97-%d7%a4%d7%9c%d7%a4%d7%9c-%d7%a9%d7%9e%d7%9f-%d7%97%d7%95%d7%9e%d7%a5-%d7%9c%d7%91%d7%9f-%d7%a2%d7%9c-%d7%9e%d7%a2%d7%9e%d7%93-%d7%a0%d7%99%d7%a8%d7%95%d7%a1%d7%98/","A","no_sku","",""
"Fljgx8cuhJShHQ0Jjxqi","","קערת אפרה קראק","165.03","כלי שולחן והגשה","paldinox","https://paldinox.co.il/product/%d7%a7%d7%a8%d7%90%d7%a7-%d7%9e%d7%90%d7%a4%d7%a8%d7%94-152-2/","A","no_sku","",""
"FvxwRMvomXiEqCsdbho7","","סט 5 אגרטלי זכוכית שקופה בסטנד מתכת זהב","152.19","עיצוב הבית","paldinox","https://paldinox.co.il/product/%d7%97%d7%9e%d7%99%d7%a9%d7%99%d7%99%d7%aa-%d7%90%d7%92%d7%a8%d7%98%d7%9c%d7%99-%d7%96%d7%9b%d7%95%d7%9b%d7%99%d7%aa-%d7%a9%d7%a7%d7%95%d7%a4%d7%94-%d7%91%d7%a1%d7%98%d7%a0%d7%93-%d7%9e%d7%aa%d7%9b/","A","no_sku","",""
"G8wI4qOYn9IbZMnWS2t5","","אגרטל מתכת זהב 80 ס""מ","1193.59","עיצוב הבית","paldinox","https://paldinox.co.il/product/%d7%90%d7%92%d7%a8%d7%98%d7%9c-%d7%9e%d7%aa%d7%9b%d7%aa-%d7%96%d7%94%d7%91-41-5-41-5-%d7%92%d7%95%d7%91%d7%94-77-%d7%a1%d7%9e/","A","no_sku","",""
"GK5unyddZWf4OfjIQsdo","","סט 24 זרי פרי דקל בגווני ירוק וחום","758.77","עיצוב הבית","paldinox","https://paldinox.co.il/product/%d7%a1%d7%98-24-%d7%96%d7%a8-%d7%a4%d7%a8%d7%99-%d7%94%d7%93%d7%a7%d7%9c-%d7%99%d7%a8%d7%95%d7%a7-%d7%95%d7%97%d7%95%d7%9d-%d7%92%d7%95%d7%91%d7%94-78-%d7%a1%d7%9e/","A","no_sku","",""
"Gw3P7HbsmX8KVUB2TEEV","","מעמד קומותיים מלבני בצבע זהב","250.44","עיצוב הבית","paldinox","https://paldinox.co.il/product/h28-%d7%9e%d7%a2%d7%9e%d7%93-%d7%a7%d7%95%d7%9e%d7%95%d7%aa%d7%99%d7%99%d7%9d-%d7%9e%d7%9c%d7%91%d7%a0%d7%99-%d7%96%d7%94%d7%91-30-14%d7%a1%d7%9e/","A","no_sku","",""
"H1vn9PZ4Fx8oG5l4ilEC","","קערת זכוכית על רגל Ella – אפור","119.57","כלי שולחן והגשה","paldinox","https://paldinox.co.il/product/ella-grey-%d7%a7%d7%a2%d7%a8%d7%94-%d7%a2%d7%9c-%d7%a8%d7%92%d7%9c-%d7%96%d7%9b%d7%95%d7%9b%d7%99%d7%aa-%d7%a7%d7%95%d7%98%d7%a8-26-%d7%92%d7%95%d7%91%d7%94-10-5-%d7%a1%d7%9e/","A","no_sku","",""
"H8ahLbVpUiKOgGYLOTIC","","Pip Chique סט 6 צלחות מנה ראשונה ירוק זהב קוטר 23 ס”מ","502.23","כלי שולחן והגשה","paldinox","https://paldinox.co.il/product/pip-chique-%d7%a1%d7%98-6-%d7%a6%d7%9c%d7%97%d7%95%d7%aa-%d7%9e%d7%a0%d7%94-%d7%a8%d7%90%d7%a9%d7%95%d7%a0%d7%94-%d7%99%d7%a8%d7%95%d7%a7-%d7%96%d7%94%d7%91-%d7%a7%d7%95%d7%98%d7%a8-23-%d7%a1%d7%9e/","A","no_sku","",""
"HJnuRzqAiqHU3SN60XBl","","סט 6 צלחות La Majorelle ורוד עם עגורים","497.89","כלי שולחן והגשה","paldinox","https://paldinox.co.il/product/la-majorelle-%d7%a1%d7%98-6-%d7%a6%d7%9c%d7%97%d7%95%d7%aa-21-%d7%a1%d7%9e-%d7%95%d7%a8%d7%95%d7%93-%d7%a2%d7%92%d7%95%d7%a8%d7%99%d7%9d/","A","no_sku","",""
"HLrcYIjsnQE3q5TfcT5b","","פמוט מתכת כחול מלכותי","376.66","עיצוב הבית","paldinox","https://paldinox.co.il/product/h36-%d7%a4%d7%9e%d7%95%d7%98-%d7%9e%d7%aa%d7%9b%d7%aa-%d7%9b%d7%97%d7%95%d7%9c-royal-white-2/","A","no_sku","",""
"HQKZ7RhB0is5TOtNR7O6","","מעמד קומותיים עגול בצבע זהב","195.96","עיצוב הבית","paldinox","https://paldinox.co.il/product/h34d20-%d7%9e%d7%a2%d7%9e%d7%93-%d7%a7%d7%95%d7%9e%d7%95%d7%aa%d7%99%d7%99%d7%9d-%d7%a2%d7%92%d7%95%d7%9c-%d7%96%d7%94%d7%91-2/","A","no_sku","",""
"HjzoCIoitpdkbuu8fvrA","","תבנית הגשה מלבנית Flower Festival בצבע כחול","271.65","כלי שולחן והגשה","paldinox","https://paldinox.co.il/product/flower-festival-%d7%aa%d7%91%d7%a0%d7%99%d7%aa-%d7%94%d7%92%d7%a9%d7%94-%d7%9e%d7%9c%d7%91%d7%a0%d7%99%d7%aa-27-5-18-5-%d7%a1%d7%9e-%d7%9b%d7%97%d7%95%d7%9c/","A","no_sku","",""
"I5KNGIbrrZOT9tJzy1yL","","זוג נרות ריחניים אמבר וריח רענן בטון חום ולבן גובה 6.6 ס”מ קוטר 16.2 ס”מ","215.23","עיצוב הבית","paldinox","https://paldinox.co.il/product/%d7%96%d7%95%d7%92-%d7%a0%d7%a8%d7%95%d7%aa-%d7%a8%d7%99%d7%97%d7%a0%d7%99%d7%99%d7%9d-%d7%90%d7%9e%d7%91%d7%a8-%d7%95%d7%a8%d7%99%d7%97-%d7%a8%d7%a2%d7%a0%d7%9f-%d7%91%d7%98%d7%95%d7%9f-%d7%97%d7%95/","A","no_sku","",""
"II6PQJ3HomK0vW417q39","","סט 6 כוסות אספרסו ורוד וצבעוני – New Bone China","335.5","כלי שולחן והגשה","paldinox","https://paldinox.co.il/product/%d7%a1%d7%98-6-%d7%9b%d7%95%d7%a1-%d7%90%d7%a1%d7%a4%d7%a8%d7%a1%d7%95-%d7%aa%d7%97%d7%aa%d7%99%d7%aa-pink-spring-%d7%95%d7%a8%d7%95%d7%93-%d7%a6%d7%91%d7%a2%d7%95%d7%a0%d7%99-80-%d7%9e%d7%9c-new-bon/","A","no_sku","",""
"IIWJXIcxMjIApIodenws","","h76 מנורת שולחן שחורה קריסטל זהב D40(2חל’)","1413.19","עיצוב הבית","paldinox","https://paldinox.co.il/product/h76-%d7%9e%d7%a0%d7%95%d7%a8%d7%aa-%d7%a9%d7%95%d7%9c%d7%97%d7%9f-%d7%a9%d7%97%d7%95%d7%a8%d7%94-%d7%a7%d7%a8%d7%99%d7%a1%d7%98%d7%9c-%d7%96%d7%94%d7%91-d402%d7%97%d7%9c/","A","no_sku","",""
"ILzfhVNUsVViNrRPtGwo","","h28 מעמד קומותיים מלבני זהב 30/14סמ","250.44","עיצוב הבית","paldinox","https://paldinox.co.il/product/h28-%d7%9e%d7%a2%d7%9e%d7%93-%d7%a7%d7%95%d7%9e%d7%95%d7%aa%d7%99%d7%99%d7%9d-%d7%9e%d7%9c%d7%91%d7%a0%d7%99-%d7%96%d7%94%d7%91-30-14%d7%a1%d7%9e-2/","A","no_sku","",""
"IeRJ992djMxLsXsUWzIp","","h9/22 מאפרה מרובעת לבנה עם מכסה קרמיקה ואריה זהב","236.99","עיצוב הבית","paldinox","https://paldinox.co.il/product/h9-22-%d7%9e%d7%90%d7%a4%d7%a8%d7%94-%d7%9e%d7%a8%d7%95%d7%91%d7%a2%d7%aa-%d7%9c%d7%91%d7%a0%d7%94-%d7%a2%d7%9d-%d7%9e%d7%9b%d7%a1%d7%94-%d7%a7%d7%a8%d7%9e%d7%99%d7%a7%d7%94-%d7%95%d7%90%d7%a8%d7%99/","A","no_sku","",""
"Ig6QPftHYpDhGEPu3M1g","","סט תחתיות על מעמד ניקל","84.8","כלי שולחן והגשה","paldinox","https://paldinox.co.il/product/%d7%9e%d7%a1%d7%98-%d7%aa%d7%97%d7%aa%d7%99%d7%95%d7%aa-%d7%a2%d7%9c-%d7%9e%d7%a2%d7%9e%d7%93-%d7%a0%d7%99%d7%a7%d7%9c-2/","A","no_sku","",""
"IgOn0IlT1WukU8rttnPm","","קערת מתכת עגולה על רגל קוטר 18 גובה 9 ס”מ","115.3","עיצוב הבית","paldinox","https://paldinox.co.il/product/h9d18-%d7%a7%d7%a2%d7%a8%d7%aa-%d7%9e%d7%aa%d7%9b%d7%aa-%d7%a2%d7%92%d7%95%d7%9c%d7%94-%d7%a2%d7%9c-%d7%a8%d7%92%d7%9c/","A","no_sku","",""
"IpEduxe6MrbpL9JUeMFM","","סט 5 פמוטים זהב על מגש עגול","628.32","עיצוב הבית","paldinox","https://paldinox.co.il/product/5-%d7%a4%d7%9e%d7%95%d7%98%d7%99-%d7%96%d7%94%d7%91-%d7%a2%d7%9c-%d7%9e%d7%92%d7%a9-%d7%a2%d7%92%d7%95%d7%9c-%d7%92%d7%95%d7%91%d7%94-88-5-%d7%a1%d7%9e-%d7%a7%d7%95%d7%98%d7%a8-22-%d7%a1%d7%9e/","A","no_sku","",""
"J1RwjzFqq0TPlJAQDXLY","","מעמד מתכת לנייר מטבח בז’ גובה 30 קוטר 16 ס”מ","54.35","כלי שולחן והגשה","paldinox","https://paldinox.co.il/product/%d7%9e%d7%a2%d7%9e%d7%93-%d7%9e%d7%aa%d7%9b%d7%aa-%d7%9c%d7%a0%d7%99%d7%99%d7%a8-%d7%9e%d7%98%d7%91%d7%97-%d7%91%d7%96-%d7%92%d7%95%d7%91%d7%94-30-%d7%a7%d7%95%d7%98%d7%a8-16-%d7%a1%d7%9e/","A","no_sku","",""
"J4j4UJmxxPRjYoqOP1l8","","סט 3 צנצנות זכוכית אחסון שחור מט וזהב","193.5","כלי שולחן והגשה","paldinox","https://paldinox.co.il/product/%d7%a1%d7%98-%d7%9e%d7%96%d7%95%d7%9f-%d7%9c%d7%97%d7%99%d7%a6%d7%aa-%d7%95%d7%90%d7%a7%d7%95%d7%9d-3-%d7%a6%d7%a0%d7%a6%d7%a0%d7%95%d7%aa-%d7%96%d7%9b%d7%95%d7%9b%d7%99%d7%aa-%d7%a9%d7%97%d7%95%d7%a8/","A","no_sku","",""
"JBi4aJMDEdctxLdoFWnH","","סט 6 צלחות מרק חאקי – Blush.Bird","445.16","כלי שולחן והגשה","paldinox","https://paldinox.co.il/product/blush-bird-%d7%a1%d7%986-%d7%a6%d7%9c%d7%97%d7%aa-%d7%9e%d7%a8%d7%a7-21-5%d7%a1%d7%9e-%d7%97%d7%90%d7%a7%d7%99/","A","no_sku","",""
"KUkNEQIEHmryhDUhXREH","","אגרטל עציץ מתכת בגוון זהב","1830.94","עיצוב הבית","paldinox","https://paldinox.co.il/product/h54d66-%d7%90%d7%92%d7%a8%d7%98%d7%9c-%d7%9c%d7%a2%d7%a6%d7%99%d7%a5-%d7%9e%d7%aa%d7%9b%d7%aa-%d7%96%d7%94%d7%91/","A","no_sku","",""
"KY19QSeT0PFlTW7KD8jG","","פסלון עץ על בסיס שחור","336.98","עיצוב הבית","paldinox","https://paldinox.co.il/product/h26-24-%d7%a4%d7%a1%d7%9c%d7%95%d7%9f-%d7%a9%d7%9c-%d7%a2%d7%a5-%d7%a2%d7%9c-%d7%91%d7%a1%d7%99%d7%a1-%d7%a9%d7%97%d7%95%d7%a8/","A","no_sku","",""
"Kc5i3mmXuzDZNgudHjFT","","מלקחיים לעוגה נירוסטה משונן ציפוי זהב","32.46","כלי שולחן והגשה","paldinox","https://paldinox.co.il/product/%d7%9e%d7%9c%d7%a7%d7%97%d7%99%d7%99%d7%9d-%d7%9c%d7%a2%d7%95%d7%92%d7%94-%d7%a0%d7%99%d7%a8%d7%95%d7%a1%d7%98%d7%94-%d7%9e%d7%a9%d7%95%d7%a0%d7%9f-%d7%a6%d7%99%d7%a4%d7%95%d7%99-%d7%96%d7%94%d7%91/","A","no_sku","",""
"KfIHFcRVr8brkILvzEDP","","מלקחיים לעוגה נירוסטה עם ציפוי זהב","32.46","כלי שולחן והגשה","paldinox","https://paldinox.co.il/product/%d7%9e%d7%9c%d7%a7%d7%97%d7%99%d7%99%d7%9d-%d7%9c%d7%a2%d7%95%d7%92%d7%94-%d7%a0%d7%99%d7%a8%d7%95%d7%a1%d7%98%d7%94-%d7%9e%d7%a9%d7%95%d7%a0%d7%9f-%d7%a6%d7%99%d7%a4%d7%95%d7%99-%d7%96%d7%94%d7%91-2/","A","no_sku","",""
"KfztJ8JESoD7xbeaa7hT","","קישוט פסנתר קריסטל בגוון ענבר ואפור","258.72","עיצוב הבית","paldinox","https://paldinox.co.il/product/%d7%a7%d7%99%d7%a9%d7%95%d7%98-%d7%a4%d7%a1%d7%a0%d7%aa%d7%a8-%d7%a7%d7%a8%d7%99%d7%a1%d7%98%d7%9c-%d7%a2%d7%a0%d7%91%d7%a8-%d7%a9%d7%99%d7%9c%d7%95%d7%91-%d7%90%d7%a4%d7%95%d7%a8-12-5-10-%d7%92%d7%95/","A","no_sku","",""
"KiKJV8S6U4y517o1Nd5a","","סט 4 עגלות הגשה 3 קומות זהב","1065.3","כלי שולחן והגשה","paldinox","https://paldinox.co.il/product/%d7%a1%d7%98-4-%d7%a2%d7%92%d7%9c%d7%94-%d7%9c%d7%99%d7%a8%d7%a7%d7%95%d7%aa-3-%d7%a7%d7%95%d7%9e%d7%95%d7%aa-%d7%96%d7%94%d7%91-%d7%92%d7%95%d7%91%d7%94-76-%d7%a1%d7%9e/","A","no_sku","",""
"L7g2YO98F5ZRoidZUhsE","","סט 6 כוסות ויסקי CASABLANCA","323.93","כלי שולחן והגשה","paldinox","https://paldinox.co.il/product/%d7%a1%d7%986-%d7%9b%d7%95%d7%a1-%d7%95%d7%99%d7%a1%d7%a7%d7%99-casablanca/","A","no_sku","",""
"LN1IHJJ0n6qq1WKyWP6M","","אגרטל מתכת Jolie בגוון ורוד","384.81","עיצוב הבית","paldinox","https://paldinox.co.il/product/jolie-%d7%90%d7%92%d7%a8%d7%98%d7%9c-%d7%9e%d7%aa%d7%9b%d7%aa-%d7%95%d7%a8%d7%95%d7%93-%d7%92%d7%95%d7%91%d7%94-33-%d7%a7%d7%95%d7%98%d7%a8-19-%d7%a1%d7%9e-home-decor/","A","no_sku","",""
"LYXqagvtjDz5ZCSoTBEy","","מגש הגשה מתכת בציפוי כסף עם שוליים זהב","211.2","כלי שולחן והגשה","paldinox","https://paldinox.co.il/product/%d7%9e%d7%92%d7%a9-%d7%9e%d7%aa%d7%9b%d7%aa-%d7%a6%d7%99%d7%a4%d7%95%d7%99-%d7%9b%d7%a1%d7%a3-%d7%a9%d7%95%d7%9c%d7%99%d7%99%d7%9d-%d7%96%d7%94%d7%91-36-23-5-%d7%92%d7%95%d7%91%d7%94-8-%d7%a1%d7%9e-2/","A","no_sku","",""
"Lg7HqJX8Uj3S0D3VcbWs","","סט 4 עגלות הגשה עגולות 4 קומות","847.89","כלי שולחן והגשה","paldinox","https://paldinox.co.il/product/%d7%a1%d7%98-4-%d7%a2%d7%92%d7%9c%d7%94-%d7%a2%d7%92%d7%95%d7%9c%d7%94-4-%d7%a7%d7%95%d7%9e%d7%95%d7%aa/","A","no_sku","",""
"LswtKdukgCRVG31uDX4X","","מעמד לעציץ עגול מתכת שחורה","128.27","עיצוב הבית","paldinox","https://paldinox.co.il/product/%d7%9e%d7%a2%d7%9e%d7%93-%d7%9c%d7%a2%d7%a6%d7%99%d7%a5-%d7%a2%d7%92%d7%95%d7%9c-%d7%9e%d7%aa%d7%9b%d7%aa-%d7%a9%d7%97%d7%95%d7%a8-%d7%92%d7%95%d7%91%d7%94-33-%d7%a1%d7%9e-%d7%a7%d7%95%d7%98%d7%a8-1/","A","no_sku","",""
"Luq0SJvKwkooa2EGgdLi","","מעמד קומותיים מתכת בגימור זהב עם פעמון זכוכית","457.56","עיצוב הבית","paldinox","https://paldinox.co.il/product/%d7%9e%d7%a2%d7%9e%d7%93-%d7%a7%d7%95%d7%9e%d7%95%d7%aa%d7%99%d7%99%d7%9d-%d7%9e%d7%aa%d7%9b%d7%aa-%d7%96%d7%94%d7%91-%d7%a4%d7%a2%d7%9e%d7%95%d7%9f-%d7%96%d7%9b%d7%95%d7%9b%d7%99%d7%aa-%d7%a9%d7%a7/","A","no_sku","",""
"MKDTixbBXIipOBfzvDeT","","סט 2 קערות Royal","650.05","כלי שולחן והגשה","paldinox","https://paldinox.co.il/product/royal-%d7%a1%d7%982-%d7%a7%d7%a2%d7%a8%d7%95%d7%aa-23%d7%a1%d7%9e6-2/","A","no_sku","",""
"MKPz9qv55cSh91rqSTzp","","La Majorelle סט6 צלחת 26.5סמ ורוד","525.05","כלי שולחן והגשה","paldinox","https://paldinox.co.il/product/la-majorelle-%d7%a1%d7%986-%d7%a6%d7%9c%d7%97%d7%aa-26-5%d7%a1%d7%9e-%d7%95%d7%a8%d7%95%d7%93/","A","no_sku","",""
"MPrd00s3xRPdNGDn40pj","","אגרטל מתכת שחור גבוה","1193.59","עיצוב הבית","paldinox","https://paldinox.co.il/product/%d7%90%d7%92%d7%a8%d7%98%d7%9c-%d7%9e%d7%aa%d7%9b%d7%aa-%d7%a9%d7%97%d7%95%d7%a8-41-5-41-5-%d7%92%d7%95%d7%91%d7%94-77-5-%d7%a1%d7%9e-2/","A","no_sku","",""
"MaAThjdGl5TV7WZxY1sT","","מעמד הגשה שיש לבן עם 3 קעריות בטבעת זהב","476.13","כלי שולחן והגשה","paldinox","https://paldinox.co.il/product/%d7%9e%d7%a2%d7%9e%d7%93-%d7%94%d7%92%d7%a9%d7%94-%d7%96%d7%94%d7%91-3-%d7%a7%d7%a2%d7%a8%d7%99%d7%95%d7%aa-%d7%a9%d7%99%d7%a9-%d7%9c%d7%91%d7%9f-%d7%91%d7%98%d7%91%d7%a2%d7%aa-%d7%92%d7%95%d7%91/","A","no_sku","",""
"MtPhb8PlwuBgOnGYpAQk","","סט תחתיות על מעמד ניקל","84.8","כלי שולחן והגשה","paldinox","https://paldinox.co.il/product/%d7%9e%d7%a1%d7%98-%d7%aa%d7%97%d7%aa%d7%99%d7%95%d7%aa-%d7%a2%d7%9c-%d7%9e%d7%a2%d7%9e%d7%93-%d7%a0%d7%99%d7%a7%d7%9c/","A","no_sku","",""
"N4XqJdKJItLP1t2ifW3E","","Ella ivory סט 4 צלחות מלבני זכוכית 24/17 ס”מ","163.06","כלי שולחן והגשה","paldinox","https://paldinox.co.il/product/ella-ivory-%d7%a1%d7%98-4-%d7%a6%d7%9c%d7%97%d7%95%d7%aa-%d7%9e%d7%9c%d7%91%d7%a0%d7%99-%d7%96%d7%9b%d7%95%d7%9b%d7%99%d7%aa-24-17-%d7%a1%d7%9e/","A","no_sku","",""
"NPsVSayuu4JjQyO7BUWS","","סט 3 צנצנות זכוכית אפורה עם מכסה נירוסטה – 1.5 ליטר","215.21","עיצוב הבית","paldinox","https://paldinox.co.il/product/h20-%d7%a1%d7%98-3-%d7%a6%d7%a0%d7%a6%d7%a0%d7%95%d7%aa-%d7%9e%d7%a8%d7%95%d7%91%d7%a2%d7%95%d7%aa-%d7%96%d7%9b%d7%95%d7%9b%d7%99%d7%aa-%d7%90%d7%a4%d7%95%d7%a8%d7%94-%d7%9e%d7%9b%d7%a1%d7%94-%d7%a0-2/","A","no_sku","",""
"NUGjh8YYA2cDRymcmVXp","","תיק עיצוב בגוון תכלת Royal","52.15","כלי שולחן והגשה","paldinox","https://paldinox.co.il/product/royal-%d7%aa%d7%99%d7%a7-%d7%aa%d7%9b%d7%9c%d7%aa-%d7%9e%d7%a2%d7%95%d7%a6%d7%91-3844-5/","A","no_sku","",""
"NYfgzsy6kRhMynIKddTf","","סט קריסטל לכלה – פמוטים, כוס קידוש ומגש בעיצוב ענבר","410.91","כלי שולחן והגשה","paldinox","https://paldinox.co.il/product/%d7%a1%d7%98-%d7%a7%d7%a8%d7%99%d7%a1%d7%98%d7%9c-%d7%9c%d7%9b%d7%9c%d7%94-%d7%96%d7%95%d7%92-%d7%a4%d7%9e%d7%95%d7%98%d7%99%d7%9d-%d7%9b%d7%95%d7%a1-%d7%a7%d7%99%d7%93%d7%95%d7%a9-%d7%9e%d7%92%d7a--2/","A","no_sku","",""
"NcEgbrrt8iYYnnfO224O","","מעמד לסכו”ם מתכת/ זהב פרח בסיס עץ","65.23","עיצוב הבית","paldinox","https://paldinox.co.il/product/%d7%9e%d7%a2%d7%9e%d7%93-%d7%9c%d7%a1%d7%9b%d7%95%d7%9d-%d7%9e%d7%aa%d7%9b%d7%aa-%d7%96%d7%94%d7%91-%d7%a4%d7%a8%d7%97-%d7%91%d7%a1%d7%99%d7%a1-%d7%a2%d7%a5/","A","no_sku","",""
"Nf9icwYA6lRO06jGl0eX","","סט 2 סלסלות אלומיניום מלבניות בצבע זהב עם ידיות","173.92","כלי שולחן והגשה","paldinox","https://paldinox.co.il/product/%d7%a1%d7%98-2-%d7%a1%d7%9c%d7%a1%d7%9c%d7%95%d7%aa-%d7%90%d7%9c%d7%95%d7%9e%d7%99%d7%a0%d7%99%d7%95%d7%9d-%d7%9e%d7%9c%d7%91%d7%a0%d7%99%d7%95%d7%aa-%d7%96%d7%94%d7%91-%d7%a2%d7%9d-%d7%99%d7%93%d7%99/","A","no_sku","",""
"NnnC5NluouklSbdwOj4h","","סט 3 צנצנות זכוכית ופורצלן עם מכסים ועיטורים זהב","497.89","כלי שולחן והגשה","paldinox","https://paldinox.co.il/product/%d7%a1%d7%98-3-%d7%a6%d7%a0%d7%a6%d7%a0%d7%95%d7%aa-%d7%a4%d7%95%d7%a8%d7%a6%d7%9c%d7%9f-%d7%95%d7%96%d7%9b%d7%95%d7%9b%d7%99%d7%aa-%d7%a2%d7%9c-%d7%9e%d7%92%d7%a9-%d7%90%d7%9c%d7%95-%d7%9e%d7%9b/","A","no_sku","",""
"NzuqnJqjPwLBAzUf8UqK","","אגרטל זכוכית שקופה עם פס זהב","84.8","עיצוב הבית","paldinox","https://paldinox.co.il/product/%d7%90%d7%92%d7%a8%d7%98%d7%9c-%d7%96%d7%9b%d7%95%d7%9b%d7%99%d7%aa-%d7%a9%d7%a7%d7%95%d7%a4%d7%94-%d7%a4%d7%a1-%d7%96%d7%94%d7%91-%d7%92%d7%95%d7%91%d7%94-23-%d7%a7%d7%95%d7%98%d7%a8-12-5-%d7%a1/","A","no_sku","",""
"OaMwJLJIKnUaEVXCgZXp","","שעון קיר לבן וזהב דיזיין מודרני – קוטר 50 ס""מ","389.15","עיצוב הבית","paldinox","https://paldinox.co.il/product/%d7%a9%d7%a2%d7%95%d7%9f-%d7%a7%d7%99%d7%a8-%d7%9c%d7%91%d7%9f-%d7%96%d7%94%d7%91-%d7%a7%d7%95%d7%98%d7%a8-50-%d7%a1%d7%9e-%d7%9e%d7%a1%d7%92%d7%a8%d7%aa-%d7%90%d7%9c%d7%95%d7%9e%d7%99%d7%a0%d7%99/","A","no_sku","",""
"OcUPMcyiYoMgGnz9yJYa","","קערה מרובעת על רגליים ציפוי כסף 11/11 ס”מ גובה 4.5 ס”מ","50.01","כלי שולחן והגשה","paldinox","https://paldinox.co.il/product/%d7%a7%d7%a2%d7%a8%d7%94-%d7%9e%d7%a8%d7%95%d7%91%d7%a2%d7%aa-%d7%a2%d7%9c-%d7%a8%d7%92%d7%9c%d7%99%d7%99%d7%9d-%d7%a6%d7%99%d7%a4%d7%95%d7%99-%d7%9b%d7%a1%d7%a3-11-11-%d7%a1%d7%9e-%d7%92%d7%95/","A","no_sku","",""
"P2afvruUfqCZuJ9MN5q3","","אגרטל פראג מקריסטל","497.89","עיצוב הבית","paldinox","https://paldinox.co.il/product/57300-%d7%a4%d7%a8%d7%90%d7%92-%d7%90%d7%92%d7%a8%d7%98%d7%9c-300/","A","no_sku","",""
"PUeB8LWaQbFB8FWIqzey","","מגש עגול עם רגל אלומיניום זהב – עיצוב ערבסק","291.88","כלי שולחן והגשה","paldinox","https://paldinox.co.il/product/%d7%9e%d7%92%d7%a9-%d7%a2%d7%92%d7%95%d7%9c-%d7%a2%d7%a8%d7%91%d7%a1%d7%a7-%d7%a2%d7%9c-%d7%a8%d7%92%d7%9c-%d7%90%d7%9c%d7%95%d7%9e%d7%99%d7%a0%d7%99%d7%95%d7%9d-%d7%96%d7%94%d7%91-%d7%92%d7%95%d7%91/","A","no_sku","",""
"Pqsf1WQoTkMiQq9AgAQz","","בונבונירת קריסטל עם מכסה Origami","358.74","כלי שולחן והגשה","paldinox","https://paldinox.co.il/product/22-518-%d7%91%d7%95%d7%a0%d7%91%d7%95%d7%a0%d7%99%d7%a8%d7%94-%d7%a7%d7%a8%d7%99%d7%a1%d7%98%d7%9c-%d7%95%d7%9e%d7%9b%d7%a1%d7%94-origami/","A","no_sku","",""
"QK5Xhb0cNLcZY173OXAW","","אגרטל מתכת בגוון ירוק לעיצוב הבית","432.64","עיצוב הבית","paldinox","https://paldinox.co.il/product/%d7%90%d7%92%d7%a8%d7%98%d7%9c-%d7%9e%d7%aa%d7%9b%d7%aa-home-deco-%d7%99%d7%a8%d7%95%d7%a7-h32d18/","A","no_sku","",""
"QPymuiPYfHiOehzDKPTG","","זוג נרות ונילה בזכוכית זהב בצורת פירמידה","130.45","עיצוב הבית","paldinox","https://paldinox.co.il/product/h11-%d7%96%d7%95%d7%92-%d7%a0%d7%a8%d7%95%d7%aa-%d7%95%d7%a0%d7%99%d7%9c%d7%94-9-5-%d7%a1%d7%9e-%d7%96%d7%9b%d7%95%d7%9b%d7%99%d7%aa-%d7%a4%d7%a8%d7%9e%d7%99%d7%93%d7%94-%d7%96%d7%94%d7%91/","A","no_sku","",""
"QcvP3gDDMdz8ZNA0QyYr","","סט 3 מעמדי נרות קרמיקה שחורה עם אריה זהב","236.99","עיצוב הבית","paldinox","https://paldinox.co.il/product/%d7%a1%d7%98-3-%d7%9e%d7%a2%d7%9e%d7%93%d7%99%d7%9d-%d7%9c%d7%a0%d7%a8-%d7%a7%d7%a8%d7%9e%d7%99%d7%a7%d7%94-%d7%a9%d7%97%d7%95%d7%a8%d7%94-%d7%90%d7%a8%d7%99%d7%94-%d7%96%d7%94%d7%91-h16-12-11/","A","no_sku","",""
"QfbFn9cntjjkEtIeu9FT","","גלובוס ברונזה לעיצוב הבית","367.42","עיצוב הבית","paldinox","https://paldinox.co.il/product/h22-%d7%92%d7%9c%d7%95%d7%91%d7%95%d7%a1-%d7%91%d7%a8%d7%95%d7%a0%d7%96%d7%94-2/","A","no_sku","",""
"Qhe7DP7ebZgXPwaasBSe","","סט 4 עגלות הגשה בעיצוב זהב – 3 קומות","930.53","כלי שולחן והגשה","paldinox","https://paldinox.co.il/product/%d7%a1%d7%98-4-%d7%a2%d7%92%d7%9c%d7%94-%d7%9c%d7%99%d7%a8%d7%a7%d7%95%d7%aa-3-%d7%a7%d7%95%d7%9e%d7%95%d7%aa-%d7%96%d7%94%d7%91/","A","no_sku","",""
"QklghBT92WB5ZT6vH7E5","","שישיית נרות על בסיס זהב מזכוכית יוקרתית","542.58","עיצוב הבית","paldinox","https://paldinox.co.il/product/h45d35-5-%d7%a9%d7%99%d7%a9%d7%99%d7%99%d7%aa-%d7%a2%d7%a9%d7%a9%d7%99%d7%95%d7%aa-%d7%a2%d7%9c-%d7%91%d7%a1%d7%99%d7%a1-%d7%96%d7%94%d7%91-%d7%9e%d7%a2%d7%9e%d7%93-%d7%96%d7%9b%d7%95%d7%9b%d7%99/","A","no_sku","",""
"Qo5bAA7RF4SaBYl6kKud","","אגרטל טרוורטין עגול – 20 ס""מ","106.54","עיצוב הבית","paldinox","https://paldinox.co.il/product/%d7%90%d7%92%d7%a8%d7%98%d7%9c-%d7%98%d7%a8%d7%95%d7%95%d7%a8%d7%98%d7%99%d7%9f-%d7%a2%d7%92%d7%95%d7%9c-%d7%a7%d7%95%d7%98%d7%a8-10-%d7%92%d7%95%d7%91%d7%94-20-%d7%a1%d7%9e/","A","no_sku","",""
"QskXTwP2272G3bAlO2Qf","","מנורת רצפה שחורה בעיצוב נוצות","1500.12","עיצוב הבית","paldinox","https://paldinox.co.il/product/h158d85-%d7%9e%d7%a0%d7%95%d7%a8%d7%aa-%d7%a8%d7%a6%d7%a4%d7%94-%d7%a2%d7%99%d7%98%d7%95%d7%a8-%d7%a0%d7%95%d7%a6%d7%95%d7%aa-%d7%a9%d7%97%d7%95%d7%a8%d7%95%d7%aa/","A","no_sku","",""
"R8c4fdFrOI67i9vU7dGk","","אגרטל מתכת עגול ורוד","423.97","עיצוב הבית","paldinox","https://paldinox.co.il/product/home-decor-%d7%90%d7%92%d7%a8%d7%98%d7%9c-%d7%9e%d7%aa%d7%9b%d7%aa-%d7%a2%d7%92%d7%95%d7%9c-%d7%92%d7%95%d7%91%d7%94-40-%d7%a7%d7%95%d7%98%d7%a8-24-%d7%a1%d7%9e-%d7%95%d7%a8%d7%95%d7%93-2/","A","no_sku","",""
"R8g6LSID5ZSo4z6nOwzK","","עששית אמייל ורוד","376.66","כלי שולחן והגשה","paldinox","https://paldinox.co.il/product/%d7%a2%d7%a9%d7%a9%d7%99%d7%aa-%d7%90%d7%9e%d7%99%d7%99%d7%9c-home-decor-%d7%95%d7%a8%d7%95%d7%93-h22d10-5-2/","A","no_sku","",""
"RF4IzoKNM78sLE4e5iVN","","סט 6 קעריות Heritage בגוון ורוד","317.32","כלי שולחן והגשה","paldinox","https://paldinox.co.il/product/heritage-%d7%a1%d7%98-6-%d7%a7%d7%a2%d7%a8%d7%99%d7%95%d7%aa-%d7%a7%d7%95%d7%98%d7%a8-12-%d7%a1%d7%9e-%d7%95%d7%a8%d7%95%d7%93/","A","no_sku","",""
"RrWpg6bbGHVQTS7a3Fnj","","אגרטל זכוכית 1400 מ”ל גובה 27.5 ס”מ","108.72","עיצוב הבית","paldinox","https://paldinox.co.il/product/%d7%90%d7%92%d7%a8%d7%98%d7%9c-%d7%96%d7%9b%d7%95%d7%9b%d7%99%d7%aa-1400-%d7%9e%d7%9c-%d7%92%d7%95%d7%91%d7%94-27-5-%d7%a1%d7%9e/","A","no_sku","",""
"RrlDAh78lTV0UNaZIQoo","","12 יחי שרך לתליה ירוק h80","432.64","עיצוב הבית","paldinox","https://paldinox.co.il/product/12-%d7%99%d7%97%d7%99-%d7%a9%d7%a8%d7%9a-%d7%9c%d7%aa%d7%9c%d7%99%d7%94-%d7%99%d7%a8%d7%95%d7%a7-h80/","A","no_sku","",""
"RymKcoZabxKYd8hsiDVV","","סט 6 כוסות ויסקי קריסטל LENAS","293.49","כלי שולחן והגשה","paldinox","https://paldinox.co.il/product/lenas-%d7%a1%d7%98-6-%d7%9b%d7%95%d7%a1%d7%95%d7%aa-%d7%95%d7%99%d7%a1%d7%a7%d7%99-%d7%a7%d7%a8%d7%99%d7%a1%d7%98%d7%9c-300-%d7%9e%d7%9c/","A","no_sku","",""
"SC65rOpsIMkZDQixks7U","","סט 6 גביעי יין זכוכית עם פסים זהב","193.5","כלי שולחן והגשה","paldinox","https://paldinox.co.il/product/%d7%a1%d7%98-6-%d7%92%d7%91%d7%99%d7%a2%d7%99-%d7%99%d7%99%d7%9f-%d7%96%d7%9b%d7%95%d7%9b%d7%99%d7%aa-%d7%a4%d7%a1%d7%99%d7%9d-300-%d7%9e%d7%9c-%d7%a4%d7%a1-%d7%96%d7%94%d7%91/","A","no_sku","",""
"SNaMRYENQ2e84Dn1nB4Q","","קערה מתכת ניקל שחור/ שוליים זהב 24/24 גובה 10.5 ס”מ","158.88","כלי שולחן והגשה","paldinox","https://paldinox.co.il/product/%d7%a7%d7%a2%d7%a8%d7%94-%d7%9e%d7%aa%d7%9b%d7%aa-%d7%a0%d7%99%d7%a7%d7%9c-%d7%a9%d7%97%d7%95%d7%a8-%d7%a9%d7%95%d7%9c%d7%99%d7%99%d7%9d-%d7%96%d7%94%d7%91-24-24-%d7%92%d7%95%d7%91%d7%94-10-5-%d7%a1-2/","A","no_sku","",""
"SQ9KTjHBOG8mebWQnV55","","מלקחיים להגשת עוגה בגוון זהב","50.01","כלי שולחן והגשה","paldinox","https://paldinox.co.il/product/%d7%9e%d7%99%d7%9c%d7%a7%d7%97%d7%99%d7%99%d7%9d-%d7%9c%d7%a2%d7%95%d7%92%d7%94-%d7%96%d7%94%d7%91/","A","no_sku","",""
"STZclx7jCCAlJh2k1ew2","","קראק מאפרה 152","165.03","כלי שולחן והגשה","paldinox","https://paldinox.co.il/product/%d7%a7%d7%a8%d7%90%d7%a7-%d7%9e%d7%90%d7%a4%d7%a8%d7%94-152/","A","no_sku","",""
"SXb39kXbu7ViATyneyhh","","נר ריחני נרולי ויסמין כהה בכלי עץ","367.42","עיצוב הבית","paldinox","https://paldinox.co.il/product/%d7%a0%d7%a8-%d7%a8%d7%99%d7%97%d7%a0%d7%99-neroli-jasmine-%d7%9b%d7%94%d7%94-%d7%9e%d7%9b%d7%a1%d7%94-%d7%a7%d7%95%d7%98%d7%a8-20-%d7%92%d7%95%d7%91%d7%94-19-%d7%a1%d7%9e-%d7%a2%d7%a5/","A","no_sku","",""
"SadFcldhF6CGNqd0cFLu","","סט 6 חבקי מפיות כסף עם עיטור יהלומים","108.72","כלי שולחן והגשה","paldinox","https://paldinox.co.il/product/%d7%a1%d7%98-6-%d7%97%d7%91%d7%a7%d7%99%d7%9d-%d7%9c%d7%9e%d7%a4%d7%99%d7%95%d7%aa-%d7%96%d7%94%d7%91-%d7%a2%d7%99%d7%98%d7%95%d7%a8-%d7%99%d7%94%d7%9c%d7%95%d7%9e%d7%99%d7%9d-4-3-%d7%a1%d7%9e/","A","no_sku","",""
"Sg8p7dPHESai23ayDGoA","","h26/24 פסלון של עץ על בסיס שחור","336.98","עיצוב הבית","paldinox","https://paldinox.co.il/product/h26-24-%d7%a4%d7%a1%d7%9c%d7%95%d7%9f-%d7%a9%d7%9c-%d7%a2%d7%a5-%d7%a2%d7%9c-%d7%91%d7%a1%d7%99%d7%a1-%d7%a9%d7%97%d7%95%d7%a8-2/","A","no_sku","",""
"SpfVahBCh4X7zp8l1mJt","","סט מזון לחיצת ואקום 3 צנצנות זכוכית לבן /זהב 625 מ”ל תה קפה סוכר","171.76","כלי שולחן והגשה","paldinox","https://paldinox.co.il/product/%d7%a1%d7%98-%d7%9e%d7%96%d7%95%d7%9f-%d7%9c%d7%97%d7%99%d7%a6%d7%aa-%d7%95%d7%90%d7%a7%d7%95%d7%9d-3-%d7%a6%d7%a0%d7%a6%d7%a0%d7%95%d7%aa-%d7%96%d7%9b%d7%95%d7%9b%d7%99%d7%aa-%d7%9c%d7%91%d7%9f-3/","A","no_sku","",""
"Sq5510OhLN4DltRybcVa","","סט 6 מזלגיות בארוק זהב","80.42","כלי שולחן והגשה","paldinox","https://paldinox.co.il/product/%d7%a1%d7%98-6-%d7%9e%d7%96%d7%9c%d7%92%d7%99%d7%95%d7%aa-%d7%91%d7%90%d7%a8%d7%95%d7%a7-%d7%96%d7%94%d7%91-2/","A","no_sku","",""
"SsOUnFa7ZX07veApG3RC","","סט 6 מאגים Fortune ירוק ולבן זהב – New Bone China","392.16","כלי שולחן והגשה","paldinox","https://paldinox.co.il/product/%d7%a1%d7%98-6-%d7%9e%d7%90%d7%92-fortune-%d7%99%d7%a8%d7%95%d7%a7-%d7%9c%d7%91%d7%9f-%d7%96%d7%94%d7%91-355-%d7%9e%d7%9c-new-bone-china-2/","A","no_sku","",""
"T3sHojaNLQ4XWYMEbdWP","","מגש עגול על רגל בזהב וכסף","236.99","כלי שולחן והגשה","paldinox","https://paldinox.co.il/product/%d7%9e%d7%92%d7%a9-%d7%a2%d7%92%d7%95%d7%9c-%d7%a2%d7%9c-%d7%a8%d7%92%d7%9c-%d7%96%d7%94%d7%91-%d7%95%d7%9b%d7%a1%d7%a3-%d7%9b%d7%93%d7%95%d7%a8%d7%99%d7%9d-%d7%9e%d7%aa%d7%9b%d7%aa-%d7%a7%d7%95-2/","A","no_sku","",""
"TB1tv246R7tbefqOUsEw","","24 גבעולי דלילות לבן לעיצוב – 58 ס""מ","628.32","עיצוב הבית","paldinox","https://paldinox.co.il/product/24-%d7%92%d7%91%d7%a2%d7%95%d7%9c%d7%99-%d7%93%d7%9c%d7%99%d7%95%d7%aa-%d7%9c%d7%91%d7%9f-58%d7%a1%d7%9e/","A","no_sku","",""
"THhqwVYdw6wizwEfGGPQ","","סט 6 כוסות שתיה קרה זכוכית פסים שקופה 230 מ”ל פס זהב","128.27","כלי שולחן והגשה","paldinox","https://paldinox.co.il/product/%d7%a1%d7%98-6-%d7%9b%d7%95%d7%a1%d7%95%d7%aa-%d7%a9%d7%aa%d7%99%d7%94-%d7%a7%d7%a8%d7%94-%d7%96%d7%9b%d7%95%d7%9b%d7%99%d7%aa-%d7%a4%d7%a1%d7%99%d7%9d-%d7%a9%d7%a7%d7%95%d7%a4%d7%94-230-%d7%9e/","A","no_sku","",""
"TLKWzQBctrDD0LiPIbHf","","סט 6 גביעי זכוכית שקופה עם פסים","271.76","כלי שולחן והגשה","paldinox","https://paldinox.co.il/product/%d7%a1%d7%98-6-%d7%92%d7%91%d7%99%d7%a2%d7%99-%d7%96%d7%9b%d7%95%d7%9b%d7%99%d7%aa-%d7%a9%d7%a7%d7%95%d7%a4%d7%94-%d7%a4%d7%a1%d7%99%d7%9d-360-%d7%9e%d7%9c/","A","no_sku","",""
"TTZ49hLCSBbZGKDnpUYT","","עששית מתכת עגולה שחור","43.49","עיצוב הבית","paldinox","https://paldinox.co.il/product/h9-5d8-5-%d7%a2%d7%a9%d7%a9%d7%99%d7%aa-%d7%a2%d7%92%d7%95%d7%9c%d7%94-%d7%9e%d7%aa%d7%9b%d7%aa-%d7%a9%d7%97%d7%95%d7%a8/","A","no_sku","",""
"TfslgYnq0ESiJv4t0wLc","","h14 פמוט מתכת אדום Home Decor","171.22","עיצוב הבית","paldinox","https://paldinox.co.il/product/h14-%d7%a4%d7%9e%d7%95%d7%98-%d7%9e%d7%aa%d7%9b%d7%aa-%d7%90%d7%93%d7%95%d7%9d-home-decor/","A","no_sku","",""
"TgS6yabgRVp8o7NBcqCg","","אגרטל זכוכית 1400 מ”ל גובה 27.5 ס”מ","108.72","עיצוב הבית","paldinox","https://paldinox.co.il/product/%d7%90%d7%92%d7%a8%d7%98%d7%9c-%d7%96%d7%9b%d7%95%d7%9b%d7%99%d7%aa-1400-%d7%9e%d7%9c-%d7%92%d7%95%d7%91%d7%94-27-5-%d7%a1%d7%9e-2/","A","no_sku","",""
"TtnRG0pvCR8jSuApXNkv","","קערת קריסטל ORIGAMI – סדרה מודרנית","358.74","כלי שולחן והגשה","paldinox","https://paldinox.co.il/product/3326-%d7%a7%d7%a2%d7%a8%d7%94-%d7%a7%d7%a8%d7%99%d7%a1%d7%98%d7%9c-origami/","A","no_sku","",""
"TvfRZMLZHQgNOosRVTAZ","","קרש חיתוך עץ טבעי","215.25","כלי שולחן והגשה","paldinox","https://paldinox.co.il/product/%d7%a7%d7%a8%d7%a9-%d7%97%d7%99%d7%aa%d7%95%d7%9a-%d7%a2%d7%a5-%d7%98%d7%91%d7%a2%d7%99-56-38-%d7%a1%d7%9e/","A","no_sku","",""
"TwIgLVi6MCwUVDdCXhsH","","נר ריחני Sandalwood Patchouli בזכוכית שחור","432.64","עיצוב הבית","paldinox","https://paldinox.co.il/product/%d7%a0%d7%a8-%d7%a8%d7%99%d7%97%d7%a0%d7%99-sandalwood-patchouli-%d7%a2%d7%a5-%d7%9e%d7%a9%d7%99%d7%a9-%d7%9e%d7%9b%d7%a1%d7%94-%d7%a7%d7%95%d7%98%d7%a8-16-5-%d7%92%d7%95%d7%91%d7%94-38-%d7%a1/","A","no_sku","",""
"U7yAOF8NEFSOlcQJCTNo","","עששית זכוכית שקופה בעיצוב כדורים","41.31","כלי שולחן והגשה","paldinox","https://paldinox.co.il/product/%d7%90%d7%92%d7%a8%d7%98%d7%9c-%d7%9b%d7%93%d7%95%d7%a8%d7%99-%d7%96%d7%9b%d7%95%d7%9b%d7%99%d7%aa-%d7%a9%d7%a7%d7%95%d7%a4%d7%94-%d7%90%d7%91%d7%a0%d7%99%d7%9d-%d7%92%d7%95%d7%91%d7%94-9-%d7%a7/","A","no_sku","",""
"UDKEMm1bXGLwrFJHan4w","","קערת הגשה פראג","432.64","כלי שולחן והגשה","paldinox","https://paldinox.co.il/product/%d7%a4%d7%a8%d7%90%d7%92-%d7%a7%d7%a2%d7%a8%d7%94-280/","A","no_sku","",""
"UNVdEEWXICFpyQ2Pg9sp","","אגרטל מתכת בגימור זהב בוהק – 80 ס״מ","1193.59","עיצוב הבית","paldinox","https://paldinox.co.il/product/%d7%90%d7%92%d7%a8%d7%98%d7%9c-%d7%9e%d7%aa%d7%9b%d7%aa-%d7%96%d7%94%d7%91-41-5-41-5-%d7%92%d7%95%d7%91%d7%94-80-%d7%a1%d7%9e/","A","no_sku","",""
"Uii0fcRHcATdB6j0L749","","סט 6 קעריות מרק Heritage לבן – קוטר 15 ס״מ","614.08","כלי שולחן והגשה","paldinox","https://paldinox.co.il/product/heritage-%d7%a1%d7%98-6-%d7%a7%d7%a2%d7%a8%d7%99%d7%95%d7%aa-%d7%a7%d7%95%d7%98%d7%a8-15-%d7%a1%d7%9e-%d7%9c%d7%91%d7%9f/","A","no_sku","",""
"UkpBWjDY5hElZCu87r6Z","","קערת הגשה Prague – סדרת פראג","432.64","כלי שולחן והגשה","paldinox","https://paldinox.co.il/product/%d7%a4%d7%a8%d7%90%d7%92-%d7%a7%d7%a2%d7%a8%d7%94-280-2/","A","no_sku","",""
"VFwuwJ4JIZ1Kwq70XBne","","סט 3 מעמדי נרות קרמיקה בעיצוב אריה זהב","236.99","עיצוב הבית","paldinox","https://paldinox.co.il/product/%d7%a1%d7%98-3-%d7%9e%d7%a2%d7%9e%d7%93%d7%99%d7%9d-%d7%9c%d7%a0%d7%a8-%d7%a7%d7%a8%d7%9e%d7%99%d7%a7%d7%94-%d7%96%d7%94%d7%91-%d7%90%d7%a8%d7%99%d7%94-%d7%96%d7%94%d7%91-h16-12-11/","A","no_sku","",""
"VRxIWP4RG6HrZMykGAUH","","מעמד קומותיים עגול בצבע זהב","195.96","עיצוב הבית","paldinox","https://paldinox.co.il/product/h34d20-%d7%9e%d7%a2%d7%9e%d7%93-%d7%a7%d7%95%d7%9e%d7%95%d7%aa%d7%99%d7%99%d7%9d-%d7%a2%d7%92%d7%95%d7%9c-%d7%96%d7%94%d7%91/","A","no_sku","",""
"VXMuEAHjRmHCEFTNqZ0C","","קערת הגשה מתכת שחורה עם שוליים זהב","215.58","כלי שולחן והגשה","paldinox","https://paldinox.co.il/product/%d7%a7%d7%a2%d7%a8%d7%94-%d7%9e%d7%aa%d7%9b%d7%aa-%d7%a0%d7%99%d7%a7%d7%9c-%d7%a9%d7%97%d7%95%d7%a8-%d7%a9%d7%95%d7%9c%d7%99%d7%99%d7%9d-%d7%96%d7%94%d7%91-31-31-%d7%92%d7%95%d7%91%d7%94-13-%d7%a1-2/","A","no_sku","",""
"VjqMQMfHPVkMmVav6zNZ","","סט 6 צלחות La Majorelle ורוד","525.05","כלי שולחן והגשה","paldinox","https://paldinox.co.il/product/la-majorelle-%d7%a1%d7%986-%d7%a6%d7%9c%d7%97%d7%aa-26-5%d7%a1%d7%9e-%d7%95%d7%a8%d7%95%d7%93-2/","A","no_sku","",""
"Vr4lAA5rIUfZzm5CvHNq","","מגש מלבני מתכת בגימור זהב","185.04","כלי שולחן והגשה","paldinox","https://paldinox.co.il/product/%d7%9e%d7%92%d7%a9-%d7%9e%d7%9c%d7%91%d7%a0%d7%99-%d7%9e%d7%aa%d7%9b%d7%aa-%d7%96%d7%94%d7%91-%d7%99%d7%93%d7%99%d7%95%d7%aa-47-21/","A","no_sku","",""
"VxbLXGjG4vFdi8av4StL","","מפיון קריסטל זהב עם ידית נשיאה","173.94","עיצוב הבית","paldinox","https://paldinox.co.il/product/%d7%9e%d7%a4%d7%99%d7%95%d7%9f-%d7%a9%d7%a7%d7%95%d7%a3-%d7%96%d7%94%d7%91-%d7%99%d7%93%d7%99%d7%aa-%d7%a0%d7%a9%d7%99%d7%90%d7%94-%d7%9b%d7%93%d7%95%d7%a8%d7%99-%d7%a7%d7%a8%d7%99%d7%a1%d7%98%d7%9c-1/","A","no_sku","",""
"WQp8WQ7lVGbWt1c1RGXD","","סט 3 נרות ריחניים שחור – טל בגן","141.33","עיצוב הבית","paldinox","https://paldinox.co.il/product/910-%d7%a1%d7%983-%d7%a0%d7%a8-%d7%a8%d7%99%d7%97%d7%a0%d7%99-%d7%a9%d7%97%d7%95%d7%a8-%d7%98%d7%9c-%d7%91%d7%92%d7%9f-2/","A","no_sku","",""
"WQy6gE9bcdGRaG2Xyh3z","","מגש מתכת מלבני זהב עם ידיות","228.66","כלי שולחן והגשה","paldinox","https://paldinox.co.il/product/%d7%9e%d7%92%d7%a9-%d7%9e%d7%aa%d7%9b%d7%aa-%d7%9e%d7%9c%d7%91%d7%a0%d7%99-%d7%96%d7%94%d7%91-%d7%99%d7%93%d7%99%d7%95%d7%aa-48-27-%d7%a1%d7%9e-%d7%a4%d7%99%d7%a0%d7%95%d7%aa-%d7%9e%d7%a2%d7%95/","A","no_sku","",""
"WoAR2GDItwMQ0S0WFrPz","","מעמד 3 קומות עגול בצבע ניקל","457.56","עיצוב הבית","paldinox","https://paldinox.co.il/product/h50d30-%d7%9e%d7%a2%d7%9e%d7%93-3-%d7%a7%d7%95%d7%9e%d7%95%d7%aa-%d7%a2%d7%92%d7%95%d7%9c-%d7%a0%d7%99%d7%a7%d7%9c/","A","no_sku","",""
"XYIfqvUthtO379kyCvm1","","סט 6 צלחות מנה עיקרית Royal White כחול","650.05","כלי שולחן והגשה","paldinox","https://paldinox.co.il/product/royal-white-%d7%a1%d7%986-%d7%a6%d7%9c%d7%97%d7%aa-%d7%9e%d7%a0%d7%94-%d7%a2%d7%99%d7%a7%d7%a8%d7%99%d7%aa-26-5%d7%a1%d7%9e-%d7%9b%d7%97%d7%95%d7%9c/","A","no_sku","",""
"Xizwf9ReR7phWbwaJTmZ","","פח מתכת שחור 35 ליטר עם 4 רגליים","434.82","עיצוב הבית","paldinox","https://paldinox.co.il/product/%d7%a4%d7%97-%d7%9e%d7%aa%d7%9b%d7%aa-%d7%a9%d7%97%d7%95%d7%a8-35-%d7%9c%d7%99%d7%98%d7%a8-%d7%a8%d7%95%d7%97%d7%91-45-5-%d7%92%d7%95%d7%91%d7%94-68-5-%d7%a1%d7%9e-4-%d7%a8%d7%92%d7%9c%d7%99%d7%99/","A","no_sku","",""
"YO9WAjPZm60Etkvd06Zq","","סט 6 מקציף ביצים COOKA","169.56","כלי שולחן והגשה","paldinox","https://paldinox.co.il/product/%d7%a1%d7%98-6-%d7%9e%d7%a7%d7%a6%d7%99%d7%a3-%d7%91%d7%99%d7%a6%d7%99%d7%9d-cooka-2/","A","no_sku","",""
"YUcGnDsWQKUbhgC6OcIF","","מגש עגול על רגל זכוכית בעיצוב פעמון – זהב","435.76","כלי שולחן והגשה","paldinox","https://paldinox.co.il/product/h52d28-%d7%9e%d7%92%d7%a9-%d7%a2%d7%92%d7%95%d7%9c-%d7%a2%d7%9c-%d7%a8%d7%92%d7%9c-%d7%9e%d7%aa%d7%9b%d7%aa-%d7%96%d7%94%d7%91-%d7%a4%d7%a2%d7%9e%d7%95%d7%9f-%d7%96%d7%9b%d7%95%d7%9b%d7%99%d7%aa-2/","A","no_sku","",""
"YUvF0CCyXJBKGmM3uMRC","","LENAS קערה קריסטל 30.5 ס”מ","367.42","כלי שולחן והגשה","paldinox","https://paldinox.co.il/product/lenas-%d7%a7%d7%a2%d7%a8%d7%94-%d7%a7%d7%a8%d7%99%d7%a1%d7%98%d7%9c-30-5-%d7%a1%d7%9e/","A","no_sku","",""
"YiWCI97ij8TQlT3UDFjD","","אגרטל מתכת שחור/ 30.5/30.5 גובה 64 ס”מ","762.76","עיצוב הבית","paldinox","https://paldinox.co.il/product/%d7%90%d7%92%d7%a8%d7%98%d7%9c-%d7%9e%d7%aa%d7%9b%d7%aa-%d7%a9%d7%97%d7%95%d7%a8-30-5-30-5-%d7%92%d7%95%d7%91%d7%94-64-%d7%a1%d7%9e-2/","A","no_sku","",""
"Yjp3CZWz63w0CbmI5LIk","","סט 4 קעריות אובליות על בסיס חלוקי נחל בגוון בז'","392.16","עיצוב הבית","paldinox","https://paldinox.co.il/product/%d7%a1%d7%98-4-%d7%a7%d7%a2%d7%a8%d7%99%d7%95%d7%aa-%d7%90%d7%95%d7%91%d7%9c%d7%99%d7%95%d7%aa-%d7%a2%d7%9c-%d7%91%d7%a1%d7%99%d7%a1-%d7%97%d7%9c%d7%95%d7%a7%d7%99-%d7%a0%d7%97%d7%9c-%d7%91%d7%96/","A","no_sku","",""
"Z3oR2kLyCP2OdcnemTrs","","רימון פורצלן שמנת – סימן שולחן יודאיקה","32.66","כלי שולחן והגשה","paldinox","https://paldinox.co.il/product/%d7%a8%d7%99%d7%9e%d7%95%d7%9f-%d7%a4%d7%95%d7%a8%d7%a6%d7%9c%d7%9f-%d7%a9%d7%9e%d7%a0%d7%aa36/","A","no_sku","",""
"ZEVOnsNsazdO9wAvg192","","h66 מנורת שולחן שחורה זהב 25/50(2חל’)","1500.12","עיצוב הבית","paldinox","https://paldinox.co.il/product/h66-%d7%9e%d7%a0%d7%95%d7%a8%d7%aa-%d7%a9%d7%95%d7%9c%d7%97%d7%9f-%d7%a9%d7%97%d7%95%d7%a8%d7%94-%d7%96%d7%94%d7%91-25-502%d7%97%d7%9c/","A","no_sku","",""
"ZK1nbNBUInor6ru58YPx","","מעמד קומותיים מלבני בגוון זהב","195.96","עיצוב הבית","paldinox","https://paldinox.co.il/product/%d7%9e%d7%a2%d7%9e%d7%93-%d7%a7%d7%95%d7%9e%d7%95%d7%aa%d7%99%d7%99%d7%9d-%d7%9e%d7%9c%d7%91%d7%a0%d7%99-%d7%96%d7%94%d7%91-%d7%92%d7%95%d7%91%d7%94-33-%d7%a1%d7%9e/","A","no_sku","",""
"ZOKLaXjyhuJSl5HJ9UX0","","אגרטל אמייל Haze בברזל","271.76","עיצוב הבית","paldinox","https://paldinox.co.il/product/%d7%90%d7%92%d7%a8%d7%98%d7%9c-%d7%90%d7%9e%d7%99%d7%99%d7%9c-haze-%d7%92%d7%95%d7%91%d7%94-30-%d7%a7%d7%95%d7%98%d7%a8-15-%d7%a1%d7%9e-%d7%91%d7%a8%d7%96%d7%9c/","A","no_sku","",""
"ZZwDDtZ0m9PIzP1YYa1Q","","פמוט מתכת ירוק כהה","410.91","עיצוב הבית","paldinox","https://paldinox.co.il/product/%d7%a4%d7%9e%d7%95%d7%98-%d7%9e%d7%aa%d7%9b%d7%aa-home-decor-%d7%99%d7%a8%d7%95%d7%a7-%d7%9b%d7%94%d7%94-h46-2/","A","no_sku","",""
"Zr6t0NxWl9vstrOs6P4Z","","מגש מרובע על רגל קריסטל שקוף בדוגמת PIERCED","541.36","כלי שולחן והגשה","paldinox","https://paldinox.co.il/product/%d7%9e%d7%92%d7%a9-%d7%9e%d7%a8%d7%95%d7%91%d7%a2-%d7%a2%d7%9c-%d7%a8%d7%92%d7%9c-pierced-%d7%a7%d7%a8%d7%99%d7%a1%d7%98%d7%9c-32-32-%d7%92%d7%95%d7%91%d7%94-13-%d7%a1%d7%9e-%d7%a9%d7%a7%d7%95%d7%a3/","A","no_sku","",""
"ZuP7XemUEDyrJ1RvEr5u","","סט 2 מגשי מתכת בז’ מלבני עם ידית 40/18 ס”מ 29/13 ס”מ","106.51","כלי שולחן והגשה","paldinox","https://paldinox.co.il/product/%d7%a1%d7%98-2-%d7%9e%d7%92%d7%a9%d7%99-%d7%9e%d7%aa%d7%9b%d7%aa-%d7%91%d7%96-%d7%9e%d7%9c%d7%91%d7%a0%d7%99-%d7%a2%d7%9d-%d7%99%d7%93%d7%99%d7%aa-40-18-%d7%a1%d7%9e-29-13-%d7%a1%d7%9e/","A","no_sku","",""
"a8c7ErvsRPbYJFi8GcE9","","סט 2 מגשים מתכת מלבניים בז' עם שוליים מקושתים","128.29","כלי שולחן והגשה","paldinox","https://paldinox.co.il/product/%d7%a1%d7%98-2-%d7%9e%d7%92%d7%a9%d7%99-%d7%9e%d7%aa%d7%9b%d7%aa-%d7%9e%d7%9c%d7%91%d7%9f-%d7%91%d7%96-%d7%a9%d7%95%d7%9c%d7%99%d7%99%d7%9d-%d7%9e%d7%a7%d7%95%d7%a9%d7%aa%d7%99%d7%9d-29-12-%d7%a1/","A","no_sku","",""
"aFA0o8agrow5CctzufzY","","מגש מלבני אלו. זהב עם זכוכית וידיות 34/24 גובה 3.6 ס”מ","280.48","כלי שולחן והגשה","paldinox","https://paldinox.co.il/product/%d7%9e%d7%92%d7%a9-%d7%9e%d7%9c%d7%91%d7%a0%d7%99-%d7%90%d7%9c%d7%95-%d7%96%d7%94%d7%91-%d7%a2%d7%9d-%d7%96%d7%9b%d7%95%d7%9b%d7%99%d7%aa-%d7%95%d7%99%d7%93%d7%99%d7%95%d7%aa-34-24-%d7%92%d7%95%d7%91/","A","no_sku","",""
"aMbKmiwIRNA8AnEsCC93","","שעון קיר לבן /עץ קוטר 37.9 ס”מ עובי 4.3 ס”מ","152.21","עיצוב הבית","paldinox","https://paldinox.co.il/product/%d7%a9%d7%a2%d7%95%d7%9f-%d7%a7%d7%99%d7%a8-%d7%9c%d7%91%d7%9f-%d7%a2%d7%a5-%d7%a7%d7%95%d7%98%d7%a8-37-9-%d7%a1%d7%9e-%d7%a2%d7%95%d7%91%d7%99-4-3-%d7%a1%d7%9e/","A","no_sku","",""
"aWdhtbNyLILw33FHcpom","","סט 4 עגלה לירקות 3 קומות כסוף","758.77","כלי שולחן והגשה","paldinox","https://paldinox.co.il/product/%d7%a1%d7%98-4-%d7%a2%d7%92%d7%9c%d7%94-%d7%9c%d7%99%d7%a8%d7%a7%d7%95%d7%aa-3-%d7%a7%d7%95%d7%9e%d7%95%d7%aa-%d7%9b%d7%a1%d7%95%d7%a3/","A","no_sku","",""
"aq1TxM29N18cjMEdEcq0","","זוג עציץ סחלב סגול","626.14","עיצוב הבית","paldinox","https://paldinox.co.il/product/h85-%d7%96%d7%95%d7%92-%d7%a2%d7%a6%d7%99%d7%a5-%d7%a1%d7%97%d7%9c%d7%91-%d7%a1%d7%92%d7%95%d7%9c-2/","A","no_sku","",""
"awaX8MDXCTgYbvxVcXoV","","סט 4 כוסות חלבון תכלת – Flower Festival","296.33","כלי שולחן והגשה","paldinox","https://paldinox.co.il/product/flower-festival-%d7%a1%d7%98-4-%d7%97%d7%9c%d7%91%d7%95%d7%9f-20-%d7%9e%d7%9c-%d7%aa%d7%9b%d7%9c%d7%aa-2/","A","no_sku","",""
"b2ITzE5udjfeXZ6kNGFW","","h40D21 כלי אחסון קרמיקה+מכסה שחור/לבן","476.13","עיצוב הבית","paldinox","https://paldinox.co.il/product/h40d21-%d7%9b%d7%9c%d7%99-%d7%90%d7%97%d7%a1%d7%95%d7%9f-%d7%a7%d7%a8%d7%9e%d7%99%d7%a7%d7%94%d7%9e%d7%9b%d7%a1%d7%94-%d7%a9%d7%97%d7%95%d7%a8-%d7%9c%d7%91%d7%9f/","A","no_sku","",""
"b8jQiH2MZAp5YwDczyTj","","פנוסית הוריקן עץ וזכוכית – גובה 30 ס""מ","345.68","עיצוב הבית","paldinox","https://paldinox.co.il/product/h30-%d7%a1%d7%9e-%d7%94%d7%95%d7%a8%d7%99%d7%a7%d7%9f-%d7%a2%d7%a5-%d7%96%d7%9b%d7%95%d7%9b%d7%99%d7%aa4/","A","no_sku","",""
"bIDhQImSEAZ0MV0YKuBW","","מגש על בסיס חלוקי נחל בז’ אלומיניום ופעמון זכוכית 23/23 גובה 23 ס”מ","370.36","כלי שולחן והגשה","paldinox","https://paldinox.co.il/product/%d7%9e%d7%92%d7%a9-%d7%a2%d7%9c-%d7%91%d7%a1%d7%99%d7%a1-%d7%97%d7%9c%d7%95%d7%a7%d7%99-%d7%a0%d7%97%d7%9c-%d7%91%d7%96-%d7%90%d7%9c%d7%95%d7%9e%d7%99%d7%a0%d7%99%d7%95%d7%9d-%d7%95%d7%a4%d7%a2-2/","A","no_sku","",""
"bNvUYSN2eFC1I7mz5aAw","","מאפרה עגולה בגוון טרוורטין","54.37","כלי שולחן והגשה","paldinox","https://paldinox.co.il/product/%d7%9e%d7%90%d7%a4%d7%a8%d7%94-%d7%93%d7%9e%d7%95%d7%99-%d7%98%d7%a8%d7%95%d7%95%d7%a8%d7%98%d7%99%d7%9f-%d7%a2%d7%92%d7%95%d7%9c%d7%94-%d7%a7%d7%95%d7%98%d7%a8-14-%d7%92%d7%95%d7%91%d7%94-2-54-%d7%a1/","A","no_sku","",""
"bSzEL5wJA7xjnn0onF9O","","H15 סט 3 צנצנות זכוכית מכסה שחור 0.85ל D10","119.57","עיצוב הבית","paldinox","https://paldinox.co.il/product/h15-%d7%a1%d7%98-3-%d7%a6%d7%a0%d7%a6%d7%a0%d7%95%d7%aa-%d7%96%d7%9b%d7%95%d7%9b%d7%99%d7%aa-%d7%9e%d7%9b%d7%a1%d7%94-%d7%a9%d7%97%d7%95%d7%a8-0-85%d7%9c-d10-2/","A","no_sku","",""
"boENLqdXPVhnf74MltaX","","מעמד קומותיים עץ ערבסק מתכת זהב על בסיס ופעמון זכוכית שקוף גובה 43 קוטר 25 ס”מ","544.76","עיצוב הבית","paldinox","https://paldinox.co.il/product/%d7%9e%d7%a2%d7%9e%d7%93-%d7%a7%d7%95%d7%9e%d7%95%d7%aa%d7%99%d7%99%d7%9d-%d7%a2%d7%a5-%d7%a2%d7%a8%d7%91%d7%a1%d7%a7-%d7%9e%d7%aa%d7%9b%d7%aa-%d7%96%d7%94%d7%91-%d7%a2%d7%9c-%d7%91%d7%a1%d7%99%d7%a1/","A","no_sku","",""
"bywhU9Jwd92Lfjb0pcnM","","אגרטל קריסטל יוקו – גובה 33 ס""מ","476.13","עיצוב הבית","paldinox","https://paldinox.co.il/product/%d7%99%d7%95%d7%a7%d7%95-%d7%90%d7%92%d7%a8%d7%98%d7%9c-%d7%92%d7%95%d7%91%d7%94-33-%d7%a1%d7%9e/","A","no_sku","",""
"c1XFIVGmeznXIjOQiS3D","","אגרטל זכוכית קלאסי גובה 25 ס”מ","108.72","עיצוב הבית","paldinox","https://paldinox.co.il/product/%d7%90%d7%92%d7%a8%d7%98%d7%9c-%d7%96%d7%9b%d7%95%d7%9b%d7%99%d7%aa-%d7%a7%d7%9c%d7%90%d7%a1%d7%99-%d7%92%d7%95%d7%91%d7%94-25-%d7%a1%d7%9e/","A","no_sku","",""
"c77DE2LOShhTun3gJ56b","","סט 6 חבקים למפיות בעיצוב פנינים זהב","150.01","כלי שולחן והגשה","paldinox","https://paldinox.co.il/product/%d7%a1%d7%986-%d7%97%d7%91%d7%a7%d7%99%d7%9d-%d7%9c%d7%9e%d7%a4%d7%99%d7%95%d7%aa-%d7%a4%d7%a0%d7%99%d7%a0%d7%99%d7%9d-%d7%96%d7%94%d7%91-5%d7%a1%d7%9e-2/","A","no_sku","",""
"cbZtGFWMh7OMq3Rswu0T","","מגש עגול עם רגל ניקל","84.8","עיצוב הבית","paldinox","https://paldinox.co.il/product/h13-d16-%d7%9e%d7%92%d7%a9-%d7%a2%d7%92%d7%95%d7%9c-%d7%a2%d7%9d-%d7%a8%d7%92%d7%9c-%d7%a0%d7%99%d7%a7%d7%9c/","A","no_sku","",""
"cfa4LJf1zxBqkQ86ayu5","","מכסה לסיר X1837M זכוכית/ סיליקון/ ידית D20","50.07","עיצוב הבית","paldinox","https://paldinox.co.il/product/%d7%9e%d7%9b%d7%a1%d7%94-%d7%9c%d7%a1%d7%99%d7%a8-x1837m-%d7%96%d7%9b%d7%95%d7%9b%d7%99%d7%aa-%d7%a1%d7%99%d7%9c%d7%99%d7%a7%d7%95%d7%9f-%d7%99%d7%93%d7%99%d7%aa-d20-2/","A","no_sku","",""
"dEcR5kkP6YI9mlCqNGJi","","סיר בישול שחור 32 ס""מ עם מכסה זכוכית","392.16","כלי שולחן והגשה","paldinox","https://paldinox.co.il/product/%d7%a1%d7%99%d7%a8-32-%d7%a1%d7%9e-8-8-%d7%9c%d7%99%d7%98%d7%a8-%d7%a9%d7%97%d7%95%d7%a8-%d7%9e%d7%9b%d7%a1%d7%94-%d7%96%d7%9b%d7%95%d7%9b%d7%99%d7%aa-oslo-%d7%a6%d7%99%d7%a4%d7%95%d7%99-%d7%a9-2/","A","no_sku","",""
"dQLEJdJfGfRieKPEr2do","","דיקנטר DIAMOND 0.7L","391.33","כלי שולחן והגשה","paldinox","https://paldinox.co.il/product/%d7%93%d7%99%d7%a7%d7%a0%d7%98%d7%a8-diamond-0-7l-2/","A","no_sku","",""
"dU9B6ZlBEz8KJl2B2SWo","","סט6 חבקים למפיות פרח טיטניום","86.98","כלי שולחן והגשה","paldinox","https://paldinox.co.il/product/%d7%a1%d7%986-%d7%97%d7%91%d7%a7%d7%99%d7%9d-%d7%9c%d7%9e%d7%a4%d7%99%d7%95%d7%aa-%d7%a4%d7%a8%d7%97-%d7%98%d7%99%d7%98%d7%a0%d7%99%d7%95%d7%9d-2/","A","no_sku","",""
"dUsLmJ8RSYBCyNbE4H1p","","סט 2 צלחות מתכת עגולות שחור","97.84","כלי שולחן והגשה","paldinox","https://paldinox.co.il/product/%d7%a1%d7%98-2-%d7%a6%d7%9c%d7%97%d7%95%d7%aa-%d7%9e%d7%aa%d7%9b%d7%aa-%d7%a2%d7%92%d7%95%d7%9c%d7%95%d7%aa-%d7%a9%d7%97%d7%95%d7%a8-%d7%a7%d7%95%d7%98%d7%a8-30-25-%d7%a1%d7%9e/","A","no_sku","",""
"eCGjP7q16ORW8XH5KmDQ","","קערת קריסטל NEPTUNE לשולחן חג","367.44","כלי שולחן והגשה","paldinox","https://paldinox.co.il/product/neptune-%d7%a7%d7%a2%d7%a8%d7%94-%d7%a7%d7%a8%d7%99%d7%a1%d7%98%d7%9c-29-29-%d7%a1%d7%9e-%d7%92%d7%95%d7%91%d7%94-8-5-%d7%a1%d7%9e/","A","no_sku","",""
"eCswVs67ts4UypbFimzu","","סט 4 עגלות הגשה תלת-קומתיות שחור מט","847.89","כלי שולחן והגשה","paldinox","https://paldinox.co.il/product/%d7%a1%d7%98-4-%d7%a2%d7%92%d7%9c%d7%94-%d7%9c%d7%99%d7%a8%d7%a7%d7%95%d7%aa-3-%d7%a7%d7%95%d7%9e%d7%95%d7%aa-%d7%a9%d7%97%d7%95%d7%a8-%d7%9e%d7%98-%d7%92%d7%95%d7%91%d7%94-76-%d7%a1%d7%9e/","A","no_sku","",""
"eCwmJEMe3BSraQVuT6yG","","מגש מתכת בגוון זהב עם ידיות","206.86","כלי שולחן והגשה","paldinox","https://paldinox.co.il/product/44-21-5-%d7%96%d7%95%d7%92-%d7%9e%d7%92%d7%a9%d7%99-%d7%9e%d7%aa%d7%9b%d7%aa-%d7%99%d7%93%d7%99%d7%95%d7%aa-%d7%9e%d7%90%d7%95%d7%a8%d7%9a-%d7%96%d7%94%d7%91/","A","no_sku","",""
"ecHJyAVIic5pbH01VU9H","","מגש מרובע על רגל זהב וכסף / כדורים מתכת 25/23 ס”מ גובה 11 ס”מ","258.72","כלי שולחן והגשה","paldinox","https://paldinox.co.il/product/%d7%9e%d7%92%d7%a9-%d7%9e%d7%a8%d7%95%d7%91%d7%a2-%d7%a2%d7%9c-%d7%a8%d7%92%d7%9c-%d7%96%d7%94%d7%91-%d7%95%d7%9b%d7%a1%d7%a3-%d7%9b%d7%93%d7%95%d7%a8%d7%99%d7%9d-%d7%9e%d7%aa%d7%9b%d7%aa-25-23/","A","no_sku","",""
"eg8VKlh2Kzl2j5goF66Y","","מגש מלבני זכוכית אמבר בעיצוב Ella","84.8","כלי שולחן והגשה","paldinox","https://paldinox.co.il/product/ella-amber-%d7%9e%d7%92%d7%a9-%d7%9e%d7%9c%d7%91%d7%a0%d7%99-%d7%96%d7%9b%d7%95%d7%9b%d7%99%d7%aa-39-13-5-%d7%a1%d7%9e/","A","no_sku","",""
"eryYHznstyzoRszdVscF","","סט 3 נרות ריחניים כדוריים – שחור, שנהב וכתום","215.23","עיצוב הבית","paldinox","https://paldinox.co.il/product/d12-%d7%a1%d7%98-3-%d7%a0%d7%a8-%d7%a8%d7%99%d7%97%d7%a0%d7%99-%d7%9b%d7%93%d7%95%d7%a8%d7%99-%d7%a9%d7%97%d7%95%d7%a8-%d7%a9%d7%a0%d7%94%d7%91-%d7%9b%d7%aa%d7%95%d7%9d-%d7%93%d7%95%d7%9e%d7%93%d7%9e/","A","no_sku","",""
"f13OMdZyDuPHrFfGI9sW","","מחבת 28 ס”מ שחור OSLO ציפוי שיש 4 שכבות יציקת אלו. קוצ’ינה מיה","195.96","כלי שולחן והגשה","paldinox","https://paldinox.co.il/product/%d7%9e%d7%97%d7%91%d7%aa-28-%d7%a1%d7%9e-%d7%a9%d7%97%d7%95%d7%a8-%d7%9e%d7%9b%d7%a1%d7%94-%d7%96%d7%9b%d7%95%d7%9b%d7%99%d7%aa-oslo-%d7%a6%d7%99%d7%a4%d7%95%d7%99-%d7%a9%d7%99%d7%a9-4-%d7%a9%d7%9b/","A","no_sku","",""
"f74f9LiXYabB78pty8L9","","מגש מרובע ערבסק זהב אלומיניום 31/31 גובה 5 ס”מ","195.96","כלי שולחן והגשה","paldinox","https://paldinox.co.il/product/%d7%9e%d7%92%d7%a9-%d7%9e%d7%a8%d7%95%d7%91%d7%a2-%d7%a2%d7%a8%d7%91%d7%a1%d7%a7-%d7%96%d7%94%d7%91-%d7%90%d7%9c%d7%95%d7%9e%d7%99%d7%a0%d7%99%d7%95%d7%9d-31-31-%d7%92%d7%95%d7%91%d7%94-5-%d7%a1/","A","no_sku","",""
"f8L2G5Kxdk7L2U7MAaNF","","h15 עציץ מתכת עגול אפור קוטר 19סמ","163.26","עיצוב הבית","paldinox","https://paldinox.co.il/product/h15-%d7%a2%d7%a6%d7%99%d7%a5-%d7%9e%d7%aa%d7%9b%d7%aa-%d7%a2%d7%92%d7%95%d7%9c-%d7%90%d7%a4%d7%95%d7%a8-%d7%a7%d7%95%d7%98%d7%a8-19%d7%a1%d7%9e-2/","A","no_sku","",""
"fEAoBl96Biz2YxLBCEHn","","כלי שח קרמיקה – מלך שחור","215.23","עיצוב הבית","paldinox","https://paldinox.co.il/product/h32d12-%d7%9b%d7%9c%d7%99-%d7%a9%d7%97-%d7%a7%d7%a8%d7%9e%d7%99%d7%a7%d7%94-%d7%9e%d7%9c%d7%9a-%d7%a9%d7%97%d7%95%d7%a8/","A","no_sku","",""
"fFN8CewkpJeGruapwJU5","","סט 3 צנצנות מרובעות זכוכית עם מכסה זהב – 1.5 ליטר","215.21","עיצוב הבית","paldinox","https://paldinox.co.il/product/h20-%d7%a1%d7%98-3-%d7%a6%d7%a0%d7%a6%d7%a0%d7%95%d7%aa-%d7%9e%d7%a8%d7%95%d7%91%d7%a2%d7%95%d7%aa-%d7%96%d7%9b%d7%95%d7%9b%d7%99%d7%aa-%d7%90%d7%9e%d7%91%d7%a8-%d7%95%d7%9e%d7%9b%d7%a1%d7%94-%d7%96-2/","A","no_sku","",""
"fOKipG35Wwc8W73YqYN6","","תיק תכלת מלכותי בעיצוב Royal","52.15","כלי שולחן והגשה","paldinox","https://paldinox.co.il/product/35royal-%d7%aa%d7%99%d7%a7-%d7%aa%d7%9b%d7%9c%d7%aa-3844-5/","A","no_sku","",""
"fZdpjuJcovsLKIrzpiGK","","קופסת זכוכית רטרו עם מכסה – קטנה","36.97","עיצוב הבית","paldinox","https://paldinox.co.il/product/%d7%a7%d7%95%d7%a4%d7%a1%d7%aa-%d7%96%d7%9b%d7%95%d7%9b%d7%99%d7%aa-%d7%a9%d7%a7%d7%95%d7%a4%d7%94-%d7%a8%d7%98%d7%a8%d7%95-%d7%92%d7%95%d7%91%d7%94-15-%d7%a7%d7%95%d7%98%d7%a8-14-5-%d7%a1%d7%9e-3/","A","no_sku","",""
"foRqflAb4C9IBt4SOGKE","","H27 שמפנירה/טבעות זהב","250.44","עיצוב הבית","paldinox","https://paldinox.co.il/product/h27-%d7%a9%d7%9e%d7%a4%d7%a0%d7%99%d7%a8%d7%94-%d7%98%d7%91%d7%a2%d7%95%d7%aa-%d7%96%d7%94%d7%91-3/","A","no_sku","",""
"gcCOLbrSp6sAzsC2UXnZ","","מגש מתכת שחורה עם פעמון זכוכית","413.96","עיצוב הבית","paldinox","https://paldinox.co.il/product/h20-44-5-17-5-%d7%9e%d7%92%d7%a9-%d7%9e%d7%9c%d7%91%d7%a0%d7%99-%d7%9e%d7%aa%d7%9b%d7%aa-%d7%a9%d7%97%d7%95%d7%a8%d7%94-%d7%a4%d7%a2%d7%9e%d7%95%d7%9f-%d7%96%d7%9b%d7%95%d7%9b%d7%99%d7%aa-%d7%a9%d7%a7/","A","no_sku","",""
"gcGJHXKiwsDZmSDJ7vqR","","עגלת ירקות עגולה 3 קומות בלבן","715.28","עיצוב הבית","paldinox","https://paldinox.co.il/product/h80-%d7%a1%d7%984-%d7%a2%d7%92%d7%9c%d7%94-%d7%9c%d7%99%d7%a8%d7%a7%d7%95%d7%aa-%d7%a2%d7%92%d7%95%d7%9c%d7%94-3%d7%a7%d7%95%d7%9e%d7%95%d7%aa-%d7%9c%d7%91%d7%9f-2/","A","no_sku","",""
"hZGKr0JfYsTtiqL50QdM","","אגרטל Haze ברזל בציפוי אמייל – גובה 35 ס""מ","389.15","עיצוב הבית","paldinox","https://paldinox.co.il/product/%d7%90%d7%92%d7%a8%d7%98%d7%9c-%d7%90%d7%9e%d7%99%d7%99%d7%9c-haze-%d7%92%d7%95%d7%91%d7%94-35-%d7%a7%d7%95%d7%98%d7%a8-21-%d7%a1%d7%9e-%d7%91%d7%a8%d7%96%d7%9c/","A","no_sku","",""
"i11KQvV3zdfRzFBLCzFC","","כרית נוי 45/45 פסים אפור","152.34","עיצוב הבית","paldinox","https://paldinox.co.il/product/%d7%9b%d7%a8%d7%99%d7%aa-%d7%a0%d7%95%d7%99-45-45-%d7%a4%d7%a1%d7%99%d7%9d-%d7%90%d7%a4%d7%95%d7%a8-2/","A","no_sku","",""
"iCpfSsGm5b91VAU5Dibp","","מערכת הגשה לקפה ותה 33 חלקים Royal Lace לבן/ זהב New Bone China","1305.58","כלי שולחן והגשה","paldinox","https://paldinox.co.il/product/%d7%9e%d7%a2%d7%a8%d7%9b%d7%aa-%d7%94%d7%92%d7%a9%d7%94-%d7%9c%d7%a7%d7%a4%d7%94-%d7%95%d7%aa%d7%94-33-%d7%97%d7%9c%d7%a7%d7%99%d7%9d-royal-lace-%d7%9c%d7%91%d7%9f-%d7%96%d7%94%d7%91-new-bone-china/","A","no_sku","",""
"iP8dgUqiuYGPqGCoCs7g","","9*15 זוג נר ריחני לבן רענן","163.06","עיצוב הבית","paldinox","https://paldinox.co.il/product/915-%d7%96%d7%95%d7%92-%d7%a0%d7%a8-%d7%a8%d7%99%d7%97%d7%a0%d7%99-%d7%9c%d7%91%d7%9f-%d7%a8%d7%a2%d7%a0%d7%9f-2/","A","no_sku","",""
"iWn2BKpwPf1AYOCFTALp","","סט 6 חבקים למפיות עם דוגמת עלי שלכת בזהב","63.07","כלי שולחן והגשה","paldinox","https://paldinox.co.il/product/%d7%a1%d7%986-%d7%97%d7%91%d7%a7%d7%99%d7%9d-%d7%9c%d7%9e%d7%a4%d7%99%d7%95%d7%aa-%d7%a2%d7%9c%d7%99-%d7%a9%d7%9c%d7%9b%d7%aa-%d7%96%d7%94%d7%91-4%d7%a1%d7%9e/","A","no_sku","",""
"iZZIIrKlIKvZ8TYQJoJ7","","סט 3 פמוטים מתכת בגוון בז' בגבהים שונים","97.84","עיצוב הבית","paldinox","https://paldinox.co.il/product/%d7%a1%d7%98-3-%d7%a4%d7%9e%d7%95%d7%98%d7%99-%d7%9e%d7%aa%d7%9b%d7%aa-%d7%91%d7%96-%d7%92%d7%91%d7%94%d7%99%d7%9d-35-30-25-%d7%a7%d7%95%d7%98%d7%a8-8-8-%d7%a1%d7%9e/","A","no_sku","",""
"j3BCzy5ZszMJpmZ9bHGD","","דיקנטר Bamboo לשולחן שבת","430.48","כלי שולחן והגשה","paldinox","https://paldinox.co.il/product/bamboo-080-%d7%93%d7%99%d7%a7%d7%a0%d7%98%d7%a8/","A","no_sku","",""
"j5XoDnFY6Oc7l9f9gXJQ","","קערת קריסטל דאבלין","123.91","עיצוב הבית","paldinox","https://paldinox.co.il/product/%d7%a7%d7%a2%d7%a8%d7%aa-%d7%a7%d7%a8%d7%99%d7%a1%d7%98%d7%9c-%d7%93%d7%90%d7%91%d7%9c%d7%99%d7%9f-%d7%a7%d7%95%d7%98%d7%a8-25-5%d7%a1%d7%9e-h11-5/","A","no_sku","",""
"jSPlr3Dc3BbvUdCi4NQ2","","אגרטל קריסטל Origami","389.15","עיצוב הבית","paldinox","https://paldinox.co.il/product/h32-%d7%90%d7%92%d7%a8%d7%98%d7%9c-%d7%a7%d7%a8%d7%99%d7%a1%d7%98%d7%9c-origami/","A","no_sku","",""
"jYKbkHpqP3Sdh72G0loc","","עששית עגולה מתכת שחור","43.49","עיצוב הבית","paldinox","https://paldinox.co.il/product/h9d9-5-%d7%a2%d7%a9%d7%a9%d7%99%d7%aa-%d7%a2%d7%92%d7%95%d7%9c%d7%94-%d7%9e%d7%aa%d7%9b%d7%aa-%d7%a9%d7%97%d7%95%d7%a8/","A","no_sku","",""
"jbxDLNedkxNY8OSEBYTV","","STRIX סט 6 כוסות יין 360 מ”ל","130.43","כלי שולחן והגשה","paldinox","https://paldinox.co.il/product/strix-%d7%a1%d7%98-6-%d7%9b%d7%95%d7%a1%d7%95%d7%aa-%d7%99%d7%99%d7%9f-360-%d7%9e%d7%9c/","A","no_sku","",""
"jd7StogAnp9H1lykM8VF","","זוג מגשי אובלי 30.5/24 ס”מ פולירזין אפור גובה 3.2 ס”מ","476.13","כלי שולחן והגשה","paldinox","https://paldinox.co.il/product/%d7%96%d7%95%d7%92-%d7%9e%d7%92%d7%a9%d7%99-%d7%90%d7%95%d7%91%d7%9c%d7%99-30-5-24-%d7%a1%d7%9e-%d7%a4%d7%95%d7%9c%d7%99%d7%a8%d7%96%d7%99%d7%9f-%d7%90%d7%a4%d7%95%d7%a8-%d7%92%d7%95%d7%91%d7%94-3-2/","A","no_sku","",""
"jgnV2p32WVkrV51tS7Fi","","כרית נוי 45/45 פסים ורוד","152.34","עיצוב הבית","paldinox","https://paldinox.co.il/product/%d7%9b%d7%a8%d7%99%d7%aa-%d7%a0%d7%95%d7%99-45-45-%d7%a4%d7%a1%d7%99%d7%9d-%d7%95%d7%a8%d7%95%d7%93-2/","A","no_sku","",""
"k5mgJjRDUw6GMcLv0zqV","","מגש מתכת בשילוב כסף וזהב","211.2","כלי שולחן והגשה","paldinox","https://paldinox.co.il/product/%d7%9e%d7%92%d7%a9-%d7%9e%d7%aa%d7%9b%d7%aa-%d7%a6%d7%99%d7%a4%d7%95%d7%99-%d7%9b%d7%a1%d7%a3-%d7%a9%d7%95%d7%9c%d7%99%d7%99%d7%9d-%d7%96%d7%94%d7%91-36-23-5-%d7%92%d7%95%d7%91%d7%94-8-%d7%a1%d7%9e/","A","no_sku","",""
"kXjuzx5YnC2u4rac1dDP","","פח אשפה שחור לבן וזהב עם דוגמת נוצות","302.21","עיצוב הבית","paldinox","https://paldinox.co.il/product/h29-22-22-%d7%a4%d7%97-%d7%90%d7%a9%d7%a4%d7%94-%d7%a0%d7%95%d7%a6%d7%95%d7%aa-%d7%a9%d7%97%d7%95%d7%a8-%d7%9c%d7%91%d7%9f-%d7%96%d7%94%d7%91/","A","no_sku","",""
"kov46hrVmB0baAMeHIl5","","שמפנירה עם טבעות 27 ס”מ כסף עם בסיס","250.44","עיצוב הבית","paldinox","https://paldinox.co.il/product/%d7%a9%d7%9e%d7%a4%d7%a0%d7%99%d7%a8%d7%94-%d7%a2%d7%9d-%d7%98%d7%91%d7%a2%d7%95%d7%aa-27-%d7%a1%d7%9e-%d7%9b%d7%a1%d7%a3-%d7%a2%d7%9d-%d7%91%d7%a1%d7%99%d7%a1/","A","no_sku","",""
"lJKrTPop9zQLZlYS2R0g","","רוקי מאפרה","258.72","כלי שולחן והגשה","paldinox","https://paldinox.co.il/product/%d7%a8%d7%95%d7%a7%d7%99-%d7%9e%d7%90%d7%a4%d7%a8%d7%94-12/","A","no_sku","",""
"m5D4qZb4VrxSSUDJZAgc","","מעמד מתכת זוגי עם 6 מזלגיות/ 6 כפיות וידית נשיאה ציפוי זהב/יהלום 14.8/7 ס”מ גובה 20 ס”מ","236.99","כלי שולחן והגשה","paldinox","https://paldinox.co.il/product/%d7%9e%d7%a2%d7%9e%d7%93-%d7%9e%d7%aa%d7%9b%d7%aa-%d7%96%d7%95%d7%92%d7%99-%d7%a2%d7%9d-6-%d7%9e%d7%96%d7%9c%d7%92%d7%99%d7%95%d7%aa-6-%d7%9b%d7%a4%d7%99%d7%95%d7%aa-%d7%95%d7%99%d7%93%d7%99%d7%aa-2/","A","no_sku","",""
"m8JoZdCA6KnF7MPBMMzd","","מעמד קומותיים עגול מתכת שחור פעמון זכוכית שקוף גובה 42 ס”מ קוטר 25.5 ס”מ","457.56","עיצוב הבית","paldinox","https://paldinox.co.il/product/%d7%9e%d7%a2%d7%9e%d7%93-%d7%a7%d7%95%d7%9e%d7%95%d7%aa%d7%99%d7%99%d7%9d-%d7%a2%d7%92%d7%95%d7%9c-%d7%9e%d7%aa%d7%9b%d7%aa-%d7%a9%d7%97%d7%95%d7%a8-%d7%a4%d7%a2%d7%9e%d7%95%d7%9f-%d7%96%d7%9b%d7%95-2/","A","no_sku","",""
"mMuXiJcsOHAQ6pA9t9Ye","","35/19 מגש מלבני זכוכית/ניקל","119.57","כלי שולחן והגשה","paldinox","https://paldinox.co.il/product/35-19-%d7%9e%d7%92%d7%a9-%d7%9e%d7%9c%d7%91%d7%a0%d7%99-%d7%96%d7%9b%d7%95%d7%9b%d7%99%d7%aa-%d7%a0%d7%99%d7%a7%d7%9c/","A","no_sku","",""
"mpTmOTpj9B91R0z9gEYg","","סט 3 צנצנות זכוכית עם מכסה שחור – 1.3 ליטר","141.29","עיצוב הבית","paldinox","https://paldinox.co.il/product/h20-%d7%a1%d7%98-3-%d7%a6%d7%a0%d7%a6%d7%a0%d7%95%d7%aa-%d7%96%d7%9b%d7%95%d7%9b%d7%99%d7%aa-%d7%9e%d7%9b%d7%a1%d7%94-%d7%a9%d7%97%d7%95%d7%a8-1-3%d7%9c%d7%99%d7%98%d7%a8-d10-2/","A","no_sku","",""
"nREI2tuIDQSWfJ3fFANW","","מגש עגול 32 סמ מוכסף חרוזים","119.57","כלי שולחן והגשה","paldinox","https://paldinox.co.il/product/%d7%9e%d7%92%d7%a9-%d7%a2%d7%92%d7%95%d7%9c-32-%d7%a1%d7%9e-%d7%9e%d7%95%d7%9b%d7%a1%d7%a3-%d7%97%d7%a8%d7%95%d7%96%d7%99%d7%9d-2/","A","no_sku","",""
"nU5Pwybn7BMeJ9rSSHst","","מגש אובלי מוכסף בגוון זהב","43.49","כלי שולחן והגשה","paldinox","https://paldinox.co.il/product/30x18-%d7%9e%d7%95%d7%9b%d7%a1%d7%a3-%d7%9e%d7%92%d7%a9-%d7%90%d7%95%d7%91%d7%9c%d7%99-%d7%96%d7%94%d7%91/","A","no_sku","",""
"o06AKzdHXD0yTzZ8MGmS","","סט 6 חבקים למפיות זהב יהלומים","150.01","כלי שולחן והגשה","paldinox","https://paldinox.co.il/product/%d7%a1%d7%986-%d7%97%d7%91%d7%a7%d7%99%d7%9d-%d7%9c%d7%9e%d7%a4%d7%99%d7%95%d7%aa-%d7%99%d7%94%d7%9c%d7%95%d7%9e%d7%99%d7%9d-%d7%96%d7%94%d7%91-4-3%d7%a1%d7%9e/","A","no_sku","",""
"o9GuhVjFR4Pkzy8uBQTT","","סט 6 כוסות שתיה קרה זכוכית פסים 300 מ”ל","106.54","כלי שולחן והגשה","paldinox","https://paldinox.co.il/product/%d7%a1%d7%98-6-%d7%9b%d7%95%d7%a1%d7%95%d7%aa-%d7%a9%d7%aa%d7%99%d7%94-%d7%a7%d7%a8%d7%94-%d7%96%d7%9b%d7%95%d7%9b%d7%99%d7%aa-%d7%a4%d7%a1%d7%99%d7%9d-300-%d7%9e%d7%9c/","A","no_sku","",""
"oGtfot4dro2Rg8T2upeh","","קערת הגשה אובלית מתכת וזכוכית בעיצוב יוקרתי","431.4","כלי שולחן והגשה","paldinox","https://paldinox.co.il/product/%d7%a7%d7%a2%d7%a8%d7%94-%d7%90%d7%95%d7%91%d7%9c%d7%99%d7%aa-%d7%a2%d7%9c-%d7%a8%d7%92%d7%9c-%d7%9e%d7%aa%d7%9b%d7%aa-%d7%96%d7%94%d7%91-%d7%a4%d7%a2%d7%9e%d7%95%d7%9f-%d7%96%d7%9b%d7%95%d7%9b%d7%99/","A","no_sku","",""
"oQ5flUnNlQl91MHrpHve","","סט 6 כפיות בארוק בציפוי זהב","80.42","כלי שולחן והגשה","paldinox","https://paldinox.co.il/product/%d7%a1%d7%98-6-%d7%9b%d7%a4%d7%99%d7%95%d7%aa-%d7%91%d7%90%d7%a8%d7%95%d7%a7-%d7%96%d7%94%d7%91/","A","no_sku","",""
"oj3dvAz7EqP41DObMVEh","","זוג מגשי מתכת מלבני שחור/ ידיות 79/18","719.16","כלי שולחן והגשה","paldinox","https://paldinox.co.il/product/%d7%96%d7%95%d7%92-%d7%9e%d7%92%d7%a9%d7%99-%d7%9e%d7%aa%d7%9b%d7%aa-%d7%9e%d7%9c%d7%91%d7%a0%d7%99-%d7%a9%d7%97%d7%95%d7%a8-%d7%99%d7%93%d7%99%d7%95%d7%aa-79-18-2/","A","no_sku","",""
"pKHsRquFgw8KlDd7Yfjj","","סט 6 צלחות Royal 28 ס""מ","932.69","כלי שולחן והגשה","paldinox","https://paldinox.co.il/product/royal-%d7%a1%d7%986-%d7%a6%d7%9c%d7%97%d7%95%d7%aa-28%d7%a1%d7%9e-3/","A","no_sku","",""
"pSqmzC67hk1LhfOSvRVo","","מערכת אוכל 18 חלקים Anna לבן וזהב – Fine Bone China","869.54","כלי שולחן והגשה","paldinox","https://paldinox.co.il/product/%d7%9e%d7%a2%d7%a8%d7%9b%d7%aa-%d7%90%d7%95%d7%9b%d7%9c-18-%d7%97%d7%9c%d7%a7%d7%99%d7%9d-anna-%d7%9c%d7%91%d7%9f-%d7%96%d7%94%d7%91-%d7%a7%d7%98%d7%a8%d7%99%d7%9d-28-22-17-6-%d7%a1%d7%9e-%d7%a2/","A","no_sku","",""
"pfMbhxTXyHrNCelTvPm5","","סט 4 עגלות הגשה עגולות 4 קומות בזהב","1237.06","כלי שולחן והגשה","paldinox","https://paldinox.co.il/product/%d7%a1%d7%98-4-%d7%a2%d7%92%d7%9c%d7%94-%d7%9c%d7%99%d7%a8%d7%a7%d7%95%d7%aa-%d7%a2%d7%92%d7%95%d7%9c%d7%94-4-%d7%a7%d7%95%d7%9e%d7%95%d7%aa-%d7%96%d7%94%d7%91/","A","no_sku","",""
"q3D382Nd27EOP3QdxZ4G","","מגש עגול זכוכית שקוף עם רגל זהב","435.76","כלי שולחן והגשה","paldinox","https://paldinox.co.il/product/h52d28-%d7%9e%d7%92%d7%a9-%d7%a2%d7%92%d7%95%d7%9c-%d7%a2%d7%9c-%d7%a8%d7%92%d7%9c-%d7%9e%d7%aa%d7%9b%d7%aa-%d7%96%d7%94%d7%91-%d7%a4%d7%a2%d7%9e%d7%95%d7%9f-%d7%96%d7%9b%d7%95%d7%9b%d7%99%d7%aa/","A","no_sku","",""
"q9GQPLQuhnBJcwWc9ueV","","סט 6 מאגים Heritage טורקיז 300 מ""ל","454.27","כלי שולחן והגשה","paldinox","https://paldinox.co.il/product/heritage-%d7%a1%d7%98-6-%d7%9e%d7%90%d7%92-300-%d7%9e%d7%9c-%d7%98%d7%95%d7%a8%d7%a7%d7%99%d7%96-2/","A","no_sku","",""
"qEzhIdHmJv2ztNLZml7q","","סט 6 כוסות ברנדי CITY – 660 מ""ל","173.92","כלי שולחן והגשה","paldinox","https://paldinox.co.il/product/660ml-%d7%a1%d7%986-%d7%9b%d7%95%d7%a1-%d7%91%d7%a8%d7%a0%d7%93%d7%99-city-2/","A","no_sku","",""
"qLFR2dE5glv6akyr0cdq","","סט 6 צלחות La Majorelle בגוון ורוד","317.32","כלי שולחן והגשה","paldinox","https://paldinox.co.il/product/la-majorelle-%d7%a1%d7%98-6-%d7%a6%d7%9c%d7%97%d7%aa-17-%d7%a1%d7%9e-%d7%95%d7%a8%d7%95%d7%93/","A","no_sku","",""
"qbSpCRGIWQ4GIVzudcKV","","דיבשית זכוכית עם כפית ופעמון זהב","152.38","עיצוב הבית","paldinox","https://paldinox.co.il/product/%d7%93%d7%99%d7%91%d7%a9%d7%99%d7%aa-%d7%a1%d7%95%d7%9b%d7%a8%d7%95%d7%9f-%d7%a2%d7%9d-%d7%9b%d7%a4%d7%99%d7%aa-%d7%96%d7%94%d7%91-%d7%a4%d7%a2%d7%9e%d7%95%d7%9f-%d7%96%d7%9b%d7%95%d7%9b%d7%99/","A","no_sku","",""
"qk1nLzvkhyrQ1kjktltU","","קופסת פורצלן זהב עם מכסה זכוכית ועיטור אפור","302.21","עיצוב הבית","paldinox","https://paldinox.co.il/product/%d7%a7%d7%95%d7%a4%d7%a1%d7%aa-%d7%a4%d7%95%d7%a8%d7%a6%d7%9c%d7%9f-%d7%96%d7%94%d7%91-%d7%9e%d7%9b%d7%a1%d7%94-%d7%96%d7%9b%d7%95%d7%9b%d7%99%d7%aa-%d7%a2%d7%99%d7%98%d7%95%d7%a8-%d7%90%d7%a4%d7%95/","A","no_sku","",""
"qrBXAHXdIMcqkhf4TZ2G","","סט 3 צנצנות זכוכית עם מכסה זהב – 0.95 ליטר","228.29","עיצוב הבית","paldinox","https://paldinox.co.il/product/h15-%d7%a1%d7%98-3-%d7%a6%d7%a0%d7%a6%d7%a0%d7%95%d7%aa-%d7%96%d7%9b%d7%95%d7%9b%d7%99%d7%aa-%d7%95%d7%9e%d7%9b%d7%a1%d7%94-%d7%96%d7%94%d7%91-0-95l-d11-2/","A","no_sku","",""
"r0YCIZXW4Ve224yBdmhx","","אגרטל מתכת זהב על בסיס שיש","215.25","עיצוב הבית","paldinox","https://paldinox.co.il/product/%d7%90%d7%92%d7%a8%d7%98%d7%9c-%d7%9e%d7%aa%d7%9b%d7%aa-%d7%96%d7%94%d7%91-%d7%91%d7%9e%d7%a2%d7%9e%d7%93-%d7%a9%d7%99%d7%a9-16-8-%d7%92%d7%95%d7%91%d7%94-27-%d7%a1%d7%9e-2/","A","no_sku","",""
"r9Hua3P6r1rAd5dZJKm4","","קערת מתכת עגולה על רגל עם עיצוב מינימליסטי","115.3","עיצוב הבית","paldinox","https://paldinox.co.il/product/%d7%a7%d7%a2%d7%a8%d7%aa-%d7%9e%d7%aa%d7%9b%d7%aa-%d7%a2%d7%92%d7%95%d7%9c%d7%94-%d7%a2%d7%9c-%d7%a8%d7%92%d7%9c-%d7%a7%d7%95%d7%98%d7%a8-18-%d7%92%d7%95%d7%91%d7%94-9-%d7%a1%d7%9e/","A","no_sku","",""
"rPU5ShcaZ5QwJypkYOeO","","דיקנטר זכוכית בצורת U – 1100 מ""ל","130.43","כלי שולחן והגשה","paldinox","https://paldinox.co.il/product/%d7%93%d7%99%d7%a7%d7%a0%d7%98%d7%a8-1100-%d7%9e%d7%9c-%d7%96%d7%9b%d7%95%d7%9b%d7%99%d7%aa-%d7%a9%d7%a7%d7%95%d7%a4%d7%94-%d7%a6%d7%95%d7%a8%d7%aa-u/","A","no_sku","",""
"rgwPMvdNrKvjN0yzkuFV","","זוג ברבורים קריסטל אפור וענבר","106.54","כלי שולחן והגשה","paldinox","https://paldinox.co.il/product/%d7%96%d7%95%d7%92-%d7%91%d7%a8%d7%91%d7%95%d7%a8%d7%99%d7%9d-%d7%a7%d7%a8%d7%99%d7%a1%d7%98%d7%9c-%d7%90%d7%a4%d7%95%d7%a8-%d7%a2%d7%a0%d7%91%d7%a8-3-7-5-%d7%a1%d7%9e-%d7%92%d7%95%d7%91%d7%94-8/","A","no_sku","",""
"rjXRDP8cRCGMhJdZVJN2","","קרש חיתוך עץ טבעי להגשה","193.5","כלי שולחן והגשה","paldinox","https://paldinox.co.il/product/%d7%a7%d7%a8%d7%a9-%d7%97%d7%99%d7%aa%d7%95%d7%9a-%d7%a2%d7%a5-%d7%98%d7%91%d7%a2%d7%99-75-22-%d7%a1%d7%9e/","A","no_sku","",""
"rka1IwDn8jNEtD1kz1ja","","מגש מראה עם כדורים מוזהב","280.48","עיצוב הבית","paldinox","https://paldinox.co.il/product/40x25-%d7%9e%d7%92%d7%a9-%d7%9e%d7%a8%d7%90%d7%94-%d7%9b%d7%93%d7%95%d7%a8%d7%99%d7%9d-%d7%9e%d7%95%d7%96%d7%94%d7%91/","A","no_sku","",""
"s3AeQc8QeZKafP839sJg","","סט 3 צנצנות זכוכית מרובעות עם מכסה שחור","184.8","עיצוב הבית","paldinox","https://paldinox.co.il/product/h20-%d7%a1%d7%98-3-%d7%a6%d7%a0%d7%a6%d7%a0%d7%95%d7%aa-%d7%96%d7%9b%d7%95%d7%9b%d7%99%d7%aa-%d7%9e%d7%a8%d7%95%d7%91%d7%a2%d7%95%d7%aa-%d7%9e%d7%9b%d7%a1%d7%94-%d7%a9%d7%97%d7%95%d7%a8-1-5%d7%9c-2/","A","no_sku","",""
"sBXVoOBJftyMGzXXHM0N","","מלקחיים להגשת סלט בגוון זהב","41.31","כלי שולחן והגשה","paldinox","https://paldinox.co.il/product/%d7%9e%d7%9c%d7%a7%d7%97%d7%99%d7%99%d7%9d-%d7%9c%d7%94%d7%92%d7%a9%d7%aa-%d7%a1%d7%9c%d7%98-%d7%96%d7%94%d7%91-2/","A","no_sku","",""
"sJjrYxggnpWEp40vA5nk","","סט 12 כוסות קפה בדואי זכוכית שקופה 60 מ”ל ופס זהב","184.8","כלי שולחן והגשה","paldinox","https://paldinox.co.il/product/%d7%a1%d7%98-12-%d7%9b%d7%95%d7%a1%d7%95%d7%aa-%d7%a7%d7%a4%d7%94-%d7%91%d7%93%d7%95%d7%90%d7%99-%d7%96%d7%9b%d7%95%d7%9b%d7%99%d7%aa-%d7%a9%d7%a7%d7%95%d7%a4%d7%94-60-%d7%9e%d7%9c-%d7%95%d7%a4/","A","no_sku","",""
"sPWHeqROItfN2wZzqECX","","מגש עגול זהב בעיצוב ערבסק עם פעמון זכוכית","433.78","כלי שולחן והגשה","paldinox","https://paldinox.co.il/product/%d7%9e%d7%92%d7%a9-%d7%a2%d7%92%d7%95%d7%9c-%d7%a2%d7%a8%d7%91%d7%a1%d7%a7-%d7%a2%d7%9c-%d7%a8%d7%92%d7%9c-%d7%90%d7%9c%d7%95%d7%9e%d7%99%d7%a0%d7%99%d7%95%d7%9d-%d7%96%d7%94%d7%91-%d7%95%d7%a4%d7%a2/","A","no_sku","",""
"sk2tvN7Karj6fIKCpcFX","","קנקן תה ROYAL 1.65 ליטר","410.91","כלי שולחן והגשה","paldinox","https://paldinox.co.il/product/royal-%d7%a7%d7%a0%d7%a7%d7%9f-%d7%9c%d7%aa%d7%94-1-65l/","A","no_sku","",""
"sz3DHGiSsce16A6rXLMC","","דיקנטר CASABLANCA להגשה","432.64","כלי שולחן והגשה","paldinox","https://paldinox.co.il/product/%d7%93%d7%99%d7%a7%d7%a0%d7%98%d7%a8-casablanca-0-75l/","A","no_sku","",""
"tAO5H36E8uSZ0rzmESmi","","מגש מלבני מתכת שחור עם ידיות","171.96","כלי שולחן והגשה","paldinox","https://paldinox.co.il/product/%d7%9e%d7%92%d7%a9-%d7%9e%d7%9c%d7%91%d7%a0%d7%99-%d7%9e%d7%aa%d7%9b%d7%aa-%d7%a9%d7%97%d7%95%d7%a8-%d7%99%d7%93%d7%99%d7%95%d7%aa-47-21-%d7%a1%d7%9e/","A","no_sku","",""
"tAo8r8GcFyHNkPQPMMNL","","קערת קריסטל יוקו","606.56","כלי שולחן והגשה","paldinox","https://paldinox.co.il/product/%d7%99%d7%95%d7%a7%d7%95-%d7%a7%d7%a2%d7%a8%d7%94-305/","A","no_sku","",""
"tH23eQp0Hq9m1CvL0kmf","","מגש עגול מוכסף עם עיטור חרוזים","119.57","כלי שולחן והגשה","paldinox","https://paldinox.co.il/product/%d7%9e%d7%92%d7%a9-%d7%a2%d7%92%d7%95%d7%9c-32-%d7%a1%d7%9e-%d7%9e%d7%95%d7%9b%d7%a1%d7%a3-%d7%97%d7%a8%d7%95%d7%96%d7%99%d7%9d/","A","no_sku","",""
"tO2PhsL7IrzQOrakPtJX","","22/19 צלחת עוגה קריסטל ORIGAMI","71.74","כלי שולחן והגשה","paldinox","https://paldinox.co.il/product/30-22-%d7%a6%d7%9c%d7%97%d7%aa-%d7%a7%d7%a8%d7%99%d7%a1%d7%98%d7%9c-origami/","A","no_sku","",""
"u12YsLG7Ii3yoakO3G3c","","Jolie סט 6 כוסות מים ירוק בהיר 360מל","362.95","כלי שולחן והגשה","paldinox","https://paldinox.co.il/product/jolie-%d7%a1%d7%98-6-%d7%9b%d7%95%d7%a1%d7%95%d7%aa-%d7%9e%d7%99%d7%9d-%d7%99%d7%a8%d7%95%d7%a7-%d7%91%d7%94%d7%99%d7%a8-360%d7%9e%d7%9c/","A","no_sku","",""
"uWc7Cx3zjwPC3FNrmkL8","","סט 6 צלחות מרק Winter Wonderland ירוק – 21 ס״מ","454.27","כלי שולחן והגשה","paldinox","https://paldinox.co.il/product/winter-wonderland-%d7%a1%d7%98-6-%d7%a6%d7%9c%d7%97%d7%aa-%d7%9c%d7%9e%d7%a8%d7%a7-21-%d7%a1%d7%9e-%d7%99%d7%a8%d7%95%d7%a7-2/","A","no_sku","",""
"urcYy0ZyqNZzXHYJd7CJ","","סט 4 עגלות הגשה 3 קומות בצבע שחור מט","715.28","כלי שולחן והגשה","paldinox","https://paldinox.co.il/product/%d7%a1%d7%98-4-%d7%a2%d7%92%d7%9c%d7%94-%d7%9c%d7%99%d7%a8%d7%a7%d7%95%d7%aa-3-%d7%a7%d7%95%d7%9e%d7%95%d7%aa-%d7%a9%d7%97%d7%95%d7%a8-%d7%9e%d7%98/","A","no_sku","",""
"uzzkzdXHgQDoHM5TtcDe","","מגש הגשה מתכת ניקל שחור עם שוליים זהב","211.2","כלי שולחן והגשה","paldinox","https://paldinox.co.il/product/%d7%9e%d7%92%d7%a9-%d7%9e%d7%aa%d7%9b%d7%aa-%d7%a0%d7%99%d7%a7%d7%9c-%d7%a9%d7%97%d7%95%d7%a8-%d7%a9%d7%95%d7%9c%d7%99%d7%99%d7%9d-%d7%96%d7%94%d7%91-36-23-5-%d7%92%d7%95%d7%91%d7%94-8-%d7%a1%d7%9e-2/","A","no_sku","",""
"v1chjO2bEB88LT2ajN6w","","קערת קריסטל בעיצוב Origami עם רגל","541.34","כלי שולחן והגשה","paldinox","https://paldinox.co.il/product/352717-%d7%91%d7%95%d7%a0%d7%91%d7%95%d7%a0%d7%99%d7%a8%d7%94-%d7%a7%d7%a8%d7%99%d7%a1%d7%98%d7%9c-%d7%a8%d7%92%d7%9c-origami/","A","no_sku","",""
"vBOUiJ4agZ0kYhFmt1xA","","מגש מוכסף בטכניקת ריקוע","80.44","כלי שולחן והגשה","paldinox","https://paldinox.co.il/product/%d7%9e%d7%92%d7%a9-%d7%9e%d7%95%d7%9b%d7%a1%d7%a3-%d7%a8%d7%a7%d7%95%d7%a2-32x16/","A","no_sku","",""
"weIoNFdOPiBeXfl3grUM","","סיר OSLO שחור עם מכסה זכוכית וציפוי שיש – 6.3 ליטר","326.76","כלי שולחן והגשה","paldinox","https://paldinox.co.il/product/%d7%a1%d7%99%d7%a8-28-%d7%a1%d7%9e-6-3-%d7%9c%d7%99%d7%98%d7%a8-%d7%a9%d7%97%d7%95%d7%a8-%d7%9e%d7%9b%d7%a1%d7%94-%d7%96%d7%9b%d7%95%d7%9b%d7%99%d7%aa-oslo-%d7%a6%d7%99%d7%a4%d7%95%d7%99-%d7%a9-2/","A","no_sku","",""
"wmppJJOuDoja9aD9X0S4","","סט מזון לחיצת ואקום 3 צנצנות זכוכית לבן /זהב 900 מ”ל תה קפה סוכר","193.5","כלי שולחן והגשה","paldinox","https://paldinox.co.il/product/%d7%a1%d7%98-%d7%9e%d7%96%d7%95%d7%9f-%d7%9c%d7%97%d7%99%d7%a6%d7%aa-%d7%95%d7%90%d7%a7%d7%95%d7%9d-3-%d7%a6%d7%a0%d7%a6%d7%a0%d7%95%d7%aa-%d7%96%d7%9b%d7%95%d7%9b%d7%99%d7%aa-%d7%9c%d7%91%d7%9f/","A","no_sku","",""
"wtSxpaGCW345mnjv2GAV","","מערכת אוכל 18 חלקים Diana לבן וזהב – New Bone China","937.16","כלי שולחן והגשה","paldinox","https://paldinox.co.il/product/%d7%9e%d7%a2%d7%a8%d7%9b%d7%aa-%d7%90%d7%95%d7%9b%d7%9c-18-%d7%97%d7%9c%d7%a7%d7%99%d7%9d-diana-%d7%9c%d7%91%d7%9f-%d7%96%d7%94%d7%91-new-bone-china/","A","no_sku","",""
"xTJ7ohcX1M1vWaDEI037","","מגש עגול למצה שמורה כסף – 41 ס""מ","119.57","כלי שולחן והגשה","paldinox","https://paldinox.co.il/product/%d7%9e%d7%92%d7%a9-%d7%a2%d7%92%d7%95%d7%9c-%d7%9c%d7%9e%d7%a6%d7%94-%d7%a9%d7%9e%d7%95%d7%a8%d7%94-%d7%9b%d7%a1%d7%a3/","A","no_sku","",""
"xo9K0DVVmrPhBYf3gpLs","","סט 6 כוסות שתיה קרה diamond כחול וזהב","150.03","כלי שולחן והגשה","paldinox","https://paldinox.co.il/product/%d7%a1%d7%98-6-%d7%9b%d7%95%d7%a1%d7%95%d7%aa-%d7%a9%d7%aa%d7%99%d7%94-%d7%a7%d7%a8%d7%94-diamond-%d7%96%d7%9b%d7%95%d7%9b%d7%99%d7%aa-360-%d7%9e%d7%9c-%d7%a4%d7%a1-%d7%96%d7%94%d7%91/","A","no_sku","",""
"xtqvtZkEDvV59FACcSoj","","מגש מתכת עם ידיות בגימור זהב","206.86","כלי שולחן והגשה","paldinox","https://paldinox.co.il/product/44-21-5-%d7%9e%d7%92%d7%a9-%d7%9e%d7%aa%d7%9b%d7%aa-%d7%99%d7%93%d7%99%d7%95%d7%aa-%d7%9e%d7%90%d7%95%d7%a8%d7%9a-%d7%96%d7%94%d7%91/","A","no_sku","",""
"yAvvC1C8Z9pZg5sfbTXC","","סט 6 כוסות שתיה קרה זכוכית פסים – 315 מ""ל","130.43","כלי שולחן והגשה","paldinox","https://paldinox.co.il/product/%d7%a1%d7%98-6-%d7%9b%d7%95%d7%a1%d7%95%d7%aa-%d7%a9%d7%aa%d7%99%d7%94-%d7%a7%d7%a8%d7%94-%d7%96%d7%9b%d7%95%d7%9b%d7%99%d7%aa-%d7%a4%d7%a1%d7%99%d7%9d-%d7%a9%d7%a7%d7%95%d7%a4%d7%94-315-%d7%9e/","A","no_sku","",""
"yiIEdImhKiPpQyNEnL2H","","קנקן מים Ipanema בנפח 2.0 ליטר","215.23","כלי שולחן והגשה","paldinox","https://paldinox.co.il/product/2-0%d7%9c-%d7%a7%d7%a0%d7%a7%d7%9f-%d7%9e%d7%99%d7%9d-ipanema/","A","no_sku","",""
"z2zG4yrL3ZBFfiDmwLkh","","סט 6 קעריות מרק כחול – Berry Blues","693.55","כלי שולחן והגשה","paldinox","https://paldinox.co.il/product/berry-blues-%d7%a1%d7%98-6-%d7%a7%d7%a2%d7%a8%d7%99%d7%95%d7%aa-%d7%9c%d7%9e%d7%a8%d7%a7-%d7%9b%d7%97%d7%95%d7%9c-%d7%a7%d7%95%d7%98%d7%a8-15-%d7%a1%d7%9e/","A","no_sku","",""
"zTwCrX5C76EhpPcgVQc6","","סט 6 תחתיות מרובעות בעיטור זהב","54.35","כלי שולחן והגשה","paldinox","https://paldinox.co.il/product/%d7%a1%d7%98-6-%d7%aa%d7%97%d7%aa%d7%99%d7%95%d7%aa-%d7%9e%d7%a8%d7%95%d7%91%d7%a2-%d7%a2%d7%99%d7%98%d7%95%d7%a8-%d7%96%d7%94%d7%91-2/","A","no_sku","",""