doc_id,our_name,paldinox_name,match_confidence,match_score,paldinox_sku,sku_method,source_url,cat,price
"09BTvmU0250JUh0rlVly","מערכת אוכל Diana לבן וזהב – 18 חלקים New Bone China","מערכת אוכל 18 חלקים Diana לבן/זהב New Bone China","fuzzy","0.90","","HTTP_404","https://paldinox.co.il/product/%d7%9e%d7%a2%d7%a8%d7%9b%d7%aa-%d7%90%d7%95%d7%9b%d7%9c-18%d7%97%d7%9c-diana-%d7%9c%d7%91%d7%9f-%d7%96%d7%94%d7%91/","כלי שולחן והגשה","937.16"
"0B5FKGXOGDBubhWjWqqw","זוג קערות פולירזין חום טייגר קוטר 37.5 גובה 10 ס”מ","זוג קערות פולירזין חום טייגר קוטר 37.5 גובה 10 ס”מ","exact","1.00","","HTTP_404","https://paldinox.co.il/product/%d7%96%d7%95%d7%92-%d7%a7%d7%a2%d7%a8%d7%95%d7%aa-%d7%a4%d7%95%d7%9c%d7%99%d7%a8%d7%96%d7%99%d7%9f-%d7%97%d7%95%d7%9d-%d7%98%d7%99%d7%99%d7%92%d7%a8-%d7%a7%d7%95%d7%98%d7%a8-37-5-%d7%92%d7%95%d7%91/","כלי שולחן והגשה","651.56"
"0YOqFWfcyU3ISwvgCufi","סט 2 פמוטים עץ שחור עם ברזל","","url_only","","X4831B","json-ld","https://paldinox.co.il/product/h38-31-%d7%a1%d7%98-2-%d7%a4%d7%9e%d7%95%d7%98%d7%99-%d7%a2%d7%a5-%d7%a9%d7%97%d7%95%d7%a8-%d7%91%d7%a8%d7%96%d7%9c-d10/","עיצוב הבית","432.64"
"0Zpnat72J1Lymr2Q8tpY","מגש עגול על רגל זכוכית גבישית עם פס זהב","","url_only","","","HTTP_404","https://paldinox.co.il/product/%d7%9e%d7%92%d7%a9-%d7%a2%d7%92%d7%95%d7%9c-%d7%a2%d7%9c-%d7%a8%d7%92%d7%9c-kim-%d7%a7%d7%95%d7%98%d7%a8-32-%d7%a1%d7%9e-%d7%96%d7%9b%d7%95%d7%9b%d7%99%d7%aa-%d7%92%d7%91%d7%99%d7%a9%d7%99-%d7%a9/","כלי שולחן והגשה","119.57"
"0qXNfNez5mYjGAjnYGBa","סט 6 כוסות קרמיקה Green Lake – 300 מ""ל","סט 6 כוסות קרמיקה 300 מ”ל Green Lake","fuzzy","0.82","X5960","json-ld","https://paldinox.co.il/product/%d7%a1%d7%98-6-%d7%9b%d7%95%d7%a1%d7%95%d7%aa-%d7%a7%d7%a8%d7%9e%d7%99%d7%a7%d7%94-300-%d7%9e%d7%9c-green-lake/","כלי שולחן והגשה","76.1"
"0tFHRODei9LYvKDl15v7","קערת Kim אובלית זכוכית גבישית עם פס זהב","","url_only","","X6002","json-ld","https://paldinox.co.il/product/%d7%a7%d7%a2%d7%a8%d7%94-%d7%90%d7%95%d7%91%d7%9c%d7%99%d7%aa-kim-%d7%a2%d7%9c-%d7%a8%d7%92%d7%9c-40-20-%d7%a1%d7%9e-%d7%96%d7%9b%d7%95%d7%9b%d7%99%d7%aa-%d7%92%d7%91%d7%99%d7%a9%d7%99-%d7%a9%d7%a7/","כלי שולחן והגשה","150.01"
"17adSTFG8aHZlNahHOrR","פח מתכת אפור 35 ליטר","","url_only","","X5911C","json-ld","https://paldinox.co.il/product/%d7%a4%d7%97-%d7%9e%d7%aa%d7%9b%d7%aa-%d7%90%d7%a4%d7%95%d7%a8-35-%d7%9c%d7%99%d7%98%d7%a8-%d7%a8%d7%95%d7%97%d7%91-45-5-%d7%92%d7%95%d7%91%d7%94-68-5-%d7%a1%d7%9e-4-%d7%a8%d7%92%d7%9c%d7%99%d7%99/","עיצוב הבית","434.82"
"1HRI5CWPPzfVB1qCJ4tz","זוג כוסות דאבל גלאס עם ידית 400 מ""ל","","url_only","","","HTTP_404","https://paldinox.co.il/product/400%d7%9e%d7%9c-%d7%96%d7%95%d7%92-%d7%9b%d7%95%d7%a1%d7%95%d7%aa-%d7%93%d7%90%d7%91%d7%9c-%d7%92%d7%9c%d7%90%d7%a1-%d7%99%d7%93%d7%99%d7%aa-4/","כלי שולחן והגשה","86.96"
"1STlfE8Ce5qveFU0Pci9","קרש חיתוך עץ טבעי 55×22 ס""מ","קרש חיתוך עץ טבעי 55/ 22 ס”מ","fuzzy","0.80","X5179C","json-ld","https://paldinox.co.il/product/%d7%a7%d7%a8%d7%a9-%d7%97%d7%99%d7%aa%d7%95%d7%9a-%d7%a2%d7%a5-%d7%98%d7%91%d7%a2%d7%99-55-22-%d7%a1%d7%9e/","כלי שולחן והגשה","163.06"
"1mWPfpVwy2ggRylexxAL","דיקנטר קריסטל DIAMOND – 0.7 ליטר","","url_only","","","HTTP_404","https://paldinox.co.il/product/%d7%93%d7%99%d7%a7%d7%a0%d7%98%d7%a8-diamond-0-7l/","כלי שולחן והגשה","391.33"
"1thCqJefIJWP7mcVnmSy","מנורת רצפה עם עיטור נוצות שחורות","h75D75 מנורת רצפה עיטור נוצות שחורות","fuzzy","0.83","X4213","json-ld","https://paldinox.co.il/product/h75d75-%d7%9e%d7%a0%d7%95%d7%a8%d7%aa-%d7%a8%d7%a6%d7%a4%d7%94-%d7%a2%d7%99%d7%98%d7%95%d7%a8-%d7%a0%d7%95%d7%a6%d7%95%d7%aa-%d7%a9%d7%97%d7%95%d7%a8%d7%95%d7%aa/","עיצוב הבית","1282.71"
"22Pn5Kfz2ryogNQJfKtP","סט 6 כוסות ברנדי סדרת CITY","","url_only","","","HTTP_404","https://paldinox.co.il/product/660ml-%d7%a1%d7%986-%d7%9b%d7%95%d7%a1-%d7%91%d7%a8%d7%a0%d7%93%d7%99-city/","כלי שולחן והגשה","173.92"
"25oIP4Q719DdrMiUE7c1","סט 2 פמוטי עץ וברזל","","url_only","","X4832","json-ld","https://paldinox.co.il/product/h14-5-12-%d7%a1%d7%98-2-%d7%a4%d7%9e%d7%95%d7%98%d7%99-%d7%a2%d7%a5-%d7%98%d7%91%d7%a2%d7%99-%d7%91%d7%a8%d7%96%d7%9c-d12-2/","עיצוב הבית","326.76"
"26seQIR1IGwFHw2WGuEd","מגש אובלי זהב עם גימור זכוכית שקופה","","url_only","","","HTTP_404","https://paldinox.co.il/product/%d7%9e%d7%92%d7%a9-%d7%90%d7%95%d7%91%d7%9c%d7%99-%d7%9e%d7%aa%d7%9b%d7%aa-%d7%96%d7%94%d7%91-%d7%a4%d7%a2%d7%9e%d7%95%d7%9f-%d7%96%d7%9b%d7%95%d7%9b%d7%99%d7%aa-%d7%a9%d7%a7%d7%95%d7%a3-%d7%92%d7%95/","כלי שולחן והגשה","475"
"29qexfNVzCxX2dU0zQUr","מגש שיש מלבני לבן עם מסגרת מתכת מצופה זהב","","url_only","","","HTTP_404","https://paldinox.co.il/product/%d7%9e%d7%92%d7%a9-%d7%a9%d7%99%d7%a9-%d7%9e%d7%9c%d7%91%d7%a0%d7%99-%d7%9c%d7%91%d7%9f-%d7%9e%d7%a1%d7%92%d7%a8%d7%aa-%d7%9e%d7%aa%d7%9b%d7%aa-%d7%a6%d7%99%d7%a4%d7%95%d7%99-%d7%96%d7%94%d7%91-34-18/","עיצוב הבית","193.5"
"2SvLquh1YEvUzp3t2dgD","סט 4 מגשים עגולים מתכת לבן עם רגלי כדור","","url_only","","","HTTP_404","https://paldinox.co.il/product/%d7%a1%d7%98-4-%d7%9e%d7%92%d7%a9%d7%99-%d7%9e%d7%aa%d7%9b%d7%aa-%d7%a2%d7%92%d7%95%d7%9c%d7%99%d7%9d-%d7%9c%d7%91%d7%9f-%d7%a8%d7%92%d7%9c%d7%99-%d7%9b%d7%93%d7%95%d7%a8-%d7%a7%d7%95%d7%98%d7%a8-27-5/","כלי שולחן והגשה","215.23"
"2bNBw25ag0AVoLeFEIEQ","בונבוניירת קריסטל עם מכסה – קולקציית CASABLANCA","","url_only","","","HTTP_404","https://paldinox.co.il/product/18-%d7%91%d7%95%d7%a0%d7%91%d7%95%d7%a0%d7%99%d7%a8%d7%94-%d7%a7%d7%a8%d7%99%d7%a1%d7%98%d7%9c-%d7%95%d7%9e%d7%9b%d7%a1%d7%94-casablanca/","כלי שולחן והגשה","215.23"
"310ObAN7SLyOEBcDwEM9","מסגרת תמונה 4 תמונות בטיטניום","","url_only","","CK459A","json-ld","https://paldinox.co.il/product/%d7%9e%d7%a1%d7%92%d7%a8%d7%aa-4-%d7%aa%d7%9e%d7%95%d7%a0%d7%95%d7%aa-10x15-%d7%98%d7%99%d7%98%d7%a0%d7%99%d7%95%d7%9d-2/","עיצוב הבית","173.92"
"32eXpvaSFwVDNKD5IYNc","קופסת פורצלן זהובה עם מכסה זכוכית","","url_only","","","HTTP_404","https://paldinox.co.il/product/%d7%a7%d7%95%d7%a4%d7%a1%d7%aa-%d7%a4%d7%95%d7%a8%d7%a6%d7%9c%d7%9f-%d7%96%d7%94%d7%91-%d7%9e%d7%9b%d7%a1%d7%94-%d7%96%d7%9b%d7%95%d7%9b%d7%99%d7%aa-%d7%a2%d7%99%d7%98%d7%95%d7%a8-%d7%96%d7%94%d7%91/","עיצוב הבית","302.21"
"3B8JyxkNF4l7u4mOfLJ6","קנקן זכוכית עם פסים וברז נירוסטה – 1.7 ליטר","1.7 ליטר קנקן זכוכית פסים מכסה נירוסטה","fuzzy","0.82","","HTTP_404","https://paldinox.co.il/product/1-7-%d7%9c%d7%99%d7%98%d7%a8-%d7%a7%d7%a0%d7%a7%d7%9f-%d7%96%d7%9b%d7%95%d7%9b%d7%99%d7%aa-%d7%a4%d7%a1%d7%99%d7%9d-%d7%9e%d7%9b%d7%a1%d7%94-%d7%a0%d7%99%d7%a8%d7%95%d7%a1%d7%98%d7%94-%d7%96%d7%94/","כלי שולחן והגשה","84.8"
"3DJMcIsVL1jZdxwi80S6","קערה לפונטש בסיס רחב – זהב","","url_only","","","HTTP_404","https://paldinox.co.il/product/%d7%a7%d7%a2%d7%a8%d7%94-%d7%9c%d7%a4%d7%95%d7%a0%d7%98%d7%a9-%d7%91%d7%a1%d7%99%d7%a1-38-%d7%a1%d7%9e-%d7%96%d7%94%d7%91/","כלי שולחן והגשה","435.76"
"3OLOPgvnT2ynVdo73jW3","מגש מלבני זכוכית Ella Grey – 39×13.5 ס""מ","Ella grey מגש מלבני זכוכית 39/13.5 ס”מ","fuzzy","0.84","","HTTP_404","https://paldinox.co.il/product/ella-grey-%d7%9e%d7%92%d7%a9-%d7%9e%d7%9c%d7%91%d7%a0%d7%99-%d7%96%d7%9b%d7%95%d7%9b%d7%99%d7%aa-39-13-5-%d7%a1%d7%9e/","כלי שולחן והגשה","84.8"
"3UXuFs1kxaVxvH8TUNzH","סט 18 זר גלדיולות לבן מלאכותי","","url_only","","","HTTP_404","https://paldinox.co.il/product/h56-%d7%a1%d7%98-18-%d7%96%d7%a8-%d7%92%d7%9c%d7%93%d7%99%d7%95%d7%9c%d7%94-%d7%9c%d7%91%d7%9f/","עיצוב הבית","1956.7"
"3V6qEEN4ak8lJRW6MSoI","הוריקן עץ וזכוכית לנר – גובה 30 ס""מ","","url_only","","","HTTP_404","https://paldinox.co.il/product/h30-%d7%a1%d7%9e-%d7%94%d7%95%d7%a8%d7%99%d7%a7%d7%9f-%d7%a2%d7%a5-%d7%96%d7%9b%d7%95%d7%9b%d7%99%d7%aa4-2/","עיצוב הבית","345.68"
"3bmONw9zEnJZLJ82G4aT","עששית עגולה מתכת שחורה","","url_only","","X2460B","json-ld","https://paldinox.co.il/product/h9-5d8-5-%d7%a2%d7%a9%d7%a9%d7%99%d7%aa-%d7%a2%d7%92%d7%95%d7%9c%d7%94-%d7%9e%d7%aa%d7%9b%d7%aa-%d7%a9%d7%97%d7%95%d7%a8-2/","עיצוב הבית","43.49"
"3eymHg1xI1VxkzPdaqKy","זוג עציצי סחלב סגולים","","url_only","","X4215KS","json-ld","https://paldinox.co.il/product/h65-%d7%96%d7%95%d7%92-%d7%a2%d7%a6%d7%99%d7%a5-%d7%a1%d7%97%d7%9c%d7%91-%d7%a1%d7%92%d7%95%d7%9c-2/","עיצוב הבית","367.42"
"4BZHM00kMJwxCruefCcu","עגלת הגשה 4 קומות עגולה לבן","","url_only","","P430GW","json-ld","https://paldinox.co.il/product/%d7%a1%d7%984-%d7%a2%d7%92%d7%9c%d7%94-%d7%9c%d7%99%d7%a8%d7%a7%d7%95%d7%aa-%d7%a2%d7%92%d7%95%d7%9c%d7%94-4%d7%a7%d7%95%d7%9e%d7%95%d7%aa-%d7%9c%d7%91%d7%9f-2/","כלי שולחן והגשה","847.89"
"4bSDjGF2mPSR7RBG6a8e","סט 6 כוסות זכוכית אמבר בעיצוב יהלום עם פס זהב","","url_only","","","HTTP_404","https://paldinox.co.il/product/320-%d7%9e%d7%9c-%d7%a1%d7%98-6-%d7%9b%d7%95%d7%a1%d7%95%d7%aa-%d7%96%d7%9b%d7%95%d7%9b%d7%99%d7%aa-%d7%90%d7%9e%d7%91%d7%a8-%d7%a6%d7%95%d7%a8%d7%aa-%d7%99%d7%94%d7%9c%d7%95%d7%9d/","כלי שולחן והגשה","193.5"
"4hMI7EQOJsdqruB0orF1","סט קריסטל לחתן וכלה – פמוטים וכוס קידוש","","url_only","","","HTTP_404","https://paldinox.co.il/product/%d7%a1%d7%98-%d7%a7%d7%a8%d7%99%d7%a1%d7%98%d7%9c-%d7%9c%d7%9b%d7%9c%d7%94-%d7%96%d7%95%d7%92-%d7%a4%d7%9e%d7%95%d7%98%d7%99%d7%9d-%d7%9b%d7%95%d7%a1-%d7%a7%d7%99%d7%93%d7%95%d7%a9-%d7%9e%d7%92%d7a--2/","כלי שולחן והגשה","410.91"
"4mj8SPQVZPj1g8aExnEY","קערה על רגל עם ציפוי צדף פנינה – אלומיניום","","url_only","","","HTTP_404","https://paldinox.co.il/product/%d7%a7%d7%a2%d7%a8%d7%94-%d7%a2%d7%9c-%d7%a8%d7%92%d7%9c-%d7%a6%d7%99%d7%a4%d7%95%d7%99-%d7%a6%d7%93%d7%a3-%d7%a4%d7%a0%d7%99%d7%a0%d7%94-%d7%a7%d7%95%d7%98%d7%a8-30-%d7%a1%d7%9e-%d7%92%d7%95%d7%91/","כלי שולחן והגשה","226.48"
"4s2Ace4v2YGw1KYEht0r","סט 2 צלחות מתכת עגולות שחור – 30 ו-25 ס""מ","","url_only","","","HTTP_404","https://paldinox.co.il/product/%d7%a1%d7%98-2-%d7%a6%d7%9c%d7%97%d7%95%d7%aa-%d7%9e%d7%aa%d7%9b%d7%aa-%d7%a2%d7%92%d7%95%d7%9c%d7%95%d7%aa-%d7%a9%d7%97%d7%95%d7%a8-%d7%a7%d7%95%d7%98%d7%a8-30-25-%d7%a1%d7%9e-2/","כלי שולחן והגשה","97.84"
"4y2kDdb8NfLchB3PNPzE","מגש ענתיק כסף עם עיטור רימון","","url_only","","","HTTP_404","https://paldinox.co.il/product/5837-%d7%9e%d7%92%d7%a9-%d7%a2%d7%a0%d7%aa%d7%99%d7%a7-%d7%a6%d7%99%d7%a4%d7%95%d7%99-%d7%9b%d7%a1%d7%a3-%d7%a8%d7%99%d7%9e%d7%95%d7%9f-2/","כלי שולחן והגשה","304.39"
"5JoMFEybiAffRDAi98ax","מעמד קומותיים עגול בניקל","","url_only","","","HTTP_404","https://paldinox.co.il/product/h34d20-%d7%9e%d7%a2%d7%9e%d7%93-%d7%a7%d7%95%d7%9e%d7%95%d7%aa%d7%99%d7%99%d7%9d-%d7%a2%d7%92%d7%95%d7%9c-%d7%a0%d7%99%d7%a7%d7%9c/","עיצוב הבית","195.96"
"5fcISMjxhZ92SSi0Abtz","קופסת טישו בטקסטורת נחל בז' עם מכסה זכוכית","","url_only","","","HTTP_404","https://paldinox.co.il/product/%d7%a7%d7%95%d7%a4%d7%a1%d7%90-%d7%9c%d7%98%d7%99%d7%a9%d7%95-%d7%91%d7%a1%d7%99%d7%a1-%d7%97%d7%9c%d7%95%d7%a7%d7%99-%d7%a0%d7%97%d7%9c-%d7%91%d7%96-%d7%9e%d7%9b%d7%a1%d7%94-%d7%96%d7%9b%d7%95/","עיצוב הבית","315.84"
"5v3nvjxoXrljoHmZvCH5","סט 6 חבקי מפיות יהלום זהב","","url_only","","X4903","json-ld","https://paldinox.co.il/product/%d7%a1%d7%986-%d7%97%d7%91%d7%a7%d7%99%d7%9d-%d7%9c%d7%9e%d7%a4%d7%99%d7%95%d7%aa-%d7%99%d7%94%d7%9c%d7%95%d7%9e%d7%99%d7%9d-%d7%96%d7%94%d7%91-4-3%d7%a1%d7%9e-2/","כלי שולחן והגשה","150.01"
"5zDDG5lLdqXsAmDS77bl","מעמד לנר סגור מברזל","","url_only","","X1511A","json-ld","https://paldinox.co.il/product/h17-%d7%9e%d7%a2%d7%9e%d7%93-%d7%9c%d7%a0%d7%a8-%d7%a1%d7%92%d7%95%d7%a8-%d7%91%d7%a8%d7%96%d7%9c-9-5-%d7%a1%d7%9e16-2/","עיצוב הבית","108.74"
"63ynuIqrmxHkCWmRRD61","בונבוניירה קריסטל סדרת CASABLANCA","","url_only","","","HTTP_404","https://paldinox.co.il/product/24-5-%d7%91%d7%95%d7%a0%d7%91%d7%95%d7%a0%d7%99%d7%a8%d7%94-%d7%a7%d7%a8%d7%99%d7%a1%d7%98%d7%9c-%d7%a8%d7%92%d7%9c-%d7%9e%d7%9b%d7%a1%d7%94-casablanca/","כלי שולחן והגשה","323.93"
"64KA2i4oUouEUNOAbBI2","מגש אלומיניום בגימור זהב","","url_only","","","HTTP_404","https://paldinox.co.il/product/%d7%9e%d7%92%d7%a9-%d7%90%d7%9c%d7%95%d7%9e%d7%99%d7%a0%d7%99%d7%95%d7%9d-%d7%96%d7%94%d7%91-44-5-17-5-%d7%92%d7%95%d7%91%d7%94-2-5-%d7%a1%d7%9e/","כלי שולחן והגשה","174.16"
"6BfgSWzl2RrtKZLHlGGy","קנקן תה לבן ROYAL WHITE 1.65 ליטר","1.65L ROYAL WHITE קנקן תה לבן","fuzzy","0.80","","HTTP_404","https://paldinox.co.il/product/1-65l-royal-white-%d7%a7%d7%a0%d7%a7%d7%9f-%d7%aa%d7%94-%d7%9c%d7%91%d7%9f-2/","כלי שולחן והגשה","410.91"
"6E34uUiN9MJvb1u3W69N","תחתית לצלחת קריסטל בגוון אמבר","","url_only","","X4668A","json-ld","https://paldinox.co.il/product/%d7%aa%d7%97%d7%aa%d7%99%d7%aa-%d7%9c%d7%a6%d7%9c%d7%97%d7%aa-%d7%a7%d7%a8%d7%99%d7%a1%d7%98%d7%9c-%d7%90%d7%9e%d7%91%d7%a8-34-%d7%a1%d7%9e/","כלי שולחן והגשה","108.72"
"6GEbAaAoOKbfuQSPoXS2","קנקן זכוכית וזהב למים 1.5 ליטר","","url_only","","","HTTP_404","https://paldinox.co.il/product/h27-%d7%a7%d7%a0%d7%a7%d7%9f-%d7%9c%d7%9e%d7%99%d7%9d-%d7%96%d7%9b%d7%95%d7%9b%d7%99%d7%aa-%d7%96%d7%94%d7%91-1-5%d7%9c%d7%99%d7%98%d7%a8/","עיצוב הבית","258.72"
"6JGuCHnjCzN9iaDkupon","רוקי מאפרה","רוקי מאפרה","exact","1.00","","HTTP_404","https://paldinox.co.il/product/%d7%a8%d7%95%d7%a7%d7%99-%d7%9e%d7%90%d7%a4%d7%a8%d7%94/","כלי שולחן והגשה","258.72"
"6OiBaRwteb4szt22dHLm","מגש הגשה מלבני מתכת זהב עם ידיות עגולות","","url_only","","","HTTP_404","https://paldinox.co.il/product/%d7%9e%d7%92%d7%a9-%d7%9e%d7%aa%d7%9b%d7%aa-%d7%9e%d7%9c%d7%91%d7%a0%d7%99-%d7%96%d7%94%d7%91-%d7%99%d7%93%d7%99%d7%95%d7%aa-%d7%a2%d7%92%d7%95%d7%9c%d7%95%d7%aa-57-23%d7%a1%d7%9e-3/","כלי שולחן והגשה","283.14"
"6RwutUQ2SE6xCTAnavH3","אגרטל רוקי לעיצוב הבית","","url_only","","","HTTP_404","https://paldinox.co.il/product/%d7%a8%d7%95%d7%a7%d7%99-%d7%90%d7%92%d7%a8%d7%98%d7%9c-305/","עיצוב הבית","693.55"
"6VlstrRlHjOC6uIRZAj3","מגש מלבני אלומיניום בעיצוב ערבסק זהב","","url_only","","","HTTP_404","https://paldinox.co.il/product/%d7%9e%d7%92%d7%a9-%d7%9e%d7%9c%d7%91%d7%a0%d7%99-%d7%a2%d7%a8%d7%91%d7%a1%d7%a7-%d7%90%d7%9c%d7%95%d7%9e%d7%99%d7%a0%d7%99%d7%95%d7%9d-%d7%96%d7%94%d7%91-30-14-%d7%a1%d7%9e-2-%d7%a1%d7%9e/","כלי שולחן והגשה","102.22"
"6ybqppLN8S1tDBlD2UWU","קנקן מים Ipanema 2 ליטר","2.0ל’ קנקן מים Ipanema","fuzzy","0.80","","HTTP_404","https://paldinox.co.il/product/2-0%d7%9c-%d7%a7%d7%a0%d7%a7%d7%9f-%d7%9e%d7%99%d7%9d-ipanema-2/","כלי שולחן והגשה","215.23"
"7TzckuAmK4gzbujeNU7j","מלקחיים להגשת סלט/זהב","מלקחיים להגשת סלט/זהב","exact","1.00","","HTTP_404","https://paldinox.co.il/product/%d7%9e%d7%9c%d7%a7%d7%97%d7%99%d7%99%d7%9d-%d7%9c%d7%94%d7%92%d7%a9%d7%aa-%d7%a1%d7%9c%d7%98-%d7%96%d7%94%d7%91/","כלי שולחן והגשה","50.01"
"7V7rIEUun4tR1IkN3gjD","עציץ מתכת עגול אפור","","url_only","","","HTTP_404","https://paldinox.co.il/product/h15-%d7%a2%d7%a6%d7%99%d7%a5-%d7%9e%d7%aa%d7%9b%d7%aa-%d7%a2%d7%92%d7%95%d7%9c-%d7%90%d7%a4%d7%95%d7%a8-%d7%a7%d7%95%d7%98%d7%a8-19%d7%a1%d7%9e/","עיצוב הבית","163.26"
"7cGhxLhaGQChsXQtjaVA","מגש מלבני מתכת בציפוי זהב","","url_only","","","HTTP_404","https://paldinox.co.il/product/%d7%9e%d7%92%d7%a9-%d7%9e%d7%9c%d7%91%d7%a0%d7%99-%d7%9e%d7%aa%d7%9b%d7%aa-%d7%96%d7%94%d7%91-40-16/","כלי שולחן והגשה","150.18"
"7iOXGiU23cQDv6lxSjCM","עץ דקל ננסי לעיצוב הבית","","url_only","","","HTTP_404","https://paldinox.co.il/product/%d7%a2%d7%a5-%d7%93%d7%a7%d7%9c-%d7%a0%d7%a0%d7%a1%d7%99-150-%d7%a1%d7%9e/","עיצוב הבית","652.23"
"7pJTFp8nnkBaUUClNK6s","מגש הגשה מתכת מלבני זהב עם ידיות","","url_only","","","HTTP_404","https://paldinox.co.il/product/%d7%9e%d7%92%d7%a9-%d7%9e%d7%aa%d7%9b%d7%aa-%d7%9e%d7%9c%d7%91%d7%a0%d7%99-%d7%96%d7%94%d7%91-%d7%99%d7%93%d7%99%d7%95%d7%aa-48-27-%d7%a1%d7%9e-%d7%a4%d7%99%d7%a0%d7%95%d7%aa-%d7%9e%d7%a2%d7%95-2/","כלי שולחן והגשה","228.66"
"7tjdQVVEbre63TXUPl7V","מגש עוגה על רגל Royal White","","url_only","","","HTTP_404","https://paldinox.co.il/product/royal-white-%d7%9e%d7%92%d7%a9-%d7%9c%d7%a2%d7%95%d7%92%d7%94-24%d7%a1%d7%9e-%d7%a2%d7%9c-%d7%a8%d7%92%d7%9c/","כלי שולחן והגשה","432.64"
"87wZS3ssVCTF6B3c2wXe","סט 4 קערות מתכת שחורות בשילוב שוליים זהב","","url_only","","X5258B","json-ld","https://paldinox.co.il/product/%d7%a1%d7%98-4-%d7%a7%d7%a2%d7%a8%d7%95%d7%aa-%d7%9e%d7%aa%d7%9b%d7%aa-%d7%a0%d7%99%d7%a7%d7%9c-%d7%a9%d7%97%d7%95%d7%a8-%d7%a9%d7%95%d7%9c%d7%99%d7%99%d7%9d-%d7%96%d7%94%d7%91-12-5-12-5-%d7%92%d79-2/","כלי שולחן והגשה","215.58"
"8I1gRbcCaiKXMtQGOtOy","קנקן תה זכוכית שקופה עם מסנן וזהב – 1.5 ליטר","","url_only","","","HTTP_404","https://paldinox.co.il/product/1-5-%d7%9c%d7%99%d7%98%d7%a8-%d7%a7%d7%a0%d7%a7%d7%9f-%d7%aa%d7%94-%d7%96%d7%9b%d7%95%d7%9b%d7%99%d7%aa-%d7%a9%d7%a7%d7%95%d7%a4%d7%94-%d7%9e%d7%9b%d7%a1%d7%94-%d7%95%d7%9e%d7%a1%d7%a0%d7%9f-%d7%96/","כלי שולחן והגשה","128.27"
"8JKrTdB57bzyLiuar4MU","סט קריסטל לכלה – פמוטים, כוס קידוש ומגש","","url_only","","","HTTP_404","https://paldinox.co.il/product/%d7%a1%d7%98-%d7%a7%d7%a8%d7%99%d7%a1%d7%98%d7%9c-%d7%9c%d7%9b%d7%9c%d7%94-%d7%96%d7%95%d7%92-%d7%a4%d7%9e%d7%95%d7%98%d7%99%d7%9d-%d7%9b%d7%95%d7%a1-%d7%a7%d7%99%d7%93%d7%95%d7%a9-%d7%9e%d7%92%d7a--2/","כלי שולחן והגשה","410.91"
"8S0bVJ2w7YEzo3wKY0cV","קערת הגשה פרחונית סדרת FLORAL","","url_only","","","HTTP_404","https://paldinox.co.il/product/floral-%d7%a7%d7%a2%d7%a8%d7%94-360-7375/","כלי שולחן והגשה","497.89"
"8gDwr8m1MZmM9LJ3ePUs","אגרטל מתכת שחור לעיצוב בית","","url_only","","","HTTP_404","https://paldinox.co.il/product/h82-%d7%90%d7%92%d7%a8%d7%98%d7%9c-%d7%9e%d7%aa%d7%9b%d7%aa-%d7%a9%d7%97%d7%95%d7%a8-%d7%a7%d7%95%d7%98%d7%a8-35%d7%a1%d7%9e/","עיצוב הבית","653.76"
"8xgpKdiCsE7LyrsJBmuX","סט 6 כוסות אספרסו ליליק בגוון לילך – New Bone China","","url_only","","","HTTP_404","https://paldinox.co.il/product/%d7%a1%d7%98-6-%d7%9b%d7%95%d7%a1-%d7%90%d7%a1%d7%a4%d7%a8%d7%a1%d7%95-%d7%a2%d7%9d-%d7%aa%d7%97%d7%aa%d7%99%d7%aa-lily-%d7%9c%d7%99%d7%9c%d7%9a-80-%d7%9e%d7%9c-new-bone-china/","כלי שולחן והגשה","347.86"
"8y6GhM33UNWF9mgtynFK","קנקן תה Royal White בנפח 0.9 ליטר – צבע לבן","","url_only","","","HTTP_404","https://paldinox.co.il/product/0-9l-royal-white-%d7%a7%d7%a0%d7%a7%d7%9f-%d7%9c%d7%aa%d7%94-%d7%9c%d7%91%d7%9f/","כלי שולחן והגשה","358.74"
"981cLhbvLMXND7Wxok13","זוג נרות ריחניים שחור טל בגן","","url_only","","X3325A","json-ld","https://paldinox.co.il/product/915-%d7%96%d7%95%d7%92-%d7%a0%d7%a8-%d7%a8%d7%99%d7%97%d7%a0%d7%99-%d7%a9%d7%97%d7%95%d7%a8-%d7%98%d7%9c-%d7%91%d7%92%d7%9f-2/","עיצוב הבית","141.33"
"98qWvHb2fDylS1PKm4Ey","זוג עציצי סחלב קרמיים לבן","","url_only","","X4798G","json-ld","https://paldinox.co.il/product/%d7%96%d7%95%d7%92-%d7%a2%d7%a6%d7%99%d7%a6%d7%99%d7%9d-%d7%a7%d7%a8%d7%9e%d7%99%d7%99%d7%9d-%d7%a9%d7%9c-%d7%a1%d7%97%d7%9c%d7%91-%d7%9c%d7%91%d7%9f-%d7%92%d7%95%d7%91%d7%94-82-%d7%a1%d7%9e/","עיצוב הבית","584.85"
"AKZWsiOHwSoktspzDQmN","H15 סט 3 צנצנות זכוכית אפורה מכסה נירוסטה 0.85ל D10","","url_only","","X4342","json-ld","https://paldinox.co.il/product/h15-%d7%a1%d7%98-3-%d7%a6%d7%a0%d7%a6%d7%a0%d7%95%d7%aa-%d7%96%d7%9b%d7%95%d7%9b%d7%99%d7%aa-%d7%90%d7%a4%d7%95%d7%a8%d7%94-%d7%9e%d7%9b%d7%a1%d7%94-%d7%a0%d7%99%d7%a8%d7%95%d7%a1%d7%98%d7%94-0-85-2/","עיצוב הבית","141.29"
"AUodrsYtkKCkYgOLXoBP","מגש מלבני ערבסק כפרי בציפוי קרמי בז' על רגל אלומיניום","","url_only","","","HTTP_404","https://paldinox.co.il/product/%d7%9e%d7%92%d7%a9-%d7%9e%d7%9c%d7%91%d7%a0%d7%99-%d7%a2%d7%a8%d7%91%d7%a1%d7%a7-%d7%9b%d7%a4%d7%a8%d7%99-%d7%a6%d7%99%d7%a4%d7%95%d7%99-%d7%a7%d7%a8%d7%9e%d7%99-%d7%91%d7%96-%d7%a2%d7%9c-%d7%a8/","כלי שולחן והגשה","457.56"
"AgY12FlBpXpIUefIenKx","סט 4 קעריות מרק Love Birds בגוון ירוק","","url_only","","M51003308","json-ld","https://paldinox.co.il/product/love-birds-%d7%a1%d7%98-4-%d7%a7%d7%a2%d7%a8%d7%99%d7%95%d7%aa-%d7%9c%d7%9e%d7%a8%d7%a7-%d7%99%d7%a8%d7%95%d7%a7-%d7%a7%d7%95%d7%98%d7%a8-15-%d7%a1%d7%9e-2/","כלי שולחן והגשה","519.62"
"C0VCuXktTj08GfqvHFgb","סט 4 עגלות הגשה תלת-קומתיות","","url_only","","P309","json-ld","https://paldinox.co.il/product/%d7%a1%d7%98-4-%d7%a2%d7%92%d7%9c%d7%94-%d7%9c%d7%99%d7%a8%d7%a7%d7%95%d7%aa-3-%d7%a7%d7%95%d7%9e%d7%95%d7%aa-%d7%92%d7%95%d7%91%d7%94-76-%d7%a1%d7%9e/","כלי שולחן והגשה","932.69"
"C0jPYizPt2yyj5kcAVbX","מכסה סיר זכוכית עם ידית סיליקון","","url_only","","X4326K","json-ld","https://paldinox.co.il/product/%d7%9e%d7%9b%d7%a1%d7%94-%d7%9c%d7%a1%d7%99%d7%a8-x1837k-%d7%96%d7%9b%d7%95%d7%9b%d7%99%d7%aa-%d7%a1%d7%99%d7%9c%d7%99%d7%a7%d7%95%d7%9f-%d7%99%d7%93%d7%99%d7%aa-d24-2/","עיצוב הבית","54.43"
"CHyUZlikfcsPwp3kBliE","סט 18 זרי אגלאיה בגוון כתום","","url_only","","X5553","json-ld","https://paldinox.co.il/product/%d7%a1%d7%98-18-%d7%96%d7%a8-%d7%90%d7%92%d7%9c%d7%90%d7%99%d7%94-%d7%9b%d7%aa%d7%95%d7%9d-%d7%92%d7%95%d7%91%d7%94-43-%d7%a1%d7%9e/","עיצוב הבית","584.83"
"CLZXC4weMJ6Ng85J21FS","h11 עציץ מתכת עגול זהב קוטר 14סמ","h11 עציץ מתכת עגול זהב קוטר 14סמ","exact","1.00","","HTTP_404","https://paldinox.co.il/product/h11-%d7%a2%d7%a6%d7%99%d7%a5-%d7%9e%d7%aa%d7%9b%d7%aa-%d7%a2%d7%92%d7%95%d7%9c-%d7%96%d7%94%d7%91-%d7%a7%d7%95%d7%98%d7%a8-14%d7%a1%d7%9e-2/","עיצוב הבית","108.76"
"CkSp9yoDyhvNKzubkXmy","צלחת עוגה קריסטל ORIGAMI","22/19 צלחת עוגה קריסטל ORIGAMI","fuzzy","0.80","","HTTP_404","https://paldinox.co.il/product/22-19-%d7%a6%d7%9c%d7%97%d7%aa-%d7%a2%d7%95%d7%92%d7%94-%d7%a7%d7%a8%d7%99%d7%a1%d7%98%d7%9c-origami/","כלי שולחן והגשה","71.74"
"CoOzsUmYSp1GTcqnrayx","סט מלח, פלפל, שמן וחומץ שחור מט על מעמד זהב","","url_only","","AL40024B","json-ld","https://paldinox.co.il/product/%d7%a1%d7%98-%d7%9e%d7%9c%d7%97-%d7%a4%d7%9c%d7%a4%d7%9c-%d7%a9%d7%9e%d7%9f-%d7%97%d7%95%d7%9e%d7%a5-%d7%a9%d7%97%d7%95%d7%a8-%d7%9e%d7%98-%d7%a2%d7%9c-%d7%9e%d7%a2%d7%9e%d7%93-%d7%a0%d7%99%d7%a8/","כלי שולחן והגשה","184.8"
"CpmOcwQLfMc6K657brz1","מגש עץ בעיצוב סירה עם פסים","","url_only","","X5655K","json-ld","https://paldinox.co.il/product/%d7%9e%d7%92%d7%a9-%d7%a1%d7%99%d7%a8%d7%94-%d7%a2%d7%a5-%d7%a4%d7%a1%d7%99%d7%9d-35-5-11-%d7%92%d7%95%d7%91%d7%94-4-5-%d7%a1%d7%9e/","כלי שולחן והגשה","104.4"
"CxfJ5LUUHHxxbAqoNZ4V","מגש מלבני מתכת זהב – 40×16 ס""מ","מגש מלבני מתכת זהב 40/16","fuzzy","0.92","","HTTP_404","https://paldinox.co.il/product/%d7%9e%d7%92%d7%a9-%d7%9e%d7%9c%d7%91%d7%a0%d7%99-%d7%9e%d7%aa%d7%9b%d7%aa-%d7%96%d7%94%d7%91-40-16-2/","כלי שולחן והגשה","150.18"
"D521F5K6N6FxvctgrSeT","מגש בעיצוב ערבסק – אלומיניום זהוב על בסיס עץ","","url_only","","","HTTP_404","https://paldinox.co.il/product/%d7%9e%d7%92%d7%a9-%d7%9e%d7%a8%d7%95%d7%91%d7%a2-%d7%a2%d7%9c-%d7%91%d7%a1%d7%99%d7%a1-%d7%a2%d7%a5-%d7%a2%d7%a8%d7%91%d7%a1%d7%a7-%d7%90%d7%9c%d7%95%d7%9e%d7%99%d7%a0%d7%99%d7%95%d7%9d-%d7%96%d7%94/","כלי שולחן והגשה","361.62"
"DCCHLcYoFCUt4k1km4UI","קערית עגולה על רגל בעיצוב טרוורטין","","url_only","","","HTTP_404","https://paldinox.co.il/product/%d7%a7%d7%a2%d7%a8%d7%99%d7%aa-%d7%93%d7%9e%d7%95%d7%99-%d7%98%d7%a8%d7%95%d7%95%d7%a8%d7%98%d7%99%d7%9f-%d7%a2%d7%92%d7%95%d7%9c%d7%94-%d7%a2%d7%9c-%d7%a8%d7%92%d7%9c-%d7%a7%d7%95%d7%98%d7%a8-12-5/","כלי שולחן והגשה","41.31"
"DPWnW7yRY7CD7O9Ml5BP","עץ דקל ננסי – 150 ס""מ","עץ  דקל ננסי 150 סמ","exact","1.00","","HTTP_404","https://paldinox.co.il/product/h150-%d7%a2%d7%a6%d7%99%d7%a5-%d7%93%d7%a7%d7%9c-%d7%a0%d7%a0%d7%a1%d7%99/","עיצוב הבית","652.23"
"DuBIfPzhzAj23fFNLsdb","שמפנירה טבעות בציפוי זהב","","url_only","","","HTTP_404","https://paldinox.co.il/product/h27-%d7%a9%d7%9e%d7%a4%d7%a0%d7%99%d7%a8%d7%94-%d7%98%d7%91%d7%a2%d7%95%d7%aa-%d7%96%d7%94%d7%91/","עיצוב הבית","250.44"
"E9lB0nrOmowoBqhdpUQW","סט 6 צלחות עוגה Athen Floral לבן וזהב – New Bone China","","url_only","","","HTTP_404","https://paldinox.co.il/product/%d7%a1%d7%98-6-%d7%a6%d7%9c%d7%97%d7%95%d7%aa-%d7%a2%d7%95%d7%92%d7%94-athen-floral-%d7%9c%d7%91%d7%9f-%d7%96%d7%94%d7%91-%d7%a7%d7%95%d7%98%d7%a8-15-6-%d7%a1%d7%9e-new-bone-china/","כלי שולחן והגשה","239.56"
"EBhlKmCjMsjBQz4RYTC8","סט 4 עגלות הגשה עגולות זהב 3 קומות","","url_only","","P430Z","json-ld","https://paldinox.co.il/product/%d7%a1%d7%98-4-%d7%a2%d7%92%d7%9c%d7%94-%d7%9c%d7%99%d7%a8%d7%a7%d7%95%d7%aa-%d7%a2%d7%92%d7%95%d7%9c%d7%94-3-%d7%a7%d7%95%d7%9e%d7%95%d7%aa-%d7%96%d7%94%d7%91-%d7%92%d7%95%d7%91%d7%94-80-%d7%a1/","כלי שולחן והגשה","1019.65"
"EJoB6GBv1nWeG6P93hvj","מנורת שולחן מדורגת שחור וזהב","","url_only","","X4462","json-ld","https://paldinox.co.il/product/h73-%d7%9e%d7%a0%d7%95%d7%a8%d7%aa-%d7%a9%d7%95%d7%9c%d7%97%d7%9f-%d7%9e%d7%93%d7%95%d7%a8%d7%92%d7%aa-%d7%a9%d7%97%d7%95%d7%a8-%d7%96%d7%94%d7%91-d50-2/","עיצוב הבית","2152.38"
"EJwYzN4oVABtwXLhkDmc","מגש מתכת בעיצוב עלה זהב","","url_only","","","HTTP_404","https://paldinox.co.il/product/%d7%9e%d7%92%d7%a9-%d7%9e%d7%aa%d7%9b%d7%aa-%d7%a2%d7%9c%d7%94-%d7%96%d7%94%d7%91-32-13%d7%a1%d7%9e/","כלי שולחן והגשה","106.58"
"EVrWhwAPGJaKrrtBbLol","סט 6 כוסות זכוכית עם קישוט במבוק","","url_only","","","HTTP_404","https://paldinox.co.il/product/%d7%a1%d7%98-6-%d7%9b%d7%95%d7%a1%d7%95%d7%aa-%d7%96%d7%9b%d7%95%d7%9b%d7%99%d7%aa-%d7%a9%d7%a7%d7%95%d7%a4%d7%94-%d7%a4%d7%a1%d7%99%d7%9d-350-%d7%9e%d7%9c-%d7%95%d7%a7%d7%99%d7%a9%d7%95%d7%98/","כלי שולחן והגשה","150.01"
"EXCCJeMOTwXjcNm8odez","מגש מרובע מתכת זהב פעמון זכוכית שקוף גובה 20 ס”מ 23/23 ס”מ","מגש מרובע מתכת זהב פעמון זכוכית שקוף גובה 20 ס”מ 23/23 ס”מ","exact","1.00","","HTTP_404","https://paldinox.co.il/product/h20-23-23-%d7%9e%d7%92%d7%a9-%d7%9e%d7%9c%d7%91%d7%a0%d7%99-%d7%9e%d7%aa%d7%9b%d7%aa-%d7%96%d7%94%d7%91-%d7%a4%d7%a2%d7%9e%d7%95%d7%9f-%d7%96%d7%9b%d7%95%d7%9b%d7%99%d7%aa-%d7%a9%d7%a7%d7%95%d7%a3/","כלי שולחן והגשה","335.46"
"Edw17dLpo3kt2Pym1jE6","פמוט עץ טבעי","","url_only","","","HTTP_404","https://paldinox.co.il/product/h38-%d7%a4%d7%9e%d7%95%d7%98-%d7%a2%d7%a5-2/","עיצוב הבית","152.19"
"Ew2fEikB5V19HDXASPlt","זוג קערות פולירזין אפור לשולחן שבת","","url_only","","","HTTP_404","https://paldinox.co.il/product/%d7%96%d7%95%d7%92-%d7%a7%d7%a2%d7%a8%d7%95%d7%aa-%d7%a4%d7%95%d7%9c%d7%99%d7%a8%d7%96%d7%99%d7%9f-%d7%90%d7%a4%d7%95%d7%a8-%d7%a7%d7%95%d7%98%d7%a8-37-5-%d7%92%d7%95%d7%91%d7%94-10-%d7%a1%d7%9e/","כלי שולחן והגשה","651.56"
"F1b876MbrKImfl4GJnda","סט 6 מאגים Heritage בגוון טורקיז","","url_only","","","HTTP_404","https://paldinox.co.il/product/heritage-%d7%a1%d7%98-6-%d7%9e%d7%90%d7%92-300-%d7%9e%d7%9c-%d7%98%d7%95%d7%a8%d7%a7%d7%99%d7%96/","כלי שולחן והגשה","454.27"
"F3K0B7UuXMDGrpy3ZG3o","סט 4 דיפיוזרים וניל זכוכית עם עיצוב מעויינים","","url_only","","X5936","json-ld","https://paldinox.co.il/product/%d7%a1%d7%98-4-%d7%93%d7%99%d7%a4%d7%99%d7%95%d7%96%d7%a8%d7%99%d7%9d-%d7%95%d7%a0%d7%99%d7%9c-150-%d7%9e%d7%9c-%d7%9e%d7%a2%d7%95%d7%99%d7%99%d7%a0%d7%99%d7%9d-%d7%96%d7%9b%d7%95%d7%9b%d7%99%d7%aa/","עיצוב הבית","215.23"
"F6im70IZTS0khIOKTbdt","סט מלח ופלפל עם מעמד נירוסטה זהב","","url_only","","AL40024W","json-ld","https://paldinox.co.il/product/%d7%a1%d7%98-%d7%9e%d7%9c%d7%97-%d7%a4%d7%9c%d7%a4%d7%9c-%d7%a9%d7%9e%d7%9f-%d7%97%d7%95%d7%9e%d7%a5-%d7%9c%d7%91%d7%9f-%d7%a2%d7%9c-%d7%9e%d7%a2%d7%9e%d7%93-%d7%a0%d7%99%d7%a8%d7%95%d7%a1%d7%98/","כלי שולחן והגשה","184.8"
"Fljgx8cuhJShHQ0Jjxqi","קערת אפרה קראק","","url_only","","","HTTP_404","https://paldinox.co.il/product/%d7%a7%d7%a8%d7%90%d7%a7-%d7%9e%d7%90%d7%a4%d7%a8%d7%94-152-2/","כלי שולחן והגשה","165.03"
"FvxwRMvomXiEqCsdbho7","סט 5 אגרטלי זכוכית שקופה בסטנד מתכת זהב","","url_only","","","HTTP_404","https://paldinox.co.il/product/%d7%97%d7%9e%d7%99%d7%a9%d7%99%d7%99%d7%aa-%d7%90%d7%92%d7%a8%d7%98%d7%9c%d7%99-%d7%96%d7%9b%d7%95%d7%9b%d7%99%d7%aa-%d7%a9%d7%a7%d7%95%d7%a4%d7%94-%d7%91%d7%a1%d7%98%d7%a0%d7%93-%d7%9e%d7%aa%d7%9b/","עיצוב הבית","152.19"
"G8wI4qOYn9IbZMnWS2t5","אגרטל מתכת זהב 80 ס""מ","","url_only","","","HTTP_404","https://paldinox.co.il/product/%d7%90%d7%92%d7%a8%d7%98%d7%9c-%d7%9e%d7%aa%d7%9b%d7%aa-%d7%96%d7%94%d7%91-41-5-41-5-%d7%92%d7%95%d7%91%d7%94-77-%d7%a1%d7%9e/","עיצוב הבית","1193.59"
"GK5unyddZWf4OfjIQsdo","סט 24 זרי פרי דקל בגווני ירוק וחום","","url_only","","X5555","json-ld","https://paldinox.co.il/product/%d7%a1%d7%98-24-%d7%96%d7%a8-%d7%a4%d7%a8%d7%99-%d7%94%d7%93%d7%a7%d7%9c-%d7%99%d7%a8%d7%95%d7%a7-%d7%95%d7%97%d7%95%d7%9d-%d7%92%d7%95%d7%91%d7%94-78-%d7%a1%d7%9e/","עיצוב הבית","758.77"
"Gw3P7HbsmX8KVUB2TEEV","מעמד קומותיים מלבני בצבע זהב","","url_only","","","HTTP_404","https://paldinox.co.il/product/h28-%d7%9e%d7%a2%d7%9e%d7%93-%d7%a7%d7%95%d7%9e%d7%95%d7%aa%d7%99%d7%99%d7%9d-%d7%9e%d7%9c%d7%91%d7%a0%d7%99-%d7%96%d7%94%d7%91-30-14%d7%a1%d7%9e/","עיצוב הבית","250.44"
"H1vn9PZ4Fx8oG5l4ilEC","קערת זכוכית על רגל Ella – אפור","","url_only","","","HTTP_404","https://paldinox.co.il/product/ella-grey-%d7%a7%d7%a2%d7%a8%d7%94-%d7%a2%d7%9c-%d7%a8%d7%92%d7%9c-%d7%96%d7%9b%d7%95%d7%9b%d7%99%d7%aa-%d7%a7%d7%95%d7%98%d7%a8-26-%d7%92%d7%95%d7%91%d7%94-10-5-%d7%a1%d7%9e/","כלי שולחן והגשה","119.57"
"H8ahLbVpUiKOgGYLOTIC","Pip Chique סט 6 צלחות מנה ראשונה ירוק זהב קוטר 23 ס”מ","Pip Chique  סט 6 צלחות מנה ראשונה ירוק זהב קוטר 23 ס”מ","exact","1.00","M51001349","json-ld","https://paldinox.co.il/product/pip-chique-%d7%a1%d7%98-6-%d7%a6%d7%9c%d7%97%d7%95%d7%aa-%d7%9e%d7%a0%d7%94-%d7%a8%d7%90%d7%a9%d7%95%d7%a0%d7%94-%d7%99%d7%a8%d7%95%d7%a7-%d7%96%d7%94%d7%91-%d7%a7%d7%95%d7%98%d7%a8-23-%d7%a1%d7%9e/","כלי שולחן והגשה","502.23"
"HJnuRzqAiqHU3SN60XBl","סט 6 צלחות La Majorelle ורוד עם עגורים","","url_only","","","HTTP_404","https://paldinox.co.il/product/la-majorelle-%d7%a1%d7%98-6-%d7%a6%d7%9c%d7%97%d7%95%d7%aa-21-%d7%a1%d7%9e-%d7%95%d7%a8%d7%95%d7%93-%d7%a2%d7%92%d7%95%d7%a8%d7%99%d7%9d/","כלי שולחן והגשה","497.89"
"HLrcYIjsnQE3q5TfcT5b","פמוט מתכת כחול מלכותי","","url_only","","M51092064","json-ld","https://paldinox.co.il/product/h36-%d7%a4%d7%9e%d7%95%d7%98-%d7%9e%d7%aa%d7%9b%d7%aa-%d7%9b%d7%97%d7%95%d7%9c-royal-white-2/","עיצוב הבית","376.66"
"HQKZ7RhB0is5TOtNR7O6","מעמד קומותיים עגול בצבע זהב","h34D20 מעמד קומותיים עגול זהב","fuzzy","0.80","","HTTP_404","https://paldinox.co.il/product/h34d20-%d7%9e%d7%a2%d7%9e%d7%93-%d7%a7%d7%95%d7%9e%d7%95%d7%aa%d7%99%d7%99%d7%9d-%d7%a2%d7%92%d7%95%d7%9c-%d7%96%d7%94%d7%91-2/","עיצוב הבית","195.96"
"HjzoCIoitpdkbuu8fvrA","תבנית הגשה מלבנית Flower Festival בצבע כחול","","url_only","","M51019012","json-ld","https://paldinox.co.il/product/flower-festival-%d7%aa%d7%91%d7%a0%d7%99%d7%aa-%d7%94%d7%92%d7%a9%d7%94-%d7%9e%d7%9c%d7%91%d7%a0%d7%99%d7%aa-27-5-18-5-%d7%a1%d7%9e-%d7%9b%d7%97%d7%95%d7%9c/","כלי שולחן והגשה","271.65"
"I5KNGIbrrZOT9tJzy1yL","זוג נרות ריחניים אמבר וריח רענן בטון חום ולבן גובה 6.6 ס”מ קוטר 16.2 ס”מ","זוג נרות ריחניים אמבר וריח רענן בטון חום ולבן גובה 6.6 ס”מ קוטר 16.2 ס”מ","exact","1.00","","HTTP_404","https://paldinox.co.il/product/%d7%96%d7%95%d7%92-%d7%a0%d7%a8%d7%95%d7%aa-%d7%a8%d7%99%d7%97%d7%a0%d7%99%d7%99%d7%9d-%d7%90%d7%9e%d7%91%d7%a8-%d7%95%d7%a8%d7%99%d7%97-%d7%a8%d7%a2%d7%a0%d7%9f-%d7%91%d7%98%d7%95%d7%9f-%d7%97%d7%95/","עיצוב הבית","215.23"
"II6PQJ3HomK0vW417q39","סט 6 כוסות אספרסו ורוד וצבעוני – New Bone China","","url_only","","","HTTP_404","https://paldinox.co.il/product/%d7%a1%d7%98-6-%d7%9b%d7%95%d7%a1-%d7%90%d7%a1%d7%a4%d7%a8%d7%a1%d7%95-%d7%aa%d7%97%d7%aa%d7%99%d7%aa-pink-spring-%d7%95%d7%a8%d7%95%d7%93-%d7%a6%d7%91%d7%a2%d7%95%d7%a0%d7%99-80-%d7%9e%d7%9c-new-bon/","כלי שולחן והגשה","335.5"
"IIWJXIcxMjIApIodenws","h76 מנורת שולחן שחורה קריסטל זהב D40(2חל’)","h76 מנורת שולחן שחורה קריסטל זהב D40(2חל’)","exact","1.00","X4469","json-ld","https://paldinox.co.il/product/h76-%d7%9e%d7%a0%d7%95%d7%a8%d7%aa-%d7%a9%d7%95%d7%9c%d7%97%d7%9f-%d7%a9%d7%97%d7%95%d7%a8%d7%94-%d7%a7%d7%a8%d7%99%d7%a1%d7%98%d7%9c-%d7%96%d7%94%d7%91-d402%d7%97%d7%9c/","עיצוב הבית","1413.19"
"ILzfhVNUsVViNrRPtGwo","h28 מעמד קומותיים מלבני זהב 30/14סמ","h28 מעמד קומותיים מלבני זהב  30/14סמ","exact","1.00","","HTTP_404","https://paldinox.co.il/product/h28-%d7%9e%d7%a2%d7%9e%d7%93-%d7%a7%d7%95%d7%9e%d7%95%d7%aa%d7%99%d7%99%d7%9d-%d7%9e%d7%9c%d7%91%d7%a0%d7%99-%d7%96%d7%94%d7%91-30-14%d7%a1%d7%9e-2/","עיצוב הבית","250.44"
"IeRJ992djMxLsXsUWzIp","h9/22 מאפרה מרובעת לבנה עם מכסה קרמיקה ואריה זהב","h9/22 מאפרה מרובעת לבנה עם מכסה קרמיקה ואריה זהב","exact","1.00","X4848WZ","json-ld","https://paldinox.co.il/product/h9-22-%d7%9e%d7%90%d7%a4%d7%a8%d7%94-%d7%9e%d7%a8%d7%95%d7%91%d7%a2%d7%aa-%d7%9c%d7%91%d7%a0%d7%94-%d7%a2%d7%9d-%d7%9e%d7%9b%d7%a1%d7%94-%d7%a7%d7%a8%d7%9e%d7%99%d7%a7%d7%94-%d7%95%d7%90%d7%a8%d7%99/","עיצוב הבית","236.99"
"Ig6QPftHYpDhGEPu3M1g","סט תחתיות על מעמד ניקל","סט תחתיות על מעמד ניקל","exact","1.00","","HTTP_404","https://paldinox.co.il/product/%d7%9e%d7%a1%d7%98-%d7%aa%d7%97%d7%aa%d7%99%d7%95%d7%aa-%d7%a2%d7%9c-%d7%9e%d7%a2%d7%9e%d7%93-%d7%a0%d7%99%d7%a7%d7%9c-2/","כלי שולחן והגשה","84.8"
"IgOn0IlT1WukU8rttnPm","קערת מתכת עגולה על רגל קוטר 18 גובה 9 ס”מ","קערת מתכת עגולה על רגל קוטר 18 גובה 9 ס”מ","exact","1.00","","HTTP_404","https://paldinox.co.il/product/h9d18-%d7%a7%d7%a2%d7%a8%d7%aa-%d7%9e%d7%aa%d7%9b%d7%aa-%d7%a2%d7%92%d7%95%d7%9c%d7%94-%d7%a2%d7%9c-%d7%a8%d7%92%d7%9c/","עיצוב הבית","115.3"
"IpEduxe6MrbpL9JUeMFM","סט 5 פמוטים זהב על מגש עגול","","url_only","","","HTTP_404","https://paldinox.co.il/product/5-%d7%a4%d7%9e%d7%95%d7%98%d7%99-%d7%96%d7%94%d7%91-%d7%a2%d7%9c-%d7%9e%d7%92%d7%a9-%d7%a2%d7%92%d7%95%d7%9c-%d7%92%d7%95%d7%91%d7%94-88-5-%d7%a1%d7%9e-%d7%a7%d7%95%d7%98%d7%a8-22-%d7%a1%d7%9e/","עיצוב הבית","628.32"
"J1RwjzFqq0TPlJAQDXLY","מעמד מתכת לנייר מטבח בז’ גובה 30 קוטר 16 ס”מ","מעמד מתכת לנייר מטבח בז’ גובה 30 קוטר 16 ס”מ","exact","1.00","","HTTP_404","https://paldinox.co.il/product/%d7%9e%d7%a2%d7%9e%d7%93-%d7%9e%d7%aa%d7%9b%d7%aa-%d7%9c%d7%a0%d7%99%d7%99%d7%a8-%d7%9e%d7%98%d7%91%d7%97-%d7%91%d7%96-%d7%92%d7%95%d7%91%d7%94-30-%d7%a7%d7%95%d7%98%d7%a8-16-%d7%a1%d7%9e/","כלי שולחן והגשה","54.35"
"J4j4UJmxxPRjYoqOP1l8","סט 3 צנצנות זכוכית אחסון שחור מט וזהב","","url_only","","AL30002B","json-ld","https://paldinox.co.il/product/%d7%a1%d7%98-%d7%9e%d7%96%d7%95%d7%9f-%d7%9c%d7%97%d7%99%d7%a6%d7%aa-%d7%95%d7%90%d7%a7%d7%95%d7%9d-3-%d7%a6%d7%a0%d7%a6%d7%a0%d7%95%d7%aa-%d7%96%d7%9b%d7%95%d7%9b%d7%99%d7%aa-%d7%a9%d7%97%d7%95%d7%a8/","כלי שולחן והגשה","193.5"
"JBi4aJMDEdctxLdoFWnH","סט 6 צלחות מרק חאקי – Blush.Bird","","url_only","","M51001212","json-ld","https://paldinox.co.il/product/blush-bird-%d7%a1%d7%986-%d7%a6%d7%9c%d7%97%d7%aa-%d7%9e%d7%a8%d7%a7-21-5%d7%a1%d7%9e-%d7%97%d7%90%d7%a7%d7%99/","כלי שולחן והגשה","445.16"
"KUkNEQIEHmryhDUhXREH","אגרטל עציץ מתכת בגוון זהב","","url_only","","","HTTP_404","https://paldinox.co.il/product/h54d66-%d7%90%d7%92%d7%a8%d7%98%d7%9c-%d7%9c%d7%a2%d7%a6%d7%99%d7%a5-%d7%9e%d7%aa%d7%9b%d7%aa-%d7%96%d7%94%d7%91/","עיצוב הבית","1830.94"
"KY19QSeT0PFlTW7KD8jG","פסלון עץ על בסיס שחור","","url_only","","","HTTP_404","https://paldinox.co.il/product/h26-24-%d7%a4%d7%a1%d7%9c%d7%95%d7%9f-%d7%a9%d7%9c-%d7%a2%d7%a5-%d7%a2%d7%9c-%d7%91%d7%a1%d7%99%d7%a1-%d7%a9%d7%97%d7%95%d7%a8/","עיצוב הבית","336.98"
"Kc5i3mmXuzDZNgudHjFT","מלקחיים לעוגה נירוסטה משונן ציפוי זהב","מלקחיים לעוגה נירוסטה משונן ציפוי זהב","exact","1.00","","HTTP_404","https://paldinox.co.il/product/%d7%9e%d7%9c%d7%a7%d7%97%d7%99%d7%99%d7%9d-%d7%9c%d7%a2%d7%95%d7%92%d7%94-%d7%a0%d7%99%d7%a8%d7%95%d7%a1%d7%98%d7%94-%d7%9e%d7%a9%d7%95%d7%a0%d7%9f-%d7%a6%d7%99%d7%a4%d7%95%d7%99-%d7%96%d7%94%d7%91/","כלי שולחן והגשה","32.46"
"KfIHFcRVr8brkILvzEDP","מלקחיים לעוגה נירוסטה עם ציפוי זהב","מלקחיים לעוגה נירוסטה עגול ציפוי זהב","fuzzy","0.83","X4847B","json-ld","https://paldinox.co.il/product/%d7%9e%d7%9c%d7%a7%d7%97%d7%99%d7%99%d7%9d-%d7%9c%d7%a2%d7%95%d7%92%d7%94-%d7%a0%d7%99%d7%a8%d7%95%d7%a1%d7%98%d7%94-%d7%9e%d7%a9%d7%95%d7%a0%d7%9f-%d7%a6%d7%99%d7%a4%d7%95%d7%99-%d7%96%d7%94%d7%91-2/","כלי שולחן והגשה","32.46"
"KfztJ8JESoD7xbeaa7hT","קישוט פסנתר קריסטל בגוון ענבר ואפור","","url_only","","","HTTP_404","https://paldinox.co.il/product/%d7%a7%d7%99%d7%a9%d7%95%d7%98-%d7%a4%d7%a1%d7%a0%d7%aa%d7%a8-%d7%a7%d7%a8%d7%99%d7%a1%d7%98%d7%9c-%d7%a2%d7%a0%d7%91%d7%a8-%d7%a9%d7%99%d7%9c%d7%95%d7%91-%d7%90%d7%a4%d7%95%d7%a8-12-5-10-%d7%92%d7%95/","עיצוב הבית","258.72"
"KiKJV8S6U4y517o1Nd5a","סט 4 עגלות הגשה 3 קומות זהב","","url_only","","P309Z","json-ld","https://paldinox.co.il/product/%d7%a1%d7%98-4-%d7%a2%d7%92%d7%9c%d7%94-%d7%9c%d7%99%d7%a8%d7%a7%d7%95%d7%aa-3-%d7%a7%d7%95%d7%9e%d7%95%d7%aa-%d7%96%d7%94%d7%91-%d7%92%d7%95%d7%91%d7%94-76-%d7%a1%d7%9e/","כלי שולחן והגשה","1065.3"
"L7g2YO98F5ZRoidZUhsE","סט 6 כוסות ויסקי CASABLANCA","","url_only","","","HTTP_404","https://paldinox.co.il/product/%d7%a1%d7%986-%d7%9b%d7%95%d7%a1-%d7%95%d7%99%d7%a1%d7%a7%d7%99-casablanca/","כלי שולחן והגשה","323.93"
"LN1IHJJ0n6qq1WKyWP6M","אגרטל מתכת Jolie בגוון ורוד","","url_only","","","HTTP_404","https://paldinox.co.il/product/jolie-%d7%90%d7%92%d7%a8%d7%98%d7%9c-%d7%9e%d7%aa%d7%9b%d7%aa-%d7%95%d7%a8%d7%95%d7%93-%d7%92%d7%95%d7%91%d7%94-33-%d7%a7%d7%95%d7%98%d7%a8-19-%d7%a1%d7%9e-home-decor/","עיצוב הבית","384.81"
"LYXqagvtjDz5ZCSoTBEy","מגש הגשה מתכת בציפוי כסף עם שוליים זהב","","url_only","","","HTTP_404","https://paldinox.co.il/product/%d7%9e%d7%92%d7%a9-%d7%9e%d7%aa%d7%9b%d7%aa-%d7%a6%d7%99%d7%a4%d7%95%d7%99-%d7%9b%d7%a1%d7%a3-%d7%a9%d7%95%d7%9c%d7%99%d7%99%d7%9d-%d7%96%d7%94%d7%91-36-23-5-%d7%92%d7%95%d7%91%d7%94-8-%d7%a1%d7%9e-2/","כלי שולחן והגשה","211.2"
"Lg7HqJX8Uj3S0D3VcbWs","סט 4 עגלות הגשה עגולות 4 קומות","","url_only","","P430G","json-ld","https://paldinox.co.il/product/%d7%a1%d7%98-4-%d7%a2%d7%92%d7%9c%d7%94-%d7%a2%d7%92%d7%95%d7%9c%d7%94-4-%d7%a7%d7%95%d7%9e%d7%95%d7%aa/","כלי שולחן והגשה","847.89"
"LswtKdukgCRVG31uDX4X","מעמד לעציץ עגול מתכת שחורה","","url_only","","","HTTP_404","https://paldinox.co.il/product/%d7%9e%d7%a2%d7%9e%d7%93-%d7%9c%d7%a2%d7%a6%d7%99%d7%a5-%d7%a2%d7%92%d7%95%d7%9c-%d7%9e%d7%aa%d7%9b%d7%aa-%d7%a9%d7%97%d7%95%d7%a8-%d7%92%d7%95%d7%91%d7%94-33-%d7%a1%d7%9e-%d7%a7%d7%95%d7%98%d7%a8-1/","עיצוב הבית","128.27"
"Luq0SJvKwkooa2EGgdLi","מעמד קומותיים מתכת בגימור זהב עם פעמון זכוכית","","url_only","","","HTTP_404","https://paldinox.co.il/product/%d7%9e%d7%a2%d7%9e%d7%93-%d7%a7%d7%95%d7%9e%d7%95%d7%aa%d7%99%d7%99%d7%9d-%d7%9e%d7%aa%d7%9b%d7%aa-%d7%96%d7%94%d7%91-%d7%a4%d7%a2%d7%9e%d7%95%d7%9f-%d7%96%d7%9b%d7%95%d7%9b%d7%99%d7%aa-%d7%a9%d7%a7/","עיצוב הבית","457.56"
"MKDTixbBXIipOBfzvDeT","סט 2 קערות Royal","","url_only","","","HTTP_404","https://paldinox.co.il/product/royal-%d7%a1%d7%982-%d7%a7%d7%a2%d7%a8%d7%95%d7%aa-23%d7%a1%d7%9e6-2/","כלי שולחן והגשה","650.05"
"MKPz9qv55cSh91rqSTzp","La Majorelle סט6 צלחת 26.5סמ ורוד","La Majorelle סט6 צלחת 26.5סמ ורוד","exact","1.00","","HTTP_404","https://paldinox.co.il/product/la-majorelle-%d7%a1%d7%986-%d7%a6%d7%9c%d7%97%d7%aa-26-5%d7%a1%d7%9e-%d7%95%d7%a8%d7%95%d7%93/","כלי שולחן והגשה","525.05"
"MPrd00s3xRPdNGDn40pj","אגרטל מתכת שחור גבוה","","url_only","","X5259B","json-ld","https://paldinox.co.il/product/%d7%90%d7%92%d7%a8%d7%98%d7%9c-%d7%9e%d7%aa%d7%9b%d7%aa-%d7%a9%d7%97%d7%95%d7%a8-41-5-41-5-%d7%92%d7%95%d7%91%d7%94-77-5-%d7%a1%d7%9e-2/","עיצוב הבית","1193.59"
"MaAThjdGl5TV7WZxY1sT","מעמד הגשה שיש לבן עם 3 קעריות בטבעת זהב","","url_only","","X5989","json-ld","https://paldinox.co.il/product/%d7%9e%d7%a2%d7%9e%d7%93-%d7%94%d7%92%d7%a9%d7%94-%d7%96%d7%94%d7%91-3-%d7%a7%d7%a2%d7%a8%d7%99%d7%95%d7%aa-%d7%a9%d7%99%d7%a9-%d7%9c%d7%91%d7%9f-%d7%91%d7%98%d7%91%d7%a2%d7%aa-%d7%92%d7%95%d7%91/","כלי שולחן והגשה","476.13"
"MtPhb8PlwuBgOnGYpAQk","סט תחתיות על מעמד ניקל","סט תחתיות על מעמד ניקל","exact","1.00","","HTTP_404","https://paldinox.co.il/product/%d7%9e%d7%a1%d7%98-%d7%aa%d7%97%d7%aa%d7%99%d7%95%d7%aa-%d7%a2%d7%9c-%d7%9e%d7%a2%d7%9e%d7%93-%d7%a0%d7%99%d7%a7%d7%9c/","כלי שולחן והגשה","84.8"
"N4XqJdKJItLP1t2ifW3E","Ella ivory סט 4 צלחות מלבני זכוכית 24/17 ס”מ","Ella ivory סט 4 צלחות מלבני זכוכית 24/17 ס”מ","exact","1.00","X5932E","json-ld","https://paldinox.co.il/product/ella-ivory-%d7%a1%d7%98-4-%d7%a6%d7%9c%d7%97%d7%95%d7%aa-%d7%9e%d7%9c%d7%91%d7%a0%d7%99-%d7%96%d7%9b%d7%95%d7%9b%d7%99%d7%aa-24-17-%d7%a1%d7%9e/","כלי שולחן והגשה","163.06"
"NPsVSayuu4JjQyO7BUWS","סט 3 צנצנות זכוכית אפורה עם מכסה נירוסטה – 1.5 ליטר","","url_only","","X4345","json-ld","https://paldinox.co.il/product/h20-%d7%a1%d7%98-3-%d7%a6%d7%a0%d7%a6%d7%a0%d7%95%d7%aa-%d7%9e%d7%a8%d7%95%d7%91%d7%a2%d7%95%d7%aa-%d7%96%d7%9b%d7%95%d7%9b%d7%99%d7%aa-%d7%90%d7%a4%d7%95%d7%a8%d7%94-%d7%9e%d7%9b%d7%a1%d7%94-%d7%a0-2/","עיצוב הבית","215.21"
"NUGjh8YYA2cDRymcmVXp","תיק עיצוב בגוון תכלת Royal","","url_only","","","HTTP_404","https://paldinox.co.il/product/royal-%d7%aa%d7%99%d7%a7-%d7%aa%d7%9b%d7%9c%d7%aa-%d7%9e%d7%a2%d7%95%d7%a6%d7%91-3844-5/","כלי שולחן והגשה","52.15"
"NYfgzsy6kRhMynIKddTf","סט קריסטל לכלה – פמוטים, כוס קידוש ומגש בעיצוב ענבר","","url_only","","","HTTP_404","https://paldinox.co.il/product/%d7%a1%d7%98-%d7%a7%d7%a8%d7%99%d7%a1%d7%98%d7%9c-%d7%9c%d7%9b%d7%9c%d7%94-%d7%96%d7%95%d7%92-%d7%a4%d7%9e%d7%95%d7%98%d7%99%d7%9d-%d7%9b%d7%95%d7%a1-%d7%a7%d7%99%d7%93%d7%95%d7%a9-%d7%9e%d7%92%d7a--2/","כלי שולחן והגשה","410.91"
"NcEgbrrt8iYYnnfO224O","מעמד לסכו”ם מתכת/ זהב פרח בסיס עץ","מעמד לסכו”ם מתכת/ זהב פרח בסיס עץ","exact","1.00","","HTTP_404","https://paldinox.co.il/product/%d7%9e%d7%a2%d7%9e%d7%93-%d7%9c%d7%a1%d7%9b%d7%95%d7%9d-%d7%9e%d7%aa%d7%9b%d7%aa-%d7%96%d7%94%d7%91-%d7%a4%d7%a8%d7%97-%d7%91%d7%a1%d7%99%d7%a1-%d7%a2%d7%a5/","עיצוב הבית","65.23"
"Nf9icwYA6lRO06jGl0eX","סט 2 סלסלות אלומיניום מלבניות בצבע זהב עם ידיות","","url_only","","","HTTP_404","https://paldinox.co.il/product/%d7%a1%d7%98-2-%d7%a1%d7%9c%d7%a1%d7%9c%d7%95%d7%aa-%d7%90%d7%9c%d7%95%d7%9e%d7%99%d7%a0%d7%99%d7%95%d7%9d-%d7%9e%d7%9c%d7%91%d7%a0%d7%99%d7%95%d7%aa-%d7%96%d7%94%d7%91-%d7%a2%d7%9d-%d7%99%d7%93%d7%99/","כלי שולחן והגשה","173.92"
"NnnC5NluouklSbdwOj4h","סט 3 צנצנות זכוכית ופורצלן עם מכסים ועיטורים זהב","","url_only","","X5469","json-ld","https://paldinox.co.il/product/%d7%a1%d7%98-3-%d7%a6%d7%a0%d7%a6%d7%a0%d7%95%d7%aa-%d7%a4%d7%95%d7%a8%d7%a6%d7%9c%d7%9f-%d7%95%d7%96%d7%9b%d7%95%d7%9b%d7%99%d7%aa-%d7%a2%d7%9c-%d7%9e%d7%92%d7%a9-%d7%90%d7%9c%d7%95-%d7%9e%d7%9b/","כלי שולחן והגשה","497.89"
"NzuqnJqjPwLBAzUf8UqK","אגרטל זכוכית שקופה עם פס זהב","","url_only","","","HTTP_404","https://paldinox.co.il/product/%d7%90%d7%92%d7%a8%d7%98%d7%9c-%d7%96%d7%9b%d7%95%d7%9b%d7%99%d7%aa-%d7%a9%d7%a7%d7%95%d7%a4%d7%94-%d7%a4%d7%a1-%d7%96%d7%94%d7%91-%d7%92%d7%95%d7%91%d7%94-23-%d7%a7%d7%95%d7%98%d7%a8-12-5-%d7%a1/","עיצוב הבית","84.8"
"OaMwJLJIKnUaEVXCgZXp","שעון קיר לבן וזהב דיזיין מודרני – קוטר 50 ס""מ","","url_only","","","HTTP_404","https://paldinox.co.il/product/%d7%a9%d7%a2%d7%95%d7%9f-%d7%a7%d7%99%d7%a8-%d7%9c%d7%91%d7%9f-%d7%96%d7%94%d7%91-%d7%a7%d7%95%d7%98%d7%a8-50-%d7%a1%d7%9e-%d7%9e%d7%a1%d7%92%d7%a8%d7%aa-%d7%90%d7%9c%d7%95%d7%9e%d7%99%d7%a0%d7%99/","עיצוב הבית","389.15"
"OcUPMcyiYoMgGnz9yJYa","קערה מרובעת על רגליים ציפוי כסף 11/11 ס”מ גובה 4.5 ס”מ","","url_only","","","HTTP_404","https://paldinox.co.il/product/%d7%a7%d7%a2%d7%a8%d7%94-%d7%9e%d7%a8%d7%95%d7%91%d7%a2%d7%aa-%d7%a2%d7%9c-%d7%a8%d7%92%d7%9c%d7%99%d7%99%d7%9d-%d7%a6%d7%99%d7%a4%d7%95%d7%99-%d7%9b%d7%a1%d7%a3-11-11-%d7%a1%d7%9e-%d7%92%d7%95/","כלי שולחן והגשה","50.01"
"P2afvruUfqCZuJ9MN5q3","אגרטל פראג מקריסטל","","url_only","","","HTTP_404","https://paldinox.co.il/product/57300-%d7%a4%d7%a8%d7%90%d7%92-%d7%90%d7%92%d7%a8%d7%98%d7%9c-300/","עיצוב הבית","497.89"
"PUeB8LWaQbFB8FWIqzey","מגש עגול עם רגל אלומיניום זהב – עיצוב ערבסק","","url_only","","","HTTP_404","https://paldinox.co.il/product/%d7%9e%d7%92%d7%a9-%d7%a2%d7%92%d7%95%d7%9c-%d7%a2%d7%a8%d7%91%d7%a1%d7%a7-%d7%a2%d7%9c-%d7%a8%d7%92%d7%9c-%d7%90%d7%9c%d7%95%d7%9e%d7%99%d7%a0%d7%99%d7%95%d7%9d-%d7%96%d7%94%d7%91-%d7%92%d7%95%d7%91/","כלי שולחן והגשה","291.88"
"Pqsf1WQoTkMiQq9AgAQz","בונבונירת קריסטל עם מכסה Origami","","url_only","","","HTTP_404","https://paldinox.co.il/product/22-518-%d7%91%d7%95%d7%a0%d7%91%d7%95%d7%a0%d7%99%d7%a8%d7%94-%d7%a7%d7%a8%d7%99%d7%a1%d7%98%d7%9c-%d7%95%d7%9e%d7%9b%d7%a1%d7%94-origami/","כלי שולחן והגשה","358.74"
"QK5Xhb0cNLcZY173OXAW","אגרטל מתכת בגוון ירוק לעיצוב הבית","","url_only","","","HTTP_404","https://paldinox.co.il/product/%d7%90%d7%92%d7%a8%d7%98%d7%9c-%d7%9e%d7%aa%d7%9b%d7%aa-home-deco-%d7%99%d7%a8%d7%95%d7%a7-h32d18/","עיצוב הבית","432.64"
"QPymuiPYfHiOehzDKPTG","זוג נרות ונילה בזכוכית זהב בצורת פירמידה","","url_only","","","HTTP_404","https://paldinox.co.il/product/h11-%d7%96%d7%95%d7%92-%d7%a0%d7%a8%d7%95%d7%aa-%d7%95%d7%a0%d7%99%d7%9c%d7%94-9-5-%d7%a1%d7%9e-%d7%96%d7%9b%d7%95%d7%9b%d7%99%d7%aa-%d7%a4%d7%a8%d7%9e%d7%99%d7%93%d7%94-%d7%96%d7%94%d7%91/","עיצוב הבית","130.45"
"QcvP3gDDMdz8ZNA0QyYr","סט 3 מעמדי נרות קרמיקה שחורה עם אריה זהב","","url_only","","X4854B","json-ld","https://paldinox.co.il/product/%d7%a1%d7%98-3-%d7%9e%d7%a2%d7%9e%d7%93%d7%99%d7%9d-%d7%9c%d7%a0%d7%a8-%d7%a7%d7%a8%d7%9e%d7%99%d7%a7%d7%94-%d7%a9%d7%97%d7%95%d7%a8%d7%94-%d7%90%d7%a8%d7%99%d7%94-%d7%96%d7%94%d7%91-h16-12-11/","עיצוב הבית","236.99"
"QfbFn9cntjjkEtIeu9FT","גלובוס ברונזה לעיצוב הבית","","url_only","","X1758A","json-ld","https://paldinox.co.il/product/h22-%d7%92%d7%9c%d7%95%d7%91%d7%95%d7%a1-%d7%91%d7%a8%d7%95%d7%a0%d7%96%d7%94-2/","עיצוב הבית","367.42"
"Qhe7DP7ebZgXPwaasBSe","סט 4 עגלות הגשה בעיצוב זהב – 3 קומות","","url_only","","X4202Z","json-ld","https://paldinox.co.il/product/%d7%a1%d7%98-4-%d7%a2%d7%92%d7%9c%d7%94-%d7%9c%d7%99%d7%a8%d7%a7%d7%95%d7%aa-3-%d7%a7%d7%95%d7%9e%d7%95%d7%aa-%d7%96%d7%94%d7%91/","כלי שולחן והגשה","930.53"
"QklghBT92WB5ZT6vH7E5","שישיית נרות על בסיס זהב מזכוכית יוקרתית","","url_only","","X4776","json-ld","https://paldinox.co.il/product/h45d35-5-%d7%a9%d7%99%d7%a9%d7%99%d7%99%d7%aa-%d7%a2%d7%a9%d7%a9%d7%99%d7%95%d7%aa-%d7%a2%d7%9c-%d7%91%d7%a1%d7%99%d7%a1-%d7%96%d7%94%d7%91-%d7%9e%d7%a2%d7%9e%d7%93-%d7%96%d7%9b%d7%95%d7%9b%d7%99/","עיצוב הבית","542.58"
"Qo5bAA7RF4SaBYl6kKud","אגרטל טרוורטין עגול – 20 ס""מ","","url_only","","","HTTP_404","https://paldinox.co.il/product/%d7%90%d7%92%d7%a8%d7%98%d7%9c-%d7%98%d7%a8%d7%95%d7%95%d7%a8%d7%98%d7%99%d7%9f-%d7%a2%d7%92%d7%95%d7%9c-%d7%a7%d7%95%d7%98%d7%a8-10-%d7%92%d7%95%d7%91%d7%94-20-%d7%a1%d7%9e/","עיצוב הבית","106.54"
"QskXTwP2272G3bAlO2Qf","מנורת רצפה שחורה בעיצוב נוצות","","url_only","","X4212","json-ld","https://paldinox.co.il/product/h158d85-%d7%9e%d7%a0%d7%95%d7%a8%d7%aa-%d7%a8%d7%a6%d7%a4%d7%94-%d7%a2%d7%99%d7%98%d7%95%d7%a8-%d7%a0%d7%95%d7%a6%d7%95%d7%aa-%d7%a9%d7%97%d7%95%d7%a8%d7%95%d7%aa/","עיצוב הבית","1500.12"
"R8c4fdFrOI67i9vU7dGk","אגרטל מתכת עגול ורוד","","url_only","","","HTTP_404","https://paldinox.co.il/product/home-decor-%d7%90%d7%92%d7%a8%d7%98%d7%9c-%d7%9e%d7%aa%d7%9b%d7%aa-%d7%a2%d7%92%d7%95%d7%9c-%d7%92%d7%95%d7%91%d7%94-40-%d7%a7%d7%95%d7%98%d7%a8-24-%d7%a1%d7%9e-%d7%95%d7%a8%d7%95%d7%93-2/","עיצוב הבית","423.97"
"R8g6LSID5ZSo4z6nOwzK","עששית אמייל ורוד","","url_only","","M51092089","json-ld","https://paldinox.co.il/product/%d7%a2%d7%a9%d7%a9%d7%99%d7%aa-%d7%90%d7%9e%d7%99%d7%99%d7%9c-home-decor-%d7%95%d7%a8%d7%95%d7%93-h22d10-5-2/","כלי שולחן והגשה","376.66"
"RF4IzoKNM78sLE4e5iVN","סט 6 קעריות Heritage בגוון ורוד","","url_only","","M51003176","json-ld","https://paldinox.co.il/product/heritage-%d7%a1%d7%98-6-%d7%a7%d7%a2%d7%a8%d7%99%d7%95%d7%aa-%d7%a7%d7%95%d7%98%d7%a8-12-%d7%a1%d7%9e-%d7%95%d7%a8%d7%95%d7%93/","כלי שולחן והגשה","317.32"
"RrWpg6bbGHVQTS7a3Fnj","אגרטל זכוכית 1400 מ”ל גובה 27.5 ס”מ","אגרטל זכוכית 1400 מ”ל גובה 27.5 ס”מ","exact","1.00","","HTTP_404","https://paldinox.co.il/product/%d7%90%d7%92%d7%a8%d7%98%d7%9c-%d7%96%d7%9b%d7%95%d7%9b%d7%99%d7%aa-1400-%d7%9e%d7%9c-%d7%92%d7%95%d7%91%d7%94-27-5-%d7%a1%d7%9e/","עיצוב הבית","108.72"
"RrlDAh78lTV0UNaZIQoo","12 יחי שרך לתליה ירוק h80","12 יחי שרך לתליה ירוק h80","exact","1.00","X4799","json-ld","https://paldinox.co.il/product/12-%d7%99%d7%97%d7%99-%d7%a9%d7%a8%d7%9a-%d7%9c%d7%aa%d7%9c%d7%99%d7%94-%d7%99%d7%a8%d7%95%d7%a7-h80/","עיצוב הבית","432.64"
"RymKcoZabxKYd8hsiDVV","סט 6 כוסות ויסקי קריסטל LENAS","LENAS סט 6 כוסות ויסקי קריסטל 300 מ”ל","fuzzy","0.80","","HTTP_404","https://paldinox.co.il/product/lenas-%d7%a1%d7%98-6-%d7%9b%d7%95%d7%a1%d7%95%d7%aa-%d7%95%d7%99%d7%a1%d7%a7%d7%99-%d7%a7%d7%a8%d7%99%d7%a1%d7%98%d7%9c-300-%d7%9e%d7%9c/","כלי שולחן והגשה","293.49"
"SC65rOpsIMkZDQixks7U","סט 6 גביעי יין זכוכית עם פסים זהב","","url_only","","","HTTP_404","https://paldinox.co.il/product/%d7%a1%d7%98-6-%d7%92%d7%91%d7%99%d7%a2%d7%99-%d7%99%d7%99%d7%9f-%d7%96%d7%9b%d7%95%d7%9b%d7%99%d7%aa-%d7%a4%d7%a1%d7%99%d7%9d-300-%d7%9e%d7%9c-%d7%a4%d7%a1-%d7%96%d7%94%d7%91/","כלי שולחן והגשה","193.5"
"SNaMRYENQ2e84Dn1nB4Q","קערה מתכת ניקל שחור/ שוליים זהב 24/24 גובה 10.5 ס”מ","קערה מתכת ניקל שחור/ שוליים זהב 24/24 גובה 10.5 ס”מ","exact","1.00","X5257B","json-ld","https://paldinox.co.il/product/%d7%a7%d7%a2%d7%a8%d7%94-%d7%9e%d7%aa%d7%9b%d7%aa-%d7%a0%d7%99%d7%a7%d7%9c-%d7%a9%d7%97%d7%95%d7%a8-%d7%a9%d7%95%d7%9c%d7%99%d7%99%d7%9d-%d7%96%d7%94%d7%91-24-24-%d7%92%d7%95%d7%91%d7%94-10-5-%d7%a1-2/","כלי שולחן והגשה","158.88"
"SQ9KTjHBOG8mebWQnV55","מלקחיים להגשת עוגה בגוון זהב","","url_only","","P109NG","json-ld","https://paldinox.co.il/product/%d7%9e%d7%99%d7%9c%d7%a7%d7%97%d7%99%d7%99%d7%9d-%d7%9c%d7%a2%d7%95%d7%92%d7%94-%d7%96%d7%94%d7%91/","כלי שולחן והגשה","50.01"
"STZclx7jCCAlJh2k1ew2","קראק מאפרה 152","קראק מאפרה 152","exact","1.00","","HTTP_404","https://paldinox.co.il/product/%d7%a7%d7%a8%d7%90%d7%a7-%d7%9e%d7%90%d7%a4%d7%a8%d7%94-152/","כלי שולחן והגשה","165.03"
"SXb39kXbu7ViATyneyhh","נר ריחני נרולי ויסמין כהה בכלי עץ","","url_only","","","HTTP_404","https://paldinox.co.il/product/%d7%a0%d7%a8-%d7%a8%d7%99%d7%97%d7%a0%d7%99-neroli-jasmine-%d7%9b%d7%94%d7%94-%d7%9e%d7%9b%d7%a1%d7%94-%d7%a7%d7%95%d7%98%d7%a8-20-%d7%92%d7%95%d7%91%d7%94-19-%d7%a1%d7%9e-%d7%a2%d7%a5/","עיצוב הבית","367.42"
"SadFcldhF6CGNqd0cFLu","סט 6 חבקי מפיות כסף עם עיטור יהלומים","","url_only","","","HTTP_404","https://paldinox.co.il/product/%d7%a1%d7%98-6-%d7%97%d7%91%d7%a7%d7%99%d7%9d-%d7%9c%d7%9e%d7%a4%d7%99%d7%95%d7%aa-%d7%96%d7%94%d7%91-%d7%a2%d7%99%d7%98%d7%95%d7%a8-%d7%99%d7%94%d7%9c%d7%95%d7%9e%d7%99%d7%9d-4-3-%d7%a1%d7%9e/","כלי שולחן והגשה","108.72"
"Sg8p7dPHESai23ayDGoA","h26/24 פסלון של עץ על בסיס שחור","h26/24 פסלון של עץ על בסיס שחור","exact","1.00","","HTTP_404","https://paldinox.co.il/product/h26-24-%d7%a4%d7%a1%d7%9c%d7%95%d7%9f-%d7%a9%d7%9c-%d7%a2%d7%a5-%d7%a2%d7%9c-%d7%91%d7%a1%d7%99%d7%a1-%d7%a9%d7%97%d7%95%d7%a8-2/","עיצוב הבית","336.98"
"SpfVahBCh4X7zp8l1mJt","סט מזון לחיצת ואקום 3 צנצנות זכוכית לבן /זהב 625 מ”ל תה קפה סוכר","","url_only","","AL30054W","json-ld","https://paldinox.co.il/product/%d7%a1%d7%98-%d7%9e%d7%96%d7%95%d7%9f-%d7%9c%d7%97%d7%99%d7%a6%d7%aa-%d7%95%d7%90%d7%a7%d7%95%d7%9d-3-%d7%a6%d7%a0%d7%a6%d7%a0%d7%95%d7%aa-%d7%96%d7%9b%d7%95%d7%9b%d7%99%d7%aa-%d7%9c%d7%91%d7%9f-3/","כלי שולחן והגשה","171.76"
"Sq5510OhLN4DltRybcVa","סט 6 מזלגיות בארוק זהב","סט 6 מזלגיות בארוק זהב","exact","1.00","","HTTP_404","https://paldinox.co.il/product/%d7%a1%d7%98-6-%d7%9e%d7%96%d7%9c%d7%92%d7%99%d7%95%d7%aa-%d7%91%d7%90%d7%a8%d7%95%d7%a7-%d7%96%d7%94%d7%91-2/","כלי שולחן והגשה","80.42"
"SsOUnFa7ZX07veApG3RC","סט 6 מאגים Fortune ירוק ולבן זהב – New Bone China","","url_only","","","HTTP_404","https://paldinox.co.il/product/%d7%a1%d7%98-6-%d7%9e%d7%90%d7%92-fortune-%d7%99%d7%a8%d7%95%d7%a7-%d7%9c%d7%91%d7%9f-%d7%96%d7%94%d7%91-355-%d7%9e%d7%9c-new-bone-china-2/","כלי שולחן והגשה","392.16"
"T3sHojaNLQ4XWYMEbdWP","מגש עגול על רגל בזהב וכסף","","url_only","","","HTTP_404","https://paldinox.co.il/product/%d7%9e%d7%92%d7%a9-%d7%a2%d7%92%d7%95%d7%9c-%d7%a2%d7%9c-%d7%a8%d7%92%d7%9c-%d7%96%d7%94%d7%91-%d7%95%d7%9b%d7%a1%d7%a3-%d7%9b%d7%93%d7%95%d7%a8%d7%99%d7%9d-%d7%9e%d7%aa%d7%9b%d7%aa-%d7%a7%d7%95-2/","כלי שולחן והגשה","236.99"
"TB1tv246R7tbefqOUsEw","24 גבעולי דלילות לבן לעיצוב – 58 ס""מ","","url_only","","","HTTP_404","https://paldinox.co.il/product/24-%d7%92%d7%91%d7%a2%d7%95%d7%9c%d7%99-%d7%93%d7%9c%d7%99%d7%95%d7%aa-%d7%9c%d7%91%d7%9f-58%d7%a1%d7%9e/","עיצוב הבית","628.32"
"THhqwVYdw6wizwEfGGPQ","סט 6 כוסות שתיה קרה זכוכית פסים שקופה 230 מ”ל פס זהב","סט 6 כוסות שתיה קרה זכוכית פסים שקופה 230 מ”ל פס זהב","exact","1.00","","HTTP_404","https://paldinox.co.il/product/%d7%a1%d7%98-6-%d7%9b%d7%95%d7%a1%d7%95%d7%aa-%d7%a9%d7%aa%d7%99%d7%94-%d7%a7%d7%a8%d7%94-%d7%96%d7%9b%d7%95%d7%9b%d7%99%d7%aa-%d7%a4%d7%a1%d7%99%d7%9d-%d7%a9%d7%a7%d7%95%d7%a4%d7%94-230-%d7%9e/","כלי שולחן והגשה","128.27"
"TLKWzQBctrDD0LiPIbHf","סט 6 גביעי זכוכית שקופה עם פסים","","url_only","","","HTTP_404","https://paldinox.co.il/product/%d7%a1%d7%98-6-%d7%92%d7%91%d7%99%d7%a2%d7%99-%d7%96%d7%9b%d7%95%d7%9b%d7%99%d7%aa-%d7%a9%d7%a7%d7%95%d7%a4%d7%94-%d7%a4%d7%a1%d7%99%d7%9d-360-%d7%9e%d7%9c/","כלי שולחן והגשה","271.76"
"TTZ49hLCSBbZGKDnpUYT","עששית מתכת עגולה שחור","h9D9.5 עששית עגולה מתכת שחור","fuzzy","0.80","X2124AB","json-ld","https://paldinox.co.il/product/h9-5d8-5-%d7%a2%d7%a9%d7%a9%d7%99%d7%aa-%d7%a2%d7%92%d7%95%d7%9c%d7%94-%d7%9e%d7%aa%d7%9b%d7%aa-%d7%a9%d7%97%d7%95%d7%a8/","עיצוב הבית","43.49"
"TfslgYnq0ESiJv4t0wLc","h14 פמוט מתכת אדום Home Decor","h14 פמוט מתכת אדום  Home Decor","exact","1.00","M51092051","json-ld","https://paldinox.co.il/product/h14-%d7%a4%d7%9e%d7%95%d7%98-%d7%9e%d7%aa%d7%9b%d7%aa-%d7%90%d7%93%d7%95%d7%9d-home-decor/","עיצוב הבית","171.22"
"TgS6yabgRVp8o7NBcqCg","אגרטל זכוכית 1400 מ”ל גובה 27.5 ס”מ","אגרטל זכוכית 1400 מ”ל גובה 27.5 ס”מ","exact","1.00","","HTTP_404","https://paldinox.co.il/product/%d7%90%d7%92%d7%a8%d7%98%d7%9c-%d7%96%d7%9b%d7%95%d7%9b%d7%99%d7%aa-1400-%d7%9e%d7%9c-%d7%92%d7%95%d7%91%d7%94-27-5-%d7%a1%d7%9e-2/","עיצוב הבית","108.72"
"TtnRG0pvCR8jSuApXNkv","קערת קריסטל ORIGAMI – סדרה מודרנית","","url_only","","","HTTP_404","https://paldinox.co.il/product/3326-%d7%a7%d7%a2%d7%a8%d7%94-%d7%a7%d7%a8%d7%99%d7%a1%d7%98%d7%9c-origami/","כלי שולחן והגשה","358.74"
"TvfRZMLZHQgNOosRVTAZ","קרש חיתוך עץ טבעי","","url_only","","X5179B","json-ld","https://paldinox.co.il/product/%d7%a7%d7%a8%d7%a9-%d7%97%d7%99%d7%aa%d7%95%d7%9a-%d7%a2%d7%a5-%d7%98%d7%91%d7%a2%d7%99-56-38-%d7%a1%d7%9e/","כלי שולחן והגשה","215.25"
"TwIgLVi6MCwUVDdCXhsH","נר ריחני Sandalwood Patchouli בזכוכית שחור","","url_only","","","HTTP_404","https://paldinox.co.il/product/%d7%a0%d7%a8-%d7%a8%d7%99%d7%97%d7%a0%d7%99-sandalwood-patchouli-%d7%a2%d7%a5-%d7%9e%d7%a9%d7%99%d7%a9-%d7%9e%d7%9b%d7%a1%d7%94-%d7%a7%d7%95%d7%98%d7%a8-16-5-%d7%92%d7%95%d7%91%d7%94-38-%d7%a1/","עיצוב הבית","432.64"
"U7yAOF8NEFSOlcQJCTNo","עששית זכוכית שקופה בעיצוב כדורים","","url_only","","","HTTP_404","https://paldinox.co.il/product/%d7%90%d7%92%d7%a8%d7%98%d7%9c-%d7%9b%d7%93%d7%95%d7%a8%d7%99-%d7%96%d7%9b%d7%95%d7%9b%d7%99%d7%aa-%d7%a9%d7%a7%d7%95%d7%a4%d7%94-%d7%90%d7%91%d7%a0%d7%99%d7%9d-%d7%92%d7%95%d7%91%d7%94-9-%d7%a7/","כלי שולחן והגשה","41.31"
"UDKEMm1bXGLwrFJHan4w","קערת הגשה פראג","","url_only","","","HTTP_404","https://paldinox.co.il/product/%d7%a4%d7%a8%d7%90%d7%92-%d7%a7%d7%a2%d7%a8%d7%94-280/","כלי שולחן והגשה","432.64"
"UNVdEEWXICFpyQ2Pg9sp","אגרטל מתכת בגימור זהב בוהק – 80 ס״מ","","url_only","","","HTTP_404","https://paldinox.co.il/product/%d7%90%d7%92%d7%a8%d7%98%d7%9c-%d7%9e%d7%aa%d7%9b%d7%aa-%d7%96%d7%94%d7%91-41-5-41-5-%d7%92%d7%95%d7%91%d7%94-80-%d7%a1%d7%9e/","עיצוב הבית","1193.59"
"Uii0fcRHcATdB6j0L749","סט 6 קעריות מרק Heritage לבן – קוטר 15 ס״מ","Heritage סט 6 קעריות למרק קוטר 15 ס”מ לבן","fuzzy","0.90","M51003177","json-ld","https://paldinox.co.il/product/heritage-%d7%a1%d7%98-6-%d7%a7%d7%a2%d7%a8%d7%99%d7%95%d7%aa-%d7%a7%d7%95%d7%98%d7%a8-15-%d7%a1%d7%9e-%d7%9c%d7%91%d7%9f/","כלי שולחן והגשה","614.08"
"UkpBWjDY5hElZCu87r6Z","קערת הגשה Prague – סדרת פראג","","url_only","","","HTTP_404","https://paldinox.co.il/product/%d7%a4%d7%a8%d7%90%d7%92-%d7%a7%d7%a2%d7%a8%d7%94-280-2/","כלי שולחן והגשה","432.64"
"VFwuwJ4JIZ1Kwq70XBne","סט 3 מעמדי נרות קרמיקה בעיצוב אריה זהב","","url_only","","X4854Z","json-ld","https://paldinox.co.il/product/%d7%a1%d7%98-3-%d7%9e%d7%a2%d7%9e%d7%93%d7%99%d7%9d-%d7%9c%d7%a0%d7%a8-%d7%a7%d7%a8%d7%9e%d7%99%d7%a7%d7%94-%d7%96%d7%94%d7%91-%d7%90%d7%a8%d7%99%d7%94-%d7%96%d7%94%d7%91-h16-12-11/","עיצוב הבית","236.99"
"VRxIWP4RG6HrZMykGAUH","מעמד קומותיים עגול בצבע זהב","h34D20 מעמד קומותיים עגול זהב","fuzzy","0.80","","HTTP_404","https://paldinox.co.il/product/h34d20-%d7%9e%d7%a2%d7%9e%d7%93-%d7%a7%d7%95%d7%9e%d7%95%d7%aa%d7%99%d7%99%d7%9d-%d7%a2%d7%92%d7%95%d7%9c-%d7%96%d7%94%d7%91/","עיצוב הבית","195.96"
"VXMuEAHjRmHCEFTNqZ0C","קערת הגשה מתכת שחורה עם שוליים זהב","","url_only","","X5257BG","json-ld","https://paldinox.co.il/product/%d7%a7%d7%a2%d7%a8%d7%94-%d7%9e%d7%aa%d7%9b%d7%aa-%d7%a0%d7%99%d7%a7%d7%9c-%d7%a9%d7%97%d7%95%d7%a8-%d7%a9%d7%95%d7%9c%d7%99%d7%99%d7%9d-%d7%96%d7%94%d7%91-31-31-%d7%92%d7%95%d7%91%d7%94-13-%d7%a1-2/","כלי שולחן והגשה","215.58"
"VjqMQMfHPVkMmVav6zNZ","סט 6 צלחות La Majorelle ורוד","סט 6 לביצים ורוד La Majorelle","fuzzy","0.83","M51011026","json-ld","https://paldinox.co.il/product/la-majorelle-%d7%a1%d7%986-%d7%a6%d7%9c%d7%97%d7%aa-26-5%d7%a1%d7%9e-%d7%95%d7%a8%d7%95%d7%93-2/","כלי שולחן והגשה","525.05"
"Vr4lAA5rIUfZzm5CvHNq","מגש מלבני מתכת בגימור זהב","","url_only","","","HTTP_404","https://paldinox.co.il/product/%d7%9e%d7%92%d7%a9-%d7%9e%d7%9c%d7%91%d7%a0%d7%99-%d7%9e%d7%aa%d7%9b%d7%aa-%d7%96%d7%94%d7%91-%d7%99%d7%93%d7%99%d7%95%d7%aa-47-21/","כלי שולחן והגשה","185.04"
"VxbLXGjG4vFdi8av4StL","מפיון קריסטל זהב עם ידית נשיאה","","url_only","","X5398ZB","json-ld","https://paldinox.co.il/product/%d7%9e%d7%a4%d7%99%d7%95%d7%9f-%d7%a9%d7%a7%d7%95%d7%a3-%d7%96%d7%94%d7%91-%d7%99%d7%93%d7%99%d7%aa-%d7%a0%d7%a9%d7%99%d7%90%d7%94-%d7%9b%d7%93%d7%95%d7%a8%d7%99-%d7%a7%d7%a8%d7%99%d7%a1%d7%98%d7%9c-1/","עיצוב הבית","173.94"
"WQp8WQ7lVGbWt1c1RGXD","סט 3 נרות ריחניים שחור – טל בגן","","url_only","","X3324A","json-ld","https://paldinox.co.il/product/910-%d7%a1%d7%983-%d7%a0%d7%a8-%d7%a8%d7%99%d7%97%d7%a0%d7%99-%d7%a9%d7%97%d7%95%d7%a8-%d7%98%d7%9c-%d7%91%d7%92%d7%9f-2/","עיצוב הבית","141.33"
"WQy6gE9bcdGRaG2Xyh3z","מגש מתכת מלבני זהב עם ידיות","","url_only","","","HTTP_404","https://paldinox.co.il/product/%d7%9e%d7%92%d7%a9-%d7%9e%d7%aa%d7%9b%d7%aa-%d7%9e%d7%9c%d7%91%d7%a0%d7%99-%d7%96%d7%94%d7%91-%d7%99%d7%93%d7%99%d7%95%d7%aa-48-27-%d7%a1%d7%9e-%d7%a4%d7%99%d7%a0%d7%95%d7%aa-%d7%9e%d7%a2%d7%95/","כלי שולחן והגשה","228.66"
"WoAR2GDItwMQ0S0WFrPz","מעמד 3 קומות עגול בצבע ניקל","h50D30 מעמד 3 קומות עגול ניקל","fuzzy","0.83","","HTTP_404","https://paldinox.co.il/product/h50d30-%d7%9e%d7%a2%d7%9e%d7%93-3-%d7%a7%d7%95%d7%9e%d7%95%d7%aa-%d7%a2%d7%92%d7%95%d7%9c-%d7%a0%d7%99%d7%a7%d7%9c/","עיצוב הבית","457.56"
"XYIfqvUthtO379kyCvm1","סט 6 צלחות מנה עיקרית Royal White כחול","","url_only","","","HTTP_404","https://paldinox.co.il/product/royal-white-%d7%a1%d7%986-%d7%a6%d7%9c%d7%97%d7%aa-%d7%9e%d7%a0%d7%94-%d7%a2%d7%99%d7%a7%d7%a8%d7%99%d7%aa-26-5%d7%a1%d7%9e-%d7%9b%d7%97%d7%95%d7%9c/","כלי שולחן והגשה","650.05"
"Xizwf9ReR7phWbwaJTmZ","פח מתכת שחור 35 ליטר עם 4 רגליים","","url_only","","X5911B","json-ld","https://paldinox.co.il/product/%d7%a4%d7%97-%d7%9e%d7%aa%d7%9b%d7%aa-%d7%a9%d7%97%d7%95%d7%a8-35-%d7%9c%d7%99%d7%98%d7%a8-%d7%a8%d7%95%d7%97%d7%91-45-5-%d7%92%d7%95%d7%91%d7%94-68-5-%d7%a1%d7%9e-4-%d7%a8%d7%92%d7%9c%d7%99%d7%99/","עיצוב הבית","434.82"
"YO9WAjPZm60Etkvd06Zq","סט 6 מקציף ביצים COOKA","","url_only","","AN6176","json-ld","https://paldinox.co.il/product/%d7%a1%d7%98-6-%d7%9e%d7%a7%d7%a6%d7%99%d7%a3-%d7%91%d7%99%d7%a6%d7%99%d7%9d-cooka-2/","כלי שולחן והגשה","169.56"
"YUcGnDsWQKUbhgC6OcIF","מגש עגול על רגל זכוכית בעיצוב פעמון – זהב","","url_only","","","HTTP_404","https://paldinox.co.il/product/h52d28-%d7%9e%d7%92%d7%a9-%d7%a2%d7%92%d7%95%d7%9c-%d7%a2%d7%9c-%d7%a8%d7%92%d7%9c-%d7%9e%d7%aa%d7%9b%d7%aa-%d7%96%d7%94%d7%91-%d7%a4%d7%a2%d7%9e%d7%95%d7%9f-%d7%96%d7%9b%d7%95%d7%9b%d7%99%d7%aa-2/","כלי שולחן והגשה","435.76"
"YUvF0CCyXJBKGmM3uMRC","LENAS קערה קריסטל 30.5 ס”מ","LENAS קערה קריסטל 30.5 ס”מ","exact","1.00","","HTTP_404","https://paldinox.co.il/product/lenas-%d7%a7%d7%a2%d7%a8%d7%94-%d7%a7%d7%a8%d7%99%d7%a1%d7%98%d7%9c-30-5-%d7%a1%d7%9e/","כלי שולחן והגשה","367.42"
"YiWCI97ij8TQlT3UDFjD","אגרטל מתכת שחור/ 30.5/30.5 גובה 64 ס”מ","אגרטל מתכת שחור/  30.5/30.5 גובה 64 ס”מ","exact","1.00","X5259BK","json-ld","https://paldinox.co.il/product/%d7%90%d7%92%d7%a8%d7%98%d7%9c-%d7%9e%d7%aa%d7%9b%d7%aa-%d7%a9%d7%97%d7%95%d7%a8-30-5-30-5-%d7%92%d7%95%d7%91%d7%94-64-%d7%a1%d7%9e-2/","עיצוב הבית","762.76"
"Yjp3CZWz63w0CbmI5LIk","סט 4 קעריות אובליות על בסיס חלוקי נחל בגוון בז'","","url_only","","","HTTP_404","https://paldinox.co.il/product/%d7%a1%d7%98-4-%d7%a7%d7%a2%d7%a8%d7%99%d7%95%d7%aa-%d7%90%d7%95%d7%91%d7%9c%d7%99%d7%95%d7%aa-%d7%a2%d7%9c-%d7%91%d7%a1%d7%99%d7%a1-%d7%97%d7%9c%d7%95%d7%a7%d7%99-%d7%a0%d7%97%d7%9c-%d7%91%d7%96/","עיצוב הבית","392.16"
"Z3oR2kLyCP2OdcnemTrs","רימון פורצלן שמנת – סימן שולחן יודאיקה","","url_only","","","HTTP_404","https://paldinox.co.il/product/%d7%a8%d7%99%d7%9e%d7%95%d7%9f-%d7%a4%d7%95%d7%a8%d7%a6%d7%9c%d7%9f-%d7%a9%d7%9e%d7%a0%d7%aa36/","כלי שולחן והגשה","32.66"
"ZEVOnsNsazdO9wAvg192","h66 מנורת שולחן שחורה זהב 25/50(2חל’)","h66 מנורת שולחן שחורה זהב 25/50(2חל’)","exact","1.00","X4470","json-ld","https://paldinox.co.il/product/h66-%d7%9e%d7%a0%d7%95%d7%a8%d7%aa-%d7%a9%d7%95%d7%9c%d7%97%d7%9f-%d7%a9%d7%97%d7%95%d7%a8%d7%94-%d7%96%d7%94%d7%91-25-502%d7%97%d7%9c/","עיצוב הבית","1500.12"
"ZK1nbNBUInor6ru58YPx","מעמד קומותיים מלבני בגוון זהב","","url_only","","","HTTP_404","https://paldinox.co.il/product/%d7%9e%d7%a2%d7%9e%d7%93-%d7%a7%d7%95%d7%9e%d7%95%d7%aa%d7%99%d7%99%d7%9d-%d7%9e%d7%9c%d7%91%d7%a0%d7%99-%d7%96%d7%94%d7%91-%d7%92%d7%95%d7%91%d7%94-33-%d7%a1%d7%9e/","עיצוב הבית","195.96"
"ZOKLaXjyhuJSl5HJ9UX0","אגרטל אמייל Haze בברזל","","url_only","","","HTTP_404","https://paldinox.co.il/product/%d7%90%d7%92%d7%a8%d7%98%d7%9c-%d7%90%d7%9e%d7%99%d7%99%d7%9c-haze-%d7%92%d7%95%d7%91%d7%94-30-%d7%a7%d7%95%d7%98%d7%a8-15-%d7%a1%d7%9e-%d7%91%d7%a8%d7%96%d7%9c/","עיצוב הבית","271.76"
"ZZwDDtZ0m9PIzP1YYa1Q","פמוט מתכת ירוק כהה","","url_only","","M51092088","json-ld","https://paldinox.co.il/product/%d7%a4%d7%9e%d7%95%d7%98-%d7%9e%d7%aa%d7%9b%d7%aa-home-decor-%d7%99%d7%a8%d7%95%d7%a7-%d7%9b%d7%94%d7%94-h46-2/","עיצוב הבית","410.91"
"Zr6t0NxWl9vstrOs6P4Z","מגש מרובע על רגל קריסטל שקוף בדוגמת PIERCED","","url_only","","","HTTP_404","https://paldinox.co.il/product/%d7%9e%d7%92%d7%a9-%d7%9e%d7%a8%d7%95%d7%91%d7%a2-%d7%a2%d7%9c-%d7%a8%d7%92%d7%9c-pierced-%d7%a7%d7%a8%d7%99%d7%a1%d7%98%d7%9c-32-32-%d7%92%d7%95%d7%91%d7%94-13-%d7%a1%d7%9e-%d7%a9%d7%a7%d7%95%d7%a3/","כלי שולחן והגשה","541.36"
"ZuP7XemUEDyrJ1RvEr5u","סט 2 מגשי מתכת בז’ מלבני עם ידית 40/18 ס”מ 29/13 ס”מ","סט 2 מגשי מתכת בז’ מלבני עם ידית 40/18 ס”מ 29/13 ס”מ","exact","1.00","X5273AW","json-ld","https://paldinox.co.il/product/%d7%a1%d7%98-2-%d7%9e%d7%92%d7%a9%d7%99-%d7%9e%d7%aa%d7%9b%d7%aa-%d7%91%d7%96-%d7%9e%d7%9c%d7%91%d7%a0%d7%99-%d7%a2%d7%9d-%d7%99%d7%93%d7%99%d7%aa-40-18-%d7%a1%d7%9e-29-13-%d7%a1%d7%9e/","כלי שולחן והגשה","106.51"
"a8c7ErvsRPbYJFi8GcE9","סט 2 מגשים מתכת מלבניים בז' עם שוליים מקושתים","","url_only","","","HTTP_404","https://paldinox.co.il/product/%d7%a1%d7%98-2-%d7%9e%d7%92%d7%a9%d7%99-%d7%9e%d7%aa%d7%9b%d7%aa-%d7%9e%d7%9c%d7%91%d7%9f-%d7%91%d7%96-%d7%a9%d7%95%d7%9c%d7%99%d7%99%d7%9d-%d7%9e%d7%a7%d7%95%d7%a9%d7%aa%d7%99%d7%9d-29-12-%d7%a1/","כלי שולחן והגשה","128.29"
"aFA0o8agrow5CctzufzY","מגש מלבני אלו. זהב עם זכוכית וידיות 34/24 גובה 3.6 ס”מ","מגש מלבני אלו. זהב עם זכוכית וידיות 34/24 גובה 3.6 ס”מ","exact","1.00","X5467K","json-ld","https://paldinox.co.il/product/%d7%9e%d7%92%d7%a9-%d7%9e%d7%9c%d7%91%d7%a0%d7%99-%d7%90%d7%9c%d7%95-%d7%96%d7%94%d7%91-%d7%a2%d7%9d-%d7%96%d7%9b%d7%95%d7%9b%d7%99%d7%aa-%d7%95%d7%99%d7%93%d7%99%d7%95%d7%aa-34-24-%d7%92%d7%95%d7%91/","כלי שולחן והגשה","280.48"
"aMbKmiwIRNA8AnEsCC93","שעון קיר לבן /עץ קוטר 37.9 ס”מ עובי 4.3 ס”מ","שעון קיר לבן /עץ קוטר 37.9 ס”מ עובי 4.3 ס”מ","exact","1.00","","HTTP_404","https://paldinox.co.il/product/%d7%a9%d7%a2%d7%95%d7%9f-%d7%a7%d7%99%d7%a8-%d7%9c%d7%91%d7%9f-%d7%a2%d7%a5-%d7%a7%d7%95%d7%98%d7%a8-37-9-%d7%a1%d7%9e-%d7%a2%d7%95%d7%91%d7%99-4-3-%d7%a1%d7%9e/","עיצוב הבית","152.21"
"aWdhtbNyLILw33FHcpom","סט 4 עגלה לירקות 3 קומות כסוף","","url_only","","X4202S","json-ld","https://paldinox.co.il/product/%d7%a1%d7%98-4-%d7%a2%d7%92%d7%9c%d7%94-%d7%9c%d7%99%d7%a8%d7%a7%d7%95%d7%aa-3-%d7%a7%d7%95%d7%9e%d7%95%d7%aa-%d7%9b%d7%a1%d7%95%d7%a3/","כלי שולחן והגשה","758.77"
"aq1TxM29N18cjMEdEcq0","זוג עציץ סחלב סגול","H85 זוג עציץ סחלב סגול","fuzzy","0.89","X4215S","json-ld","https://paldinox.co.il/product/h85-%d7%96%d7%95%d7%92-%d7%a2%d7%a6%d7%99%d7%a5-%d7%a1%d7%97%d7%9c%d7%91-%d7%a1%d7%92%d7%95%d7%9c-2/","עיצוב הבית","626.14"
"awaX8MDXCTgYbvxVcXoV","סט 4 כוסות חלבון תכלת – Flower Festival","","url_only","","M51007042","json-ld","https://paldinox.co.il/product/flower-festival-%d7%a1%d7%98-4-%d7%97%d7%9c%d7%91%d7%95%d7%9f-20-%d7%9e%d7%9c-%d7%aa%d7%9b%d7%9c%d7%aa-2/","כלי שולחן והגשה","296.33"
"b2ITzE5udjfeXZ6kNGFW","h40D21 כלי אחסון קרמיקה+מכסה שחור/לבן","h40D21 כלי אחסון קרמיקה+מכסה שחור/לבן","exact","1.00","X4619G","json-ld","https://paldinox.co.il/product/h40d21-%d7%9b%d7%9c%d7%99-%d7%90%d7%97%d7%a1%d7%95%d7%9f-%d7%a7%d7%a8%d7%9e%d7%99%d7%a7%d7%94%d7%9e%d7%9b%d7%a1%d7%94-%d7%a9%d7%97%d7%95%d7%a8-%d7%9c%d7%91%d7%9f/","עיצוב הבית","476.13"
"b8jQiH2MZAp5YwDczyTj","פנוסית הוריקן עץ וזכוכית – גובה 30 ס""מ","","url_only","","","HTTP_404","https://paldinox.co.il/product/h30-%d7%a1%d7%9e-%d7%94%d7%95%d7%a8%d7%99%d7%a7%d7%9f-%d7%a2%d7%a5-%d7%96%d7%9b%d7%95%d7%9b%d7%99%d7%aa4/","עיצוב הבית","345.68"
"bIDhQImSEAZ0MV0YKuBW","מגש על בסיס חלוקי נחל בז’ אלומיניום ופעמון זכוכית 23/23 גובה 23 ס”מ","","url_only","","","HTTP_404","https://paldinox.co.il/product/%d7%9e%d7%92%d7%a9-%d7%a2%d7%9c-%d7%91%d7%a1%d7%99%d7%a1-%d7%97%d7%9c%d7%95%d7%a7%d7%99-%d7%a0%d7%97%d7%9c-%d7%91%d7%96-%d7%90%d7%9c%d7%95%d7%9e%d7%99%d7%a0%d7%99%d7%95%d7%9d-%d7%95%d7%a4%d7%a2-2/","כלי שולחן והגשה","370.36"
"bNvUYSN2eFC1I7mz5aAw","מאפרה עגולה בגוון טרוורטין","","url_only","","","HTTP_404","https://paldinox.co.il/product/%d7%9e%d7%90%d7%a4%d7%a8%d7%94-%d7%93%d7%9e%d7%95%d7%99-%d7%98%d7%a8%d7%95%d7%95%d7%a8%d7%98%d7%99%d7%9f-%d7%a2%d7%92%d7%95%d7%9c%d7%94-%d7%a7%d7%95%d7%98%d7%a8-14-%d7%92%d7%95%d7%91%d7%94-2-54-%d7%a1/","כלי שולחן והגשה","54.37"
"bSzEL5wJA7xjnn0onF9O","H15 סט 3 צנצנות זכוכית מכסה שחור 0.85ל D10","","url_only","","X4342B","json-ld","https://paldinox.co.il/product/h15-%d7%a1%d7%98-3-%d7%a6%d7%a0%d7%a6%d7%a0%d7%95%d7%aa-%d7%96%d7%9b%d7%95%d7%9b%d7%99%d7%aa-%d7%9e%d7%9b%d7%a1%d7%94-%d7%a9%d7%97%d7%95%d7%a8-0-85%d7%9c-d10-2/","עיצוב הבית","119.57"
"boENLqdXPVhnf74MltaX","מעמד קומותיים עץ ערבסק מתכת זהב על בסיס ופעמון זכוכית שקוף גובה 43 קוטר 25 ס”מ","מעמד קומותיים עץ ערבסק מתכת זהב על בסיס ופעמון זכוכית שקוף גובה 43 קוטר 25 ס”מ","exact","1.00","","HTTP_404","https://paldinox.co.il/product/%d7%9e%d7%a2%d7%9e%d7%93-%d7%a7%d7%95%d7%9e%d7%95%d7%aa%d7%99%d7%99%d7%9d-%d7%a2%d7%a5-%d7%a2%d7%a8%d7%91%d7%a1%d7%a7-%d7%9e%d7%aa%d7%9b%d7%aa-%d7%96%d7%94%d7%91-%d7%a2%d7%9c-%d7%91%d7%a1%d7%99%d7%a1/","עיצוב הבית","544.76"
"bywhU9Jwd92Lfjb0pcnM","אגרטל קריסטל יוקו – גובה 33 ס""מ","","url_only","","","HTTP_404","https://paldinox.co.il/product/%d7%99%d7%95%d7%a7%d7%95-%d7%90%d7%92%d7%a8%d7%98%d7%9c-%d7%92%d7%95%d7%91%d7%94-33-%d7%a1%d7%9e/","עיצוב הבית","476.13"
"c1XFIVGmeznXIjOQiS3D","אגרטל זכוכית קלאסי גובה 25 ס”מ","אגרטל זכוכית קלאסי גובה 25 ס”מ","exact","1.00","","HTTP_404","https://paldinox.co.il/product/%d7%90%d7%92%d7%a8%d7%98%d7%9c-%d7%96%d7%9b%d7%95%d7%9b%d7%99%d7%aa-%d7%a7%d7%9c%d7%90%d7%a1%d7%99-%d7%92%d7%95%d7%91%d7%94-25-%d7%a1%d7%9e/","עיצוב הבית","108.72"
"c77DE2LOShhTun3gJ56b","סט 6 חבקים למפיות בעיצוב פנינים זהב","","url_only","","X4904","json-ld","https://paldinox.co.il/product/%d7%a1%d7%986-%d7%97%d7%91%d7%a7%d7%99%d7%9d-%d7%9c%d7%9e%d7%a4%d7%99%d7%95%d7%aa-%d7%a4%d7%a0%d7%99%d7%a0%d7%99%d7%9d-%d7%96%d7%94%d7%91-5%d7%a1%d7%9e-2/","כלי שולחן והגשה","150.01"
"cbZtGFWMh7OMq3Rswu0T","מגש עגול עם רגל ניקל","h13/D16 מגש עגול עם רגל ניקל","fuzzy","0.83","X3992","json-ld","https://paldinox.co.il/product/h13-d16-%d7%9e%d7%92%d7%a9-%d7%a2%d7%92%d7%95%d7%9c-%d7%a2%d7%9d-%d7%a8%d7%92%d7%9c-%d7%a0%d7%99%d7%a7%d7%9c/","עיצוב הבית","84.8"
"cfa4LJf1zxBqkQ86ayu5","מכסה לסיר X1837M זכוכית/ סיליקון/ ידית D20","","url_only","","X4326M","json-ld","https://paldinox.co.il/product/%d7%9e%d7%9b%d7%a1%d7%94-%d7%9c%d7%a1%d7%99%d7%a8-x1837m-%d7%96%d7%9b%d7%95%d7%9b%d7%99%d7%aa-%d7%a1%d7%99%d7%9c%d7%99%d7%a7%d7%95%d7%9f-%d7%99%d7%93%d7%99%d7%aa-d20-2/","עיצוב הבית","50.07"
"dEcR5kkP6YI9mlCqNGJi","סיר בישול שחור 32 ס""מ עם מכסה זכוכית","","url_only","","X5290C","json-ld","https://paldinox.co.il/product/%d7%a1%d7%99%d7%a8-32-%d7%a1%d7%9e-8-8-%d7%9c%d7%99%d7%98%d7%a8-%d7%a9%d7%97%d7%95%d7%a8-%d7%9e%d7%9b%d7%a1%d7%94-%d7%96%d7%9b%d7%95%d7%9b%d7%99%d7%aa-oslo-%d7%a6%d7%99%d7%a4%d7%95%d7%99-%d7%a9-2/","כלי שולחן והגשה","392.16"
"dQLEJdJfGfRieKPEr2do","דיקנטר DIAMOND 0.7L","דיקנטר DIAMOND 0.7L","exact","1.00","","HTTP_404","https://paldinox.co.il/product/%d7%93%d7%99%d7%a7%d7%a0%d7%98%d7%a8-diamond-0-7l-2/","כלי שולחן והגשה","391.33"
"dU9B6ZlBEz8KJl2B2SWo","סט6 חבקים למפיות פרח טיטניום","סט6 חבקים למפיות פרח טיטניום","exact","1.00","","HTTP_404","https://paldinox.co.il/product/%d7%a1%d7%986-%d7%97%d7%91%d7%a7%d7%99%d7%9d-%d7%9c%d7%9e%d7%a4%d7%99%d7%95%d7%aa-%d7%a4%d7%a8%d7%97-%d7%98%d7%99%d7%98%d7%a0%d7%99%d7%95%d7%9d-2/","כלי שולחן והגשה","86.98"
"dUsLmJ8RSYBCyNbE4H1p","סט 2 צלחות מתכת עגולות שחור","","url_only","","","HTTP_404","https://paldinox.co.il/product/%d7%a1%d7%98-2-%d7%a6%d7%9c%d7%97%d7%95%d7%aa-%d7%9e%d7%aa%d7%9b%d7%aa-%d7%a2%d7%92%d7%95%d7%9c%d7%95%d7%aa-%d7%a9%d7%97%d7%95%d7%a8-%d7%a7%d7%95%d7%98%d7%a8-30-25-%d7%a1%d7%9e/","כלי שולחן והגשה","97.84"
"eCGjP7q16ORW8XH5KmDQ","קערת קריסטל NEPTUNE לשולחן חג","","url_only","","","HTTP_404","https://paldinox.co.il/product/neptune-%d7%a7%d7%a2%d7%a8%d7%94-%d7%a7%d7%a8%d7%99%d7%a1%d7%98%d7%9c-29-29-%d7%a1%d7%9e-%d7%92%d7%95%d7%91%d7%94-8-5-%d7%a1%d7%9e/","כלי שולחן והגשה","367.44"
"eCswVs67ts4UypbFimzu","סט 4 עגלות הגשה תלת-קומתיות שחור מט","","url_only","","P309B","json-ld","https://paldinox.co.il/product/%d7%a1%d7%98-4-%d7%a2%d7%92%d7%9c%d7%94-%d7%9c%d7%99%d7%a8%d7%a7%d7%95%d7%aa-3-%d7%a7%d7%95%d7%9e%d7%95%d7%aa-%d7%a9%d7%97%d7%95%d7%a8-%d7%9e%d7%98-%d7%92%d7%95%d7%91%d7%94-76-%d7%a1%d7%9e/","כלי שולחן והגשה","847.89"
"eCwmJEMe3BSraQVuT6yG","מגש מתכת בגוון זהב עם ידיות","","url_only","","X4769GZ","json-ld","https://paldinox.co.il/product/44-21-5-%d7%96%d7%95%d7%92-%d7%9e%d7%92%d7%a9%d7%99-%d7%9e%d7%aa%d7%9b%d7%aa-%d7%99%d7%93%d7%99%d7%95%d7%aa-%d7%9e%d7%90%d7%95%d7%a8%d7%9a-%d7%96%d7%94%d7%91/","כלי שולחן והגשה","206.86"
"ecHJyAVIic5pbH01VU9H","מגש מרובע על רגל זהב וכסף / כדורים מתכת 25/23 ס”מ גובה 11 ס”מ","מגש מרובע על רגל זהב וכסף / כדורים מתכת 25/23 ס”מ גובה 11 ס”מ","exact","1.00","","HTTP_404","https://paldinox.co.il/product/%d7%9e%d7%92%d7%a9-%d7%9e%d7%a8%d7%95%d7%91%d7%a2-%d7%a2%d7%9c-%d7%a8%d7%92%d7%9c-%d7%96%d7%94%d7%91-%d7%95%d7%9b%d7%a1%d7%a3-%d7%9b%d7%93%d7%95%d7%a8%d7%99%d7%9d-%d7%9e%d7%aa%d7%9b%d7%aa-25-23/","כלי שולחן והגשה","258.72"
"eg8VKlh2Kzl2j5goF66Y","מגש מלבני זכוכית אמבר בעיצוב Ella","","url_only","","","HTTP_404","https://paldinox.co.il/product/ella-amber-%d7%9e%d7%92%d7%a9-%d7%9e%d7%9c%d7%91%d7%a0%d7%99-%d7%96%d7%9b%d7%95%d7%9b%d7%99%d7%aa-39-13-5-%d7%a1%d7%9e/","כלי שולחן והגשה","84.8"
"eryYHznstyzoRszdVscF","סט 3 נרות ריחניים כדוריים – שחור, שנהב וכתום","","url_only","","X4757","json-ld","https://paldinox.co.il/product/d12-%d7%a1%d7%98-3-%d7%a0%d7%a8-%d7%a8%d7%99%d7%97%d7%a0%d7%99-%d7%9b%d7%93%d7%95%d7%a8%d7%99-%d7%a9%d7%97%d7%95%d7%a8-%d7%a9%d7%a0%d7%94%d7%91-%d7%9b%d7%aa%d7%95%d7%9d-%d7%93%d7%95%d7%9e%d7%93%d7%9e/","עיצוב הבית","215.23"
"f13OMdZyDuPHrFfGI9sW","מחבת 28 ס”מ שחור OSLO ציפוי שיש 4 שכבות יציקת אלו. קוצ’ינה מיה","","url_only","","X5291","json-ld","https://paldinox.co.il/product/%d7%9e%d7%97%d7%91%d7%aa-28-%d7%a1%d7%9e-%d7%a9%d7%97%d7%95%d7%a8-%d7%9e%d7%9b%d7%a1%d7%94-%d7%96%d7%9b%d7%95%d7%9b%d7%99%d7%aa-oslo-%d7%a6%d7%99%d7%a4%d7%95%d7%99-%d7%a9%d7%99%d7%a9-4-%d7%a9%d7%9b/","כלי שולחן והגשה","195.96"
"f74f9LiXYabB78pty8L9","מגש מרובע ערבסק זהב אלומיניום 31/31 גובה 5 ס”מ","מגש מרובע ערבסק זהב אלומיניום  31/31 גובה 5 ס”מ","exact","1.00","","HTTP_404","https://paldinox.co.il/product/%d7%9e%d7%92%d7%a9-%d7%9e%d7%a8%d7%95%d7%91%d7%a2-%d7%a2%d7%a8%d7%91%d7%a1%d7%a7-%d7%96%d7%94%d7%91-%d7%90%d7%9c%d7%95%d7%9e%d7%99%d7%a0%d7%99%d7%95%d7%9d-31-31-%d7%92%d7%95%d7%91%d7%94-5-%d7%a1/","כלי שולחן והגשה","195.96"
"f8L2G5Kxdk7L2U7MAaNF","h15 עציץ מתכת עגול אפור קוטר 19סמ","h15 עציץ מתכת עגול אפור קוטר 19סמ","exact","1.00","","HTTP_404","https://paldinox.co.il/product/h15-%d7%a2%d7%a6%d7%99%d7%a5-%d7%9e%d7%aa%d7%9b%d7%aa-%d7%a2%d7%92%d7%95%d7%9c-%d7%90%d7%a4%d7%95%d7%a8-%d7%a7%d7%95%d7%98%d7%a8-19%d7%a1%d7%9e-2/","עיצוב הבית","163.26"
"fEAoBl96Biz2YxLBCEHn","כלי שח קרמיקה – מלך שחור","h32D12 כלי שח קרמיקה/מלך שחור","fuzzy","0.91","X4607","json-ld","https://paldinox.co.il/product/h32d12-%d7%9b%d7%9c%d7%99-%d7%a9%d7%97-%d7%a7%d7%a8%d7%9e%d7%99%d7%a7%d7%94-%d7%9e%d7%9c%d7%9a-%d7%a9%d7%97%d7%95%d7%a8/","עיצוב הבית","215.23"
"fFN8CewkpJeGruapwJU5","סט 3 צנצנות מרובעות זכוכית עם מכסה זהב – 1.5 ליטר","","url_only","","X4345ZA","json-ld","https://paldinox.co.il/product/h20-%d7%a1%d7%98-3-%d7%a6%d7%a0%d7%a6%d7%a0%d7%95%d7%aa-%d7%9e%d7%a8%d7%95%d7%91%d7%a2%d7%95%d7%aa-%d7%96%d7%9b%d7%95%d7%9b%d7%99%d7%aa-%d7%90%d7%9e%d7%91%d7%a8-%d7%95%d7%9e%d7%9b%d7%a1%d7%94-%d7%96-2/","עיצוב הבית","215.21"
"fOKipG35Wwc8W73YqYN6","תיק תכלת מלכותי בעיצוב Royal","","url_only","","","HTTP_404","https://paldinox.co.il/product/35royal-%d7%aa%d7%99%d7%a7-%d7%aa%d7%9b%d7%9c%d7%aa-3844-5/","כלי שולחן והגשה","52.15"
"fZdpjuJcovsLKIrzpiGK","קופסת זכוכית רטרו עם מכסה – קטנה","","url_only","","","HTTP_404","https://paldinox.co.il/product/%d7%a7%d7%95%d7%a4%d7%a1%d7%aa-%d7%96%d7%9b%d7%95%d7%9b%d7%99%d7%aa-%d7%a9%d7%a7%d7%95%d7%a4%d7%94-%d7%a8%d7%98%d7%a8%d7%95-%d7%92%d7%95%d7%91%d7%94-15-%d7%a7%d7%95%d7%98%d7%a8-14-5-%d7%a1%d7%9e-3/","עיצוב הבית","36.97"
"foRqflAb4C9IBt4SOGKE","H27 שמפנירה/טבעות זהב","H27 שמפנירה/טבעות זהב","exact","1.00","","HTTP_404","https://paldinox.co.il/product/h27-%d7%a9%d7%9e%d7%a4%d7%a0%d7%99%d7%a8%d7%94-%d7%98%d7%91%d7%a2%d7%95%d7%aa-%d7%96%d7%94%d7%91-3/","עיצוב הבית","250.44"
"gcCOLbrSp6sAzsC2UXnZ","מגש מתכת שחורה עם פעמון זכוכית","","url_only","","X4745AS","json-ld","https://paldinox.co.il/product/h20-44-5-17-5-%d7%9e%d7%92%d7%a9-%d7%9e%d7%9c%d7%91%d7%a0%d7%99-%d7%9e%d7%aa%d7%9b%d7%aa-%d7%a9%d7%97%d7%95%d7%a8%d7%94-%d7%a4%d7%a2%d7%9e%d7%95%d7%9f-%d7%96%d7%9b%d7%95%d7%9b%d7%99%d7%aa-%d7%a9%d7%a7/","עיצוב הבית","413.96"
"gcGJHXKiwsDZmSDJ7vqR","עגלת ירקות עגולה 3 קומות בלבן","","url_only","","P430W","json-ld","https://paldinox.co.il/product/h80-%d7%a1%d7%984-%d7%a2%d7%92%d7%9c%d7%94-%d7%9c%d7%99%d7%a8%d7%a7%d7%95%d7%aa-%d7%a2%d7%92%d7%95%d7%9c%d7%94-3%d7%a7%d7%95%d7%9e%d7%95%d7%aa-%d7%9c%d7%91%d7%9f-2/","עיצוב הבית","715.28"
"hZGKr0JfYsTtiqL50QdM","אגרטל Haze ברזל בציפוי אמייל – גובה 35 ס""מ","","url_only","","","HTTP_404","https://paldinox.co.il/product/%d7%90%d7%92%d7%a8%d7%98%d7%9c-%d7%90%d7%9e%d7%99%d7%99%d7%9c-haze-%d7%92%d7%95%d7%91%d7%94-35-%d7%a7%d7%95%d7%98%d7%a8-21-%d7%a1%d7%9e-%d7%91%d7%a8%d7%96%d7%9c/","עיצוב הבית","389.15"
"i11KQvV3zdfRzFBLCzFC","כרית נוי 45/45 פסים אפור","כרית נוי 45/45 פסים אפור","exact","1.00","X4577","json-ld","https://paldinox.co.il/product/%d7%9b%d7%a8%d7%99%d7%aa-%d7%a0%d7%95%d7%99-45-45-%d7%a4%d7%a1%d7%99%d7%9d-%d7%90%d7%a4%d7%95%d7%a8-2/","עיצוב הבית","152.34"
"iCpfSsGm5b91VAU5Dibp","מערכת הגשה לקפה ותה 33 חלקים Royal Lace לבן/ זהב New Bone China","מערכת הגשה לקפה ותה 33 חלקים Royal Lace לבן/ זהב New Bone China","exact","1.00","","HTTP_404","https://paldinox.co.il/product/%d7%9e%d7%a2%d7%a8%d7%9b%d7%aa-%d7%94%d7%92%d7%a9%d7%94-%d7%9c%d7%a7%d7%a4%d7%94-%d7%95%d7%aa%d7%94-33-%d7%97%d7%9c%d7%a7%d7%99%d7%9d-royal-lace-%d7%9c%d7%91%d7%9f-%d7%96%d7%94%d7%91-new-bone-china/","כלי שולחן והגשה","1305.58"
"iP8dgUqiuYGPqGCoCs7g","9*15 זוג נר ריחני לבן רענן","9*15 זוג נר ריחני לבן רענן","exact","1.00","","HTTP_404","https://paldinox.co.il/product/915-%d7%96%d7%95%d7%92-%d7%a0%d7%a8-%d7%a8%d7%99%d7%97%d7%a0%d7%99-%d7%9c%d7%91%d7%9f-%d7%a8%d7%a2%d7%a0%d7%9f-2/","עיצוב הבית","163.06"
"iWn2BKpwPf1AYOCFTALp","סט 6 חבקים למפיות עם דוגמת עלי שלכת בזהב","","url_only","","X4901","json-ld","https://paldinox.co.il/product/%d7%a1%d7%986-%d7%97%d7%91%d7%a7%d7%99%d7%9d-%d7%9c%d7%9e%d7%a4%d7%99%d7%95%d7%aa-%d7%a2%d7%9c%d7%99-%d7%a9%d7%9c%d7%9b%d7%aa-%d7%96%d7%94%d7%91-4%d7%a1%d7%9e/","כלי שולחן והגשה","63.07"
"iZZIIrKlIKvZ8TYQJoJ7","סט 3 פמוטים מתכת בגוון בז' בגבהים שונים","","url_only","","","HTTP_404","https://paldinox.co.il/product/%d7%a1%d7%98-3-%d7%a4%d7%9e%d7%95%d7%98%d7%99-%d7%9e%d7%aa%d7%9b%d7%aa-%d7%91%d7%96-%d7%92%d7%91%d7%94%d7%99%d7%9d-35-30-25-%d7%a7%d7%95%d7%98%d7%a8-8-8-%d7%a1%d7%9e/","עיצוב הבית","97.84"
"j3BCzy5ZszMJpmZ9bHGD","דיקנטר Bamboo לשולחן שבת","","url_only","","","HTTP_404","https://paldinox.co.il/product/bamboo-080-%d7%93%d7%99%d7%a7%d7%a0%d7%98%d7%a8/","כלי שולחן והגשה","430.48"
"j5XoDnFY6Oc7l9f9gXJQ","קערת קריסטל דאבלין","","url_only","","","HTTP_404","https://paldinox.co.il/product/%d7%a7%d7%a2%d7%a8%d7%aa-%d7%a7%d7%a8%d7%99%d7%a1%d7%98%d7%9c-%d7%93%d7%90%d7%91%d7%9c%d7%99%d7%9f-%d7%a7%d7%95%d7%98%d7%a8-25-5%d7%a1%d7%9e-h11-5/","עיצוב הבית","123.91"
"jSPlr3Dc3BbvUdCi4NQ2","אגרטל קריסטל Origami","H32 אגרטל קריסטל ORIGAMI","fuzzy","0.86","","HTTP_404","https://paldinox.co.il/product/h32-%d7%90%d7%92%d7%a8%d7%98%d7%9c-%d7%a7%d7%a8%d7%99%d7%a1%d7%98%d7%9c-origami/","עיצוב הבית","389.15"
"jYKbkHpqP3Sdh72G0loc","עששית עגולה מתכת שחור","h9D9.5 עששית עגולה מתכת שחור","fuzzy","0.80","X2124AB","json-ld","https://paldinox.co.il/product/h9d9-5-%d7%a2%d7%a9%d7%a9%d7%99%d7%aa-%d7%a2%d7%92%d7%95%d7%9c%d7%94-%d7%9e%d7%aa%d7%9b%d7%aa-%d7%a9%d7%97%d7%95%d7%a8/","עיצוב הבית","43.49"
"jbxDLNedkxNY8OSEBYTV","STRIX סט 6 כוסות יין 360 מ”ל","STRIX סט 6 כוסות יין 360 מ”ל","exact","1.00","","HTTP_404","https://paldinox.co.il/product/strix-%d7%a1%d7%98-6-%d7%9b%d7%95%d7%a1%d7%95%d7%aa-%d7%99%d7%99%d7%9f-360-%d7%9e%d7%9c/","כלי שולחן והגשה","130.43"
"jd7StogAnp9H1lykM8VF","זוג מגשי אובלי 30.5/24 ס”מ פולירזין אפור גובה 3.2 ס”מ","זוג מגשי אובלי 30.5/24 ס”מ פולירזין אפור גובה 3.2 ס”מ","exact","1.00","","HTTP_404","https://paldinox.co.il/product/%d7%96%d7%95%d7%92-%d7%9e%d7%92%d7%a9%d7%99-%d7%90%d7%95%d7%91%d7%9c%d7%99-30-5-24-%d7%a1%d7%9e-%d7%a4%d7%95%d7%9c%d7%99%d7%a8%d7%96%d7%99%d7%9f-%d7%90%d7%a4%d7%95%d7%a8-%d7%92%d7%95%d7%91%d7%94-3-2/","כלי שולחן והגשה","476.13"
"jgnV2p32WVkrV51tS7Fi","כרית נוי 45/45 פסים ורוד","כרית נוי 45/45 פסים ורוד","exact","1.00","X4577B","json-ld","https://paldinox.co.il/product/%d7%9b%d7%a8%d7%99%d7%aa-%d7%a0%d7%95%d7%99-45-45-%d7%a4%d7%a1%d7%99%d7%9d-%d7%95%d7%a8%d7%95%d7%93-2/","עיצוב הבית","152.34"
"k5mgJjRDUw6GMcLv0zqV","מגש מתכת בשילוב כסף וזהב","","url_only","","","HTTP_404","https://paldinox.co.il/product/%d7%9e%d7%92%d7%a9-%d7%9e%d7%aa%d7%9b%d7%aa-%d7%a6%d7%99%d7%a4%d7%95%d7%99-%d7%9b%d7%a1%d7%a3-%d7%a9%d7%95%d7%9c%d7%99%d7%99%d7%9d-%d7%96%d7%94%d7%91-36-23-5-%d7%92%d7%95%d7%91%d7%94-8-%d7%a1%d7%9e/","כלי שולחן והגשה","211.2"
"kXjuzx5YnC2u4rac1dDP","פח אשפה שחור לבן וזהב עם דוגמת נוצות","","url_only","","X4859C","json-ld","https://paldinox.co.il/product/h29-22-22-%d7%a4%d7%97-%d7%90%d7%a9%d7%a4%d7%94-%d7%a0%d7%95%d7%a6%d7%95%d7%aa-%d7%a9%d7%97%d7%95%d7%a8-%d7%9c%d7%91%d7%9f-%d7%96%d7%94%d7%91/","עיצוב הבית","302.21"
"kov46hrVmB0baAMeHIl5","שמפנירה עם טבעות 27 ס”מ כסף עם בסיס","שמפנירה עם טבעות 27 ס”מ כסף עם בסיס","exact","1.00","","HTTP_404","https://paldinox.co.il/product/%d7%a9%d7%9e%d7%a4%d7%a0%d7%99%d7%a8%d7%94-%d7%a2%d7%9d-%d7%98%d7%91%d7%a2%d7%95%d7%aa-27-%d7%a1%d7%9e-%d7%9b%d7%a1%d7%a3-%d7%a2%d7%9d-%d7%91%d7%a1%d7%99%d7%a1/","עיצוב הבית","250.44"
"lJKrTPop9zQLZlYS2R0g","רוקי מאפרה","רוקי מאפרה","exact","1.00","","HTTP_404","https://paldinox.co.il/product/%d7%a8%d7%95%d7%a7%d7%99-%d7%9e%d7%90%d7%a4%d7%a8%d7%94-12/","כלי שולחן והגשה","258.72"
"m5D4qZb4VrxSSUDJZAgc","מעמד מתכת זוגי עם 6 מזלגיות/ 6 כפיות וידית נשיאה ציפוי זהב/יהלום 14.8/7 ס”מ גובה 20 ס”מ","מעמד מתכת זוגי עם 6 מזלגיות/ 6 כפיות  וידית נשיאה ציפוי זהב/יהלום 14.8/7 ס”מ גובה 20 ס”מ","exact","1.00","X5235ZA","json-ld","https://paldinox.co.il/product/%d7%9e%d7%a2%d7%9e%d7%93-%d7%9e%d7%aa%d7%9b%d7%aa-%d7%96%d7%95%d7%92%d7%99-%d7%a2%d7%9d-6-%d7%9e%d7%96%d7%9c%d7%92%d7%99%d7%95%d7%aa-6-%d7%9b%d7%a4%d7%99%d7%95%d7%aa-%d7%95%d7%99%d7%93%d7%99%d7%aa-2/","כלי שולחן והגשה","236.99"
"m8JoZdCA6KnF7MPBMMzd","מעמד קומותיים עגול מתכת שחור פעמון זכוכית שקוף גובה 42 ס”מ קוטר 25.5 ס”מ","מעמד קומותיים עגול מתכת שחור פעמון זכוכית שקוף גובה 42 ס”מ קוטר 25.5 ס”מ","exact","1.00","","HTTP_404","https://paldinox.co.il/product/%d7%9e%d7%a2%d7%9e%d7%93-%d7%a7%d7%95%d7%9e%d7%95%d7%aa%d7%99%d7%99%d7%9d-%d7%a2%d7%92%d7%95%d7%9c-%d7%9e%d7%aa%d7%9b%d7%aa-%d7%a9%d7%97%d7%95%d7%a8-%d7%a4%d7%a2%d7%9e%d7%95%d7%9f-%d7%96%d7%9b%d7%95-2/","עיצוב הבית","457.56"
"mMuXiJcsOHAQ6pA9t9Ye","35/19 מגש מלבני זכוכית/ניקל","35/19 מגש מלבני זכוכית/ניקל","exact","1.00","","HTTP_404","https://paldinox.co.il/product/35-19-%d7%9e%d7%92%d7%a9-%d7%9e%d7%9c%d7%91%d7%a0%d7%99-%d7%96%d7%9b%d7%95%d7%9b%d7%99%d7%aa-%d7%a0%d7%99%d7%a7%d7%9c/","כלי שולחן והגשה","119.57"
"mpTmOTpj9B91R0z9gEYg","סט 3 צנצנות זכוכית עם מכסה שחור – 1.3 ליטר","","url_only","","X4343B","json-ld","https://paldinox.co.il/product/h20-%d7%a1%d7%98-3-%d7%a6%d7%a0%d7%a6%d7%a0%d7%95%d7%aa-%d7%96%d7%9b%d7%95%d7%9b%d7%99%d7%aa-%d7%9e%d7%9b%d7%a1%d7%94-%d7%a9%d7%97%d7%95%d7%a8-1-3%d7%9c%d7%99%d7%98%d7%a8-d10-2/","עיצוב הבית","141.29"
"nREI2tuIDQSWfJ3fFANW","מגש עגול 32 סמ מוכסף חרוזים","מגש עגול 32 סמ מוכסף חרוזים","exact","1.00","","HTTP_404","https://paldinox.co.il/product/%d7%9e%d7%92%d7%a9-%d7%a2%d7%92%d7%95%d7%9c-32-%d7%a1%d7%9e-%d7%9e%d7%95%d7%9b%d7%a1%d7%a3-%d7%97%d7%a8%d7%95%d7%96%d7%99%d7%9d-2/","כלי שולחן והגשה","119.57"
"nU5Pwybn7BMeJ9rSSHst","מגש אובלי מוכסף בגוון זהב","30X18 מוכסף מגש אובלי זהב","fuzzy","0.80","P344G","json-ld","https://paldinox.co.il/product/30x18-%d7%9e%d7%95%d7%9b%d7%a1%d7%a3-%d7%9e%d7%92%d7%a9-%d7%90%d7%95%d7%91%d7%9c%d7%99-%d7%96%d7%94%d7%91/","כלי שולחן והגשה","43.49"
"o06AKzdHXD0yTzZ8MGmS","סט 6 חבקים למפיות זהב יהלומים","סט 6 חבקים למפיות עלה זהב","fuzzy","0.83","X4909A","json-ld","https://paldinox.co.il/product/%d7%a1%d7%986-%d7%97%d7%91%d7%a7%d7%99%d7%9d-%d7%9c%d7%9e%d7%a4%d7%99%d7%95%d7%aa-%d7%99%d7%94%d7%9c%d7%95%d7%9e%d7%99%d7%9d-%d7%96%d7%94%d7%91-4-3%d7%a1%d7%9e/","כלי שולחן והגשה","150.01"
"o9GuhVjFR4Pkzy8uBQTT","סט 6 כוסות שתיה קרה זכוכית פסים 300 מ”ל","סט 6 כוסות שתיה קרה זכוכית פסים 300 מ”ל","exact","1.00","","HTTP_404","https://paldinox.co.il/product/%d7%a1%d7%98-6-%d7%9b%d7%95%d7%a1%d7%95%d7%aa-%d7%a9%d7%aa%d7%99%d7%94-%d7%a7%d7%a8%d7%94-%d7%96%d7%9b%d7%95%d7%9b%d7%99%d7%aa-%d7%a4%d7%a1%d7%99%d7%9d-300-%d7%9e%d7%9c/","כלי שולחן והגשה","106.54"
"oGtfot4dro2Rg8T2upeh","קערת הגשה אובלית מתכת וזכוכית בעיצוב יוקרתי","","url_only","","","HTTP_404","https://paldinox.co.il/product/%d7%a7%d7%a2%d7%a8%d7%94-%d7%90%d7%95%d7%91%d7%9c%d7%99%d7%aa-%d7%a2%d7%9c-%d7%a8%d7%92%d7%9c-%d7%9e%d7%aa%d7%9b%d7%aa-%d7%96%d7%94%d7%91-%d7%a4%d7%a2%d7%9e%d7%95%d7%9f-%d7%96%d7%9b%d7%95%d7%9b%d7%99/","כלי שולחן והגשה","431.4"
"oQ5flUnNlQl91MHrpHve","סט 6 כפיות בארוק בציפוי זהב","סט 6 כפיות בארוק זהב","fuzzy","0.91","X2606A","json-ld","https://paldinox.co.il/product/%d7%a1%d7%98-6-%d7%9b%d7%a4%d7%99%d7%95%d7%aa-%d7%91%d7%90%d7%a8%d7%95%d7%a7-%d7%96%d7%94%d7%91/","כלי שולחן והגשה","80.42"
"oj3dvAz7EqP41DObMVEh","זוג מגשי מתכת מלבני שחור/ ידיות 79/18","זוג מגשי מתכת מלבני שחור/ ידיות 79/18","exact","1.00","X4772","json-ld","https://paldinox.co.il/product/%d7%96%d7%95%d7%92-%d7%9e%d7%92%d7%a9%d7%99-%d7%9e%d7%aa%d7%9b%d7%aa-%d7%9e%d7%9c%d7%91%d7%a0%d7%99-%d7%a9%d7%97%d7%95%d7%a8-%d7%99%d7%93%d7%99%d7%95%d7%aa-79-18-2/","כלי שולחן והגשה","719.16"
"pKHsRquFgw8KlDd7Yfjj","סט 6 צלחות Royal 28 ס""מ","","url_only","","","HTTP_404","https://paldinox.co.il/product/royal-%d7%a1%d7%986-%d7%a6%d7%9c%d7%97%d7%95%d7%aa-28%d7%a1%d7%9e-3/","כלי שולחן והגשה","932.69"
"pSqmzC67hk1LhfOSvRVo","מערכת אוכל 18 חלקים Anna לבן וזהב – Fine Bone China","","url_only","","","HTTP_404","https://paldinox.co.il/product/%d7%9e%d7%a2%d7%a8%d7%9b%d7%aa-%d7%90%d7%95%d7%9b%d7%9c-18-%d7%97%d7%9c%d7%a7%d7%99%d7%9d-anna-%d7%9c%d7%91%d7%9f-%d7%96%d7%94%d7%91-%d7%a7%d7%98%d7%a8%d7%99%d7%9d-28-22-17-6-%d7%a1%d7%9e-%d7%a2/","כלי שולחן והגשה","869.54"
"pfMbhxTXyHrNCelTvPm5","סט 4 עגלות הגשה עגולות 4 קומות בזהב","","url_only","","P430GZ","json-ld","https://paldinox.co.il/product/%d7%a1%d7%98-4-%d7%a2%d7%92%d7%9c%d7%94-%d7%9c%d7%99%d7%a8%d7%a7%d7%95%d7%aa-%d7%a2%d7%92%d7%95%d7%9c%d7%94-4-%d7%a7%d7%95%d7%9e%d7%95%d7%aa-%d7%96%d7%94%d7%91/","כלי שולחן והגשה","1237.06"
"q3D382Nd27EOP3QdxZ4G","מגש עגול זכוכית שקוף עם רגל זהב","","url_only","","X4743","json-ld","https://paldinox.co.il/product/h52d28-%d7%9e%d7%92%d7%a9-%d7%a2%d7%92%d7%95%d7%9c-%d7%a2%d7%9c-%d7%a8%d7%92%d7%9c-%d7%9e%d7%aa%d7%9b%d7%aa-%d7%96%d7%94%d7%91-%d7%a4%d7%a2%d7%9e%d7%95%d7%9f-%d7%96%d7%9b%d7%95%d7%9b%d7%99%d7%aa/","כלי שולחן והגשה","435.76"
"q9GQPLQuhnBJcwWc9ueV","סט 6 מאגים Heritage טורקיז 300 מ""ל","","url_only","","","HTTP_404","https://paldinox.co.il/product/heritage-%d7%a1%d7%98-6-%d7%9e%d7%90%d7%92-300-%d7%9e%d7%9c-%d7%98%d7%95%d7%a8%d7%a7%d7%99%d7%96-2/","כלי שולחן והגשה","454.27"
"qEzhIdHmJv2ztNLZml7q","סט 6 כוסות ברנדי CITY – 660 מ""ל","","url_only","","","HTTP_404","https://paldinox.co.il/product/660ml-%d7%a1%d7%986-%d7%9b%d7%95%d7%a1-%d7%91%d7%a8%d7%a0%d7%93%d7%99-city-2/","כלי שולחן והגשה","173.92"
"qLFR2dE5glv6akyr0cdq","סט 6 צלחות La Majorelle בגוון ורוד","","url_only","","","HTTP_404","https://paldinox.co.il/product/la-majorelle-%d7%a1%d7%98-6-%d7%a6%d7%9c%d7%97%d7%aa-17-%d7%a1%d7%9e-%d7%95%d7%a8%d7%95%d7%93/","כלי שולחן והגשה","317.32"
"qbSpCRGIWQ4GIVzudcKV","דיבשית זכוכית עם כפית ופעמון זהב","","url_only","","X4953Z","json-ld","https://paldinox.co.il/product/%d7%93%d7%99%d7%91%d7%a9%d7%99%d7%aa-%d7%a1%d7%95%d7%9b%d7%a8%d7%95%d7%9f-%d7%a2%d7%9d-%d7%9b%d7%a4%d7%99%d7%aa-%d7%96%d7%94%d7%91-%d7%a4%d7%a2%d7%9e%d7%95%d7%9f-%d7%96%d7%9b%d7%95%d7%9b%d7%99/","עיצוב הבית","152.38"
"qk1nLzvkhyrQ1kjktltU","קופסת פורצלן זהב עם מכסה זכוכית ועיטור אפור","","url_only","","X5468A","json-ld","https://paldinox.co.il/product/%d7%a7%d7%95%d7%a4%d7%a1%d7%aa-%d7%a4%d7%95%d7%a8%d7%a6%d7%9c%d7%9f-%d7%96%d7%94%d7%91-%d7%9e%d7%9b%d7%a1%d7%94-%d7%96%d7%9b%d7%95%d7%9b%d7%99%d7%aa-%d7%a2%d7%99%d7%98%d7%95%d7%a8-%d7%90%d7%a4%d7%95/","עיצוב הבית","302.21"
"qrBXAHXdIMcqkhf4TZ2G","סט 3 צנצנות זכוכית עם מכסה זהב – 0.95 ליטר","","url_only","","X4542Z","json-ld","https://paldinox.co.il/product/h15-%d7%a1%d7%98-3-%d7%a6%d7%a0%d7%a6%d7%a0%d7%95%d7%aa-%d7%96%d7%9b%d7%95%d7%9b%d7%99%d7%aa-%d7%95%d7%9e%d7%9b%d7%a1%d7%94-%d7%96%d7%94%d7%91-0-95l-d11-2/","עיצוב הבית","228.29"
"r0YCIZXW4Ve224yBdmhx","אגרטל מתכת זהב על בסיס שיש","","url_only","","","HTTP_404","https://paldinox.co.il/product/%d7%90%d7%92%d7%a8%d7%98%d7%9c-%d7%9e%d7%aa%d7%9b%d7%aa-%d7%96%d7%94%d7%91-%d7%91%d7%9e%d7%a2%d7%9e%d7%93-%d7%a9%d7%99%d7%a9-16-8-%d7%92%d7%95%d7%91%d7%94-27-%d7%a1%d7%9e-2/","עיצוב הבית","215.25"
"r9Hua3P6r1rAd5dZJKm4","קערת מתכת עגולה על רגל עם עיצוב מינימליסטי","","url_only","","","HTTP_404","https://paldinox.co.il/product/%d7%a7%d7%a2%d7%a8%d7%aa-%d7%9e%d7%aa%d7%9b%d7%aa-%d7%a2%d7%92%d7%95%d7%9c%d7%94-%d7%a2%d7%9c-%d7%a8%d7%92%d7%9c-%d7%a7%d7%95%d7%98%d7%a8-18-%d7%92%d7%95%d7%91%d7%94-9-%d7%a1%d7%9e/","עיצוב הבית","115.3"
"rPU5ShcaZ5QwJypkYOeO","דיקנטר זכוכית בצורת U – 1100 מ""ל","","url_only","","","HTTP_404","https://paldinox.co.il/product/%d7%93%d7%99%d7%a7%d7%a0%d7%98%d7%a8-1100-%d7%9e%d7%9c-%d7%96%d7%9b%d7%95%d7%9b%d7%99%d7%aa-%d7%a9%d7%a7%d7%95%d7%a4%d7%94-%d7%a6%d7%95%d7%a8%d7%aa-u/","כלי שולחן והגשה","130.43"
"rgwPMvdNrKvjN0yzkuFV","זוג ברבורים קריסטל אפור וענבר","","url_only","","","HTTP_404","https://paldinox.co.il/product/%d7%96%d7%95%d7%92-%d7%91%d7%a8%d7%91%d7%95%d7%a8%d7%99%d7%9d-%d7%a7%d7%a8%d7%99%d7%a1%d7%98%d7%9c-%d7%90%d7%a4%d7%95%d7%a8-%d7%a2%d7%a0%d7%91%d7%a8-3-7-5-%d7%a1%d7%9e-%d7%92%d7%95%d7%91%d7%94-8/","כלי שולחן והגשה","106.54"
"rjXRDP8cRCGMhJdZVJN2","קרש חיתוך עץ טבעי להגשה","","url_only","","X5179A","json-ld","https://paldinox.co.il/product/%d7%a7%d7%a8%d7%a9-%d7%97%d7%99%d7%aa%d7%95%d7%9a-%d7%a2%d7%a5-%d7%98%d7%91%d7%a2%d7%99-75-22-%d7%a1%d7%9e/","כלי שולחן והגשה","193.5"
"rka1IwDn8jNEtD1kz1ja","מגש מראה עם כדורים מוזהב","","url_only","","","HTTP_404","https://paldinox.co.il/product/40x25-%d7%9e%d7%92%d7%a9-%d7%9e%d7%a8%d7%90%d7%94-%d7%9b%d7%93%d7%95%d7%a8%d7%99%d7%9d-%d7%9e%d7%95%d7%96%d7%94%d7%91/","עיצוב הבית","280.48"
"s3AeQc8QeZKafP839sJg","סט 3 צנצנות זכוכית מרובעות עם מכסה שחור","","url_only","","X4345B","json-ld","https://paldinox.co.il/product/h20-%d7%a1%d7%98-3-%d7%a6%d7%a0%d7%a6%d7%a0%d7%95%d7%aa-%d7%96%d7%9b%d7%95%d7%9b%d7%99%d7%aa-%d7%9e%d7%a8%d7%95%d7%91%d7%a2%d7%95%d7%aa-%d7%9e%d7%9b%d7%a1%d7%94-%d7%a9%d7%97%d7%95%d7%a8-1-5%d7%9c-2/","עיצוב הבית","184.8"
"sBXVoOBJftyMGzXXHM0N","מלקחיים להגשת סלט בגוון זהב","מלקחיים להגשת סלט/זהב","fuzzy","0.89","","HTTP_404","https://paldinox.co.il/product/%d7%9e%d7%9c%d7%a7%d7%97%d7%99%d7%99%d7%9d-%d7%9c%d7%94%d7%92%d7%a9%d7%aa-%d7%a1%d7%9c%d7%98-%d7%96%d7%94%d7%91-2/","כלי שולחן והגשה","41.31"
"sJjrYxggnpWEp40vA5nk","סט 12 כוסות קפה בדואי זכוכית שקופה 60 מ”ל ופס זהב","סט 12 כוסות קפה בדואי זכוכית שקופה 60 מ”ל ופס זהב","exact","1.00","","HTTP_404","https://paldinox.co.il/product/%d7%a1%d7%98-12-%d7%9b%d7%95%d7%a1%d7%95%d7%aa-%d7%a7%d7%a4%d7%94-%d7%91%d7%93%d7%95%d7%90%d7%99-%d7%96%d7%9b%d7%95%d7%9b%d7%99%d7%aa-%d7%a9%d7%a7%d7%95%d7%a4%d7%94-60-%d7%9e%d7%9c-%d7%95%d7%a4/","כלי שולחן והגשה","184.8"
"sPWHeqROItfN2wZzqECX","מגש עגול זהב בעיצוב ערבסק עם פעמון זכוכית","","url_only","","","HTTP_404","https://paldinox.co.il/product/%d7%9e%d7%92%d7%a9-%d7%a2%d7%92%d7%95%d7%9c-%d7%a2%d7%a8%d7%91%d7%a1%d7%a7-%d7%a2%d7%9c-%d7%a8%d7%92%d7%9c-%d7%90%d7%9c%d7%95%d7%9e%d7%99%d7%a0%d7%99%d7%95%d7%9d-%d7%96%d7%94%d7%91-%d7%95%d7%a4%d7%a2/","כלי שולחן והגשה","433.78"
"sk2tvN7Karj6fIKCpcFX","קנקן תה ROYAL 1.65 ליטר","","url_only","","","HTTP_404","https://paldinox.co.il/product/royal-%d7%a7%d7%a0%d7%a7%d7%9f-%d7%9c%d7%aa%d7%94-1-65l/","כלי שולחן והגשה","410.91"
"sz3DHGiSsce16A6rXLMC","דיקנטר CASABLANCA להגשה","","url_only","","","HTTP_404","https://paldinox.co.il/product/%d7%93%d7%99%d7%a7%d7%a0%d7%98%d7%a8-casablanca-0-75l/","כלי שולחן והגשה","432.64"
"tAO5H36E8uSZ0rzmESmi","מגש מלבני מתכת שחור עם ידיות","","url_only","","X4296KB","json-ld","https://paldinox.co.il/product/%d7%9e%d7%92%d7%a9-%d7%9e%d7%9c%d7%91%d7%a0%d7%99-%d7%9e%d7%aa%d7%9b%d7%aa-%d7%a9%d7%97%d7%95%d7%a8-%d7%99%d7%93%d7%99%d7%95%d7%aa-47-21-%d7%a1%d7%9e/","כלי שולחן והגשה","171.96"
"tAo8r8GcFyHNkPQPMMNL","קערת קריסטל יוקו","","url_only","","","HTTP_404","https://paldinox.co.il/product/%d7%99%d7%95%d7%a7%d7%95-%d7%a7%d7%a2%d7%a8%d7%94-305/","כלי שולחן והגשה","606.56"
"tH23eQp0Hq9m1CvL0kmf","מגש עגול מוכסף עם עיטור חרוזים","","url_only","","","HTTP_404","https://paldinox.co.il/product/%d7%9e%d7%92%d7%a9-%d7%a2%d7%92%d7%95%d7%9c-32-%d7%a1%d7%9e-%d7%9e%d7%95%d7%9b%d7%a1%d7%a3-%d7%97%d7%a8%d7%95%d7%96%d7%99%d7%9d/","כלי שולחן והגשה","119.57"
"tO2PhsL7IrzQOrakPtJX","22/19 צלחת עוגה קריסטל ORIGAMI","22/19 צלחת עוגה קריסטל ORIGAMI","exact","1.00","","HTTP_404","https://paldinox.co.il/product/30-22-%d7%a6%d7%9c%d7%97%d7%aa-%d7%a7%d7%a8%d7%99%d7%a1%d7%98%d7%9c-origami/","כלי שולחן והגשה","71.74"
"u12YsLG7Ii3yoakO3G3c","Jolie סט 6 כוסות מים ירוק בהיר 360מל","Jolie סט 6 כוסות מים ירוק בהיר 360מל","exact","1.00","M51131038","json-ld","https://paldinox.co.il/product/jolie-%d7%a1%d7%98-6-%d7%9b%d7%95%d7%a1%d7%95%d7%aa-%d7%9e%d7%99%d7%9d-%d7%99%d7%a8%d7%95%d7%a7-%d7%91%d7%94%d7%99%d7%a8-360%d7%9e%d7%9c/","כלי שולחן והגשה","362.95"
"uWc7Cx3zjwPC3FNrmkL8","סט 6 צלחות מרק Winter Wonderland ירוק – 21 ס״מ","Winter Wonderland סט 6 צלחת למרק 21 ס”מ ירוק","fuzzy","0.80","M51001303","json-ld","https://paldinox.co.il/product/winter-wonderland-%d7%a1%d7%98-6-%d7%a6%d7%9c%d7%97%d7%aa-%d7%9c%d7%9e%d7%a8%d7%a7-21-%d7%a1%d7%9e-%d7%99%d7%a8%d7%95%d7%a7-2/","כלי שולחן והגשה","454.27"
"urcYy0ZyqNZzXHYJd7CJ","סט 4 עגלות הגשה 3 קומות בצבע שחור מט","","url_only","","X4202B","json-ld","https://paldinox.co.il/product/%d7%a1%d7%98-4-%d7%a2%d7%92%d7%9c%d7%94-%d7%9c%d7%99%d7%a8%d7%a7%d7%95%d7%aa-3-%d7%a7%d7%95%d7%9e%d7%95%d7%aa-%d7%a9%d7%97%d7%95%d7%a8-%d7%9e%d7%98/","כלי שולחן והגשה","715.28"
"uzzkzdXHgQDoHM5TtcDe","מגש הגשה מתכת ניקל שחור עם שוליים זהב","","url_only","","X5256B","json-ld","https://paldinox.co.il/product/%d7%9e%d7%92%d7%a9-%d7%9e%d7%aa%d7%9b%d7%aa-%d7%a0%d7%99%d7%a7%d7%9c-%d7%a9%d7%97%d7%95%d7%a8-%d7%a9%d7%95%d7%9c%d7%99%d7%99%d7%9d-%d7%96%d7%94%d7%91-36-23-5-%d7%92%d7%95%d7%91%d7%94-8-%d7%a1%d7%9e-2/","כלי שולחן והגשה","211.2"
"v1chjO2bEB88LT2ajN6w","קערת קריסטל בעיצוב Origami עם רגל","","url_only","","","HTTP_404","https://paldinox.co.il/product/352717-%d7%91%d7%95%d7%a0%d7%91%d7%95%d7%a0%d7%99%d7%a8%d7%94-%d7%a7%d7%a8%d7%99%d7%a1%d7%98%d7%9c-%d7%a8%d7%92%d7%9c-origami/","כלי שולחן והגשה","541.34"
"vBOUiJ4agZ0kYhFmt1xA","מגש מוכסף בטכניקת ריקוע","","url_only","","X2031A","json-ld","https://paldinox.co.il/product/%d7%9e%d7%92%d7%a9-%d7%9e%d7%95%d7%9b%d7%a1%d7%a3-%d7%a8%d7%a7%d7%95%d7%a2-32x16/","כלי שולחן והגשה","80.44"
"weIoNFdOPiBeXfl3grUM","סיר OSLO שחור עם מכסה זכוכית וציפוי שיש – 6.3 ליטר","","url_only","","X5290B","json-ld","https://paldinox.co.il/product/%d7%a1%d7%99%d7%a8-28-%d7%a1%d7%9e-6-3-%d7%9c%d7%99%d7%98%d7%a8-%d7%a9%d7%97%d7%95%d7%a8-%d7%9e%d7%9b%d7%a1%d7%94-%d7%96%d7%9b%d7%95%d7%9b%d7%99%d7%aa-oslo-%d7%a6%d7%99%d7%a4%d7%95%d7%99-%d7%a9-2/","כלי שולחן והגשה","326.76"
"wmppJJOuDoja9aD9X0S4","סט מזון לחיצת ואקום 3 צנצנות זכוכית לבן /זהב 900 מ”ל תה קפה סוכר","","url_only","","AL30002W","json-ld","https://paldinox.co.il/product/%d7%a1%d7%98-%d7%9e%d7%96%d7%95%d7%9f-%d7%9c%d7%97%d7%99%d7%a6%d7%aa-%d7%95%d7%90%d7%a7%d7%95%d7%9d-3-%d7%a6%d7%a0%d7%a6%d7%a0%d7%95%d7%aa-%d7%96%d7%9b%d7%95%d7%9b%d7%99%d7%aa-%d7%9c%d7%91%d7%9f/","כלי שולחן והגשה","193.5"
"wtSxpaGCW345mnjv2GAV","מערכת אוכל 18 חלקים Diana לבן וזהב – New Bone China","מערכת אוכל 18 חלקים Diana לבן/זהב New Bone China","fuzzy","0.90","","HTTP_404","https://paldinox.co.il/product/%d7%9e%d7%a2%d7%a8%d7%9b%d7%aa-%d7%90%d7%95%d7%9b%d7%9c-18-%d7%97%d7%9c%d7%a7%d7%99%d7%9d-diana-%d7%9c%d7%91%d7%9f-%d7%96%d7%94%d7%91-new-bone-china/","כלי שולחן והגשה","937.16"
"xTJ7ohcX1M1vWaDEI037","מגש עגול למצה שמורה כסף – 41 ס""מ","מגש עגול למצה שמורה כסף 41 ס”מ","fuzzy","0.80","","HTTP_404","https://paldinox.co.il/product/%d7%9e%d7%92%d7%a9-%d7%a2%d7%92%d7%95%d7%9c-%d7%9c%d7%9e%d7%a6%d7%94-%d7%a9%d7%9e%d7%95%d7%a8%d7%94-%d7%9b%d7%a1%d7%a3/","כלי שולחן והגשה","119.57"
"xo9K0DVVmrPhBYf3gpLs","סט 6 כוסות שתיה קרה diamond כחול וזהב","","url_only","","","HTTP_404","https://paldinox.co.il/product/%d7%a1%d7%98-6-%d7%9b%d7%95%d7%a1%d7%95%d7%aa-%d7%a9%d7%aa%d7%99%d7%94-%d7%a7%d7%a8%d7%94-diamond-%d7%96%d7%9b%d7%95%d7%9b%d7%99%d7%aa-360-%d7%9e%d7%9c-%d7%a4%d7%a1-%d7%96%d7%94%d7%91/","כלי שולחן והגשה","150.03"
"xtqvtZkEDvV59FACcSoj","מגש מתכת עם ידיות בגימור זהב","","url_only","","X4769GZ","json-ld","https://paldinox.co.il/product/44-21-5-%d7%9e%d7%92%d7%a9-%d7%9e%d7%aa%d7%9b%d7%aa-%d7%99%d7%93%d7%99%d7%95%d7%aa-%d7%9e%d7%90%d7%95%d7%a8%d7%9a-%d7%96%d7%94%d7%91/","כלי שולחן והגשה","206.86"
"yAvvC1C8Z9pZg5sfbTXC","סט 6 כוסות שתיה קרה זכוכית פסים – 315 מ""ל","סט 6 כוסות שתיה קרה זכוכית פסים שקופה 315 מ”ל","fuzzy","0.80","","HTTP_404","https://paldinox.co.il/product/%d7%a1%d7%98-6-%d7%9b%d7%95%d7%a1%d7%95%d7%aa-%d7%a9%d7%aa%d7%99%d7%94-%d7%a7%d7%a8%d7%94-%d7%96%d7%9b%d7%95%d7%9b%d7%99%d7%aa-%d7%a4%d7%a1%d7%99%d7%9d-%d7%a9%d7%a7%d7%95%d7%a4%d7%94-315-%d7%9e/","כלי שולחן והגשה","130.43"
"yiIEdImhKiPpQyNEnL2H","קנקן מים Ipanema בנפח 2.0 ליטר","","url_only","","","HTTP_404","https://paldinox.co.il/product/2-0%d7%9c-%d7%a7%d7%a0%d7%a7%d7%9f-%d7%9e%d7%99%d7%9d-ipanema/","כלי שולחן והגשה","215.23"
"z2zG4yrL3ZBFfiDmwLkh","סט 6 קעריות מרק כחול – Berry Blues","","url_only","","M51003313","json-ld","https://paldinox.co.il/product/berry-blues-%d7%a1%d7%98-6-%d7%a7%d7%a2%d7%a8%d7%99%d7%95%d7%aa-%d7%9c%d7%9e%d7%a8%d7%a7-%d7%9b%d7%97%d7%95%d7%9c-%d7%a7%d7%95%d7%98%d7%a8-15-%d7%a1%d7%9e/","כלי שולחן והגשה","693.55"
"zTwCrX5C76EhpPcgVQc6","סט 6 תחתיות מרובעות בעיטור זהב","","url_only","","","HTTP_404","https://paldinox.co.il/product/%d7%a1%d7%98-6-%d7%aa%d7%97%d7%aa%d7%99%d7%95%d7%aa-%d7%9e%d7%a8%d7%95%d7%91%d7%a2-%d7%a2%d7%99%d7%98%d7%95%d7%a8-%d7%96%d7%94%d7%91-2/","כלי שולחן והגשה","54.35"