id,source,name,code_or_url,reason,prevStatus,checkedUrl
"06O5CWaGix6DkH2qMaSQ","israel-judaica","כיסוי חלה לבן מסטן עם ריקמה אובלית ""שבת ויום טו","UK61150","not_at_supplier","active","https://www.israel-judaica.com (feed)"
"0cJcGUB6OEjzPsvt74GI","israel-judaica","זוג פמוטי קריסטל מהודרים 18 ס""מ","UK41620","not_at_supplier","active","https://www.israel-judaica.com (feed)"
"1sYB6oBxKdk19N6wS2Fa","israel-judaica","גביע קידוש ניקל גפן משובצת 13 ס""מ תכולה 100 מ""ל","UK46771","not_at_supplier","active","https://www.israel-judaica.com (feed)"
"4P767V8ddjPkA4e8yHKR","israel-judaica","כיפה עור לבן 16 ס""מ","UK19087","not_at_supplier","active","https://www.israel-judaica.com (feed)"
"4sosBBjJWJ6d5MxIr6LP","israel-judaica","כיפה בד מהודרת כחול מידה 5 גודל 20 ס""מ","UK14644","not_at_supplier","active","https://www.israel-judaica.com (feed)"
"5BzuB18bPnVqO4clXNaM","israel-judaica","קופת צדקה פולימר ""כותל"" 13x9 ס""מ","UK48975","not_at_supplier","active","https://www.israel-judaica.com (feed)"
"67cfK6vZXSMnkwTDjTAO","israel-judaica","נטלה מהודרת מפולימר 14 ס""מ","UK48161","not_at_supplier","active","https://www.israel-judaica.com (feed)"
"6nWjQvWiQN8XSWXlc8uN","israel-judaica","סט טלית תפילין דמוי עור יברכך 36X29 ס""מ","UK67921","not_at_supplier","inactive","https://www.israel-judaica.com (feed)"
"8NQkMeFyh7hd2oBWs2eb","israel-judaica","גביע קידוש מהודר מפולימר ""האש שלי"" עם רגל ותחתית 15 ס""מ","UK83408","not_at_supplier","active","https://www.israel-judaica.com (feed)"
"8PNoslh8a9yj31czlBLg","israel-judaica","זוג מגבות לבנות ""נטילת ידיים"" 72x34 ס""מ","UK67355","not_at_supplier","active","https://www.israel-judaica.com (feed)"
"9NZ5sWfgVGCj36MTGIKj","israel-judaica","ברכון מהודר ""הדלקת נרות"" 12X17.5 ס""מ","UK81880","not_at_supplier","active","https://www.israel-judaica.com (feed)"
"ALH2O1z7AJh3hgJvwB2B","israel-judaica","חנוכיית ""אור הזהב"" מתכת ""נבל"" עם ראשי קריסטל","UK47928","not_at_supplier","active","https://www.israel-judaica.com (feed)"
"BsFAr7SJVCS8HeupjQHR","israel-judaica","מזוזה פלסטיק 15 ס""מ - גימור שיש אפור","UK20769","not_at_supplier","inactive","https://www.israel-judaica.com (feed)"
"BselZ4rlHKd6zDwJ9kiJ","israel-judaica","גביע קידוש מהודר מפולימר עם רגל ותחתית 15 ס""מ","UK82412","not_at_supplier","active","https://www.israel-judaica.com (feed)"
"COahsId01FkQnof6pGuD","israel-judaica","סטנד צמידים זהב עם אורנומנטים מעורב - 24 יח","UK41204","not_at_supplier","inactive","https://www.israel-judaica.com (feed)"
"CeK744QThJiLo6hThVSD","israel-judaica","ואזה קריסטל עם פרחים גוון זהב 26 ס""מ","UK83607","not_at_supplier","inactive","https://www.israel-judaica.com (feed)"
"DQGaOHCnzRmK7UNTU0Qd","israel-judaica","נטלה מהודרת קלה ""עץ מנגו עבודת יד"" 14 ס""מ","UK41273","not_at_supplier","active","https://www.israel-judaica.com (feed)"
"EB2zoVcvlSNyeXU1hCfz","israel-judaica","סטנד 18 יח מראה דמוי עור ""רבות בנות"" 10.5X8.5 ס""מ","UK44476","not_at_supplier","inactive","https://www.israel-judaica.com (feed)"
"Gif6FxVayUvpysl7Zskn","israel-judaica","פמוטי זכוכית עם ברכת הדלקת נרות מעוטרת פסיפס","UK44122","not_at_supplier","active","https://www.israel-judaica.com (feed)"
"GuhYez7G6hv7tFnXcxLn","israel-judaica","גביע קידוש מהודר מפולימר עם רגל ותחתית 15 ס""מ","UK82413","not_at_supplier","active","https://www.israel-judaica.com (feed)"
"HeZQp2cvDXDqkiLeCCKs","israel-judaica","מזוזה זכוכית מהודרת עם מראה ואבנים 12 ס""מ","UK24411","not_at_supplier","inactive","https://www.israel-judaica.com (feed)"
"Hk7n17wv9cBWqf5oejOp","israel-judaica","נטלה מהודרת קלה ""עץ מנגו עבודת יד"" 14 ס""מ","UK41239","not_at_supplier","active","https://www.israel-judaica.com (feed)"
"IzGnwl2RUmGp8DHzszHC","israel-judaica","כיסוי חלה סטן מהודר 52x42 ס""מ + pv","UK65368","not_at_supplier","active","https://www.israel-judaica.com (feed)"
"JDQYoG5GvNLHFxWeSYdL","israel-judaica","זוג פמוטי קריסטל מהודרים עם אבנים לבנות 25.5 ס""","UK47820","not_at_supplier","active","https://www.israel-judaica.com (feed)"
"K5Qhz0Q8YbFZJkqwuYpz","israel-judaica","סט פולימר מגש להדלקת נרות וזוג פמוטים מהודרים","UK83144","not_at_supplier","active","https://www.israel-judaica.com (feed)"
"KGFhKD4O7MbuTpf97zCA","israel-judaica","נטלה מהודרת קלה ""עץ מנגו עבודת יד"" 14 ס""מ","UK80884","not_at_supplier","active","https://www.israel-judaica.com (feed)"
"LaxRqJbEQ4TR9RJvKTPk","israel-judaica","תיק מפואר לטלית דמוי עור עם ריקמה 31X38 ס""מ","UK67362","not_at_supplier","inactive","https://www.israel-judaica.com (feed)"
"Ltgbb0sw31ca5sPBKaBM","israel-judaica","כיפה בד ארטמן שחור 16 ס""מ","UK18315","not_at_supplier","active","https://www.israel-judaica.com (feed)"
"PAvONEzaMqbH2oy2lcfX","israel-judaica","פמוטי קריסטל חמשייה מהודרים 22 ס""מ","UK54319","not_at_supplier","active","https://www.israel-judaica.com (feed)"
"PCj4mrqOyEvIzJRMCVhl","israel-judaica","כיסוי חלה מהודר דמוי עור לבן פרחים אפורים 45X55 ס""מ","UK60198","not_at_supplier","active","https://www.israel-judaica.com (feed)"
"PlUzD77jk8XWx9h8P7ar","israel-judaica","מזוזה פלסטיק שחורה 15 ס""מ ""ש"" זהב ופס זהב עם פקק גומי","UK24677","not_at_supplier","inactive","https://www.israel-judaica.com (feed)"
"QAnLOO5uCxIa2ZoJZLGI","israel-judaica","סט הפרשת חלה דמוי עור לבן ""אותיות בולטות"" 4","UK67000","not_at_supplier","active","https://www.israel-judaica.com (feed)"
"Rk1HWG0tTk3AfJKlwY2G","israel-judaica","עטרה מהודרת לטלית דמוי עור 100X10 ס""מ","UK67780","not_at_supplier","inactive","https://www.israel-judaica.com (feed)"
"Ts9B4VnhLaAEHzrrYoE9","israel-judaica","כיפה בוכרית גודל 54 ס""מ - צבעים שונים","UK10104","not_at_supplier","active","https://www.israel-judaica.com (feed)"
"UNiMch1WSKat4JyW0bLF","israel-judaica","קופת צדקה פולימר ""הבית של הרבי"" 14x8 ס""מ","UK81204","not_at_supplier","active","https://www.israel-judaica.com (feed)"
"UiTlWkvcqZRI8Sjcn6kB","israel-judaica","נטלה מהודרת מפולימר 14 ס""מ","UK48985","not_at_supplier","active","https://www.israel-judaica.com (feed)"
"UyZTa7uR1HBoHoer2Bu8","israel-judaica","נטלה מהודרת קלה ""עץ מנגו עבודת יד"" 12 ס""מ","UK41272","not_at_supplier","active","https://www.israel-judaica.com (feed)"
"VB0eDqmYKPB8n3AwUWim","israel-judaica","כיסוי חלה מהודר דמוי עור לבן פרחים ורודים 45X55 ס""מ","UK60199","not_at_supplier","active","https://www.israel-judaica.com (feed)"
"VNUFWwvBWiu55rhtEonc","israel-judaica","נטלה ""במבוק עבה"" עם הדפסה ""נטילת ידים"" 14 ס""מ","UK82706","not_at_supplier","inactive","https://www.israel-judaica.com (feed)"
"Vv0R6yIKTowjbPhgmLab","israel-judaica","מחזיק מפתחות ""מגן דוד"" עם תהילים 3 ס""מ","UK35678","not_at_supplier","active","https://www.israel-judaica.com (feed)"
"ZnWxGOgKWIgN8Ry7zseV","israel-judaica","זוג פמוטי קריסטל מהודרים 34 ס""מ","UK46914","not_at_supplier","active","https://www.israel-judaica.com (feed)"
"aQBijxoKM0Lel2R9JXNl","israel-judaica","נטלה מהודרת קלה ""עץ מנגו עבודת יד"" 12 ס""מ","UK80879","not_at_supplier","active","https://www.israel-judaica.com (feed)"
"ai5z35oqWWnp2LlDR5G7","israel-judaica","חמסה ""פולימר"" ""ברכת הבית"" עברית 19 ס""מ","UK47376","not_at_supplier","active","https://www.israel-judaica.com (feed)"
"bQRRTTRBUYlypgLsivIJ","israel-judaica","גביע קידוש מהודר מפולימר ""בורא"" עם רגל ותחתית 15","UK83442","not_at_supplier","active","https://www.israel-judaica.com (feed)"
"bgjnvqfSmyJECYFBr7Li","israel-judaica","תיק טלית תפילין פיו רצועה תפורה 38X29.5 ס""מ לבן","UK60433","not_at_supplier","inactive","https://www.israel-judaica.com (feed)"
"bjPB8HIc5hwI1beeD0mM","israel-judaica","נטלה אקריליק עם הדפסה ירושלים 13 ס""מ","UK83634","not_at_supplier","active","https://www.israel-judaica.com (feed)"
"clEkd4MhJWmJ7JBlyYXU","israel-judaica","צלחת עגולה מהודרת לראש השנה מזכוכית וקריסטל 40 ס""מ","UK84652","not_at_supplier","active","https://www.israel-judaica.com (feed)"
"djtxxRWVwHWkq4RCU5gF","israel-judaica","גביע קידוש מהודר מפולימר ""בורא"" עם רגל ותחתית 15 ס""מ","UK83406","not_at_supplier","active","https://www.israel-judaica.com (feed)"
"etnh3LnXpL6s4K9MLVjo","israel-judaica","חמסה ""פולימר"" ""ברכת הבית"" אנגלית 19 ס""מ","UK49005","not_at_supplier","active","https://www.israel-judaica.com (feed)"
"foqxkZCB2Hsog6s7jHZ8","israel-judaica","נטלה מהודרת קלה ""עץ מנגו עבודת יד"" 14 ס""מ","UK41238","not_at_supplier","active","https://www.israel-judaica.com (feed)"
"hy49yrojsIPUzfwWlXex","israel-judaica","נטלה מהודרת קלה ""עץ מנגו עבודת יד"" 12 ס""מ","UK41276","not_at_supplier","active","https://www.israel-judaica.com (feed)"
"iCUFVnkxKnTJEA1HhIHk","israel-judaica","שעון ברכת הבית מסגרת שחורה 30 ס""מ","UK40553","not_at_supplier","active","https://www.israel-judaica.com (feed)"
"jtwJu4dAKTRfANrV82fD","israel-judaica","סידור ""כתר התפילה"" כריכה קשה 17.5X12 ס""מ","UK81360","not_at_supplier","active","https://www.israel-judaica.com (feed)"
"k2mxmN9JgPl01uZyUr0s","israel-judaica","סטנד צמידים עם אורנומנטים מעורב - 24 יח","UK41344","not_at_supplier","inactive","https://www.israel-judaica.com (feed)"
"k3wxSy1OllumsaoC6f8U","israel-judaica","גביע קידוש מהודר מקרמיקה בלי רגל עם תחתית 9 ס""מ","UK42568","not_at_supplier","active","https://www.israel-judaica.com (feed)"
"kpYFfVtt3d7Sd2bEaQZW","israel-judaica","סט להגשת תפוח בדבש זכוכית בלתי שבירה 19 ס""מ","UK81503","not_at_supplier","active","https://www.israel-judaica.com (feed)"
"ky9b2DFZvbcabfk3YWbW","israel-judaica","נטלה מהודרת קלה ""עץ מנגו עבודת יד"" 14 ס""מ","UK41271","not_at_supplier","active","https://www.israel-judaica.com (feed)"
"laoGaLDzjapyVV9MsKcI","israel-judaica","סט פולימר מגש להדלקת נרות וזוג פמוטים מהודרים","UK83143","not_at_supplier","active","https://www.israel-judaica.com (feed)"
"lk00nqFJZCDK5lXlsLGl","israel-judaica","סכין מהודרת זהב עם ידית מתכת 35 ס""מ","UK81758","not_at_supplier","active","https://www.israel-judaica.com (feed)"
"lz5nFWKyWpvriE3Wzaac","israel-judaica","ברכת העסק בלוק פולימר בטון 22X16 ס""מ לבן","UK82389","not_at_supplier","active","https://www.israel-judaica.com (feed)"
"mfCPqbarLCPHmtcUVpSX","israel-judaica","תיק מפואר לטלית תפילין דמוי עור גוון כחול 36X33 ס""מ","UK66734","not_at_supplier","inactive","https://www.israel-judaica.com (feed)"
"pjfvS4QHi43YtluJ1Er6","israel-judaica","גביע קידוש מהודר מפולימר ""ירושלים"" עם תחתית 8 ס""מ","UK83439","not_at_supplier","active","https://www.israel-judaica.com (feed)"
"s98KppkEgfFvxZc8SZ0h","israel-judaica","כיפה מהודרת משי פשתן כחול כהה 17 ס""מ","UK12779","not_at_supplier","active","https://www.israel-judaica.com (feed)"
"srBRSQluhalP06X3P89f","israel-judaica","מחזיק מפתחות ניקל עם לולאה מזל ברכה והצלחה ושיבוץ אבנים","UK35776","not_at_supplier","active","https://www.israel-judaica.com (feed)"
"to7nfjk10weFsDEgIcfa","israel-judaica","חסיד פוליריזן עומד על במה ומחזיק ספר תורה 11 ס""מ","UK40797","not_at_supplier","active","https://www.israel-judaica.com (feed)"
"u1FnoyHfaXUuHPtcwDGH","israel-judaica","כיפה בד מהודרת גודל 2 - 17.5 ס""מ","UK19983","not_at_supplier","active","https://www.israel-judaica.com (feed)"
"uQHOKUv93MrsVHc8HBZk","israel-judaica","מזמור לתודה בלוק אקריליק רקע ורוד","UK80197","not_at_supplier","active","https://www.israel-judaica.com (feed)"
"vAfje72eI8ifPzGWsAeS","israel-judaica","כיסוי חלה מהודר דמוי עור ורוד 45X55 ס""מ","UK60231","not_at_supplier","active","https://www.israel-judaica.com (feed)"
"xPacvA1Quu4eEp4PNjh3","israel-judaica","סט להגשת תפוח בדבש זכוכית בלתי שבירה 19 ס""מ","UK81504","not_at_supplier","active","https://www.israel-judaica.com (feed)"
"xV1m5eSdUFSM5irCztVC","israel-judaica","נטלה ""במבוק עבה"" עם הדפסה ""נטילת ידים"" 14 ס""מ","UK82760","not_at_supplier","active","https://www.israel-judaica.com (feed)"
"xXMKOnInCwTigaofLXq8","israel-judaica","נטלה מהודרת קלה ""עץ מנגו עבודת יד"" 14 ס""מ","UK41246","not_at_supplier","active","https://www.israel-judaica.com (feed)"
"xjgY0wfjvfO5x3uGdQ02","israel-judaica","פמוטי קריסטל מהודרים 10 סמ","UK82754","not_at_supplier","active","https://www.israel-judaica.com (feed)"
"ySvA9EzPuW0gKBLkRsRT","israel-judaica","מלחיה קריסטל זהב","UK81650","not_at_supplier","active","https://www.israel-judaica.com (feed)"
"zufFQkpWpwZqvCgw4EZ3","israel-judaica","כיסוי חלה מהודר דמוי עור לבן פרחים כחולים 45X55 ס""מ","UK60215","not_at_supplier","active","https://www.israel-judaica.com (feed)"
"zvPuMjq3xfNCyQhQGRZu","israel-judaica","מזוזה פלסטיק לבנה 15 ס""מ ""ש"" כסף עם פקק גומי וחורים","UK20068","not_at_supplier","inactive","https://www.israel-judaica.com (feed)"
"1DG0e74hEUeXOnHJ94Bw","paldinox","נטלה כסף מהודרת עם עיטור אבנים","https://paldinox.co.il/product/%d7%a0%d7%98%d7%9c%d7%94-%d7%a0%d7%99%d7%a8%d7%95-%d7%a2%d7%99%d7%98%d7%95%d7%a8-%d7%90%d7%91%d7%a0%d7%99%d7%9d-%d7%91%d7%9b%d7%a1%d7%a3/","not_at_supplier","active","https://paldinox.co.il/product/%d7%a0%d7%98%d7%9c%d7%94-%d7%a0%d7%99%d7%a8%d7%95-%d7%a2%d7%99%d7%98%d7%95%d7%a8-%d7%90%d7%91%d7%a0%d7%99%d7%9d-%d7%91%d7%9b%d7%a1%d7%a3/"
"2BsqJ3y97xu0wB0JJTVf","paldinox","דיבשית להבה","https://paldinox.co.il/product/h15-%d7%93%d7%99%d7%91%d7%a9%d7%99%d7%aa-%d7%9c%d7%94%d7%91%d7%94/","not_at_supplier","active","https://paldinox.co.il/product/h15-%d7%93%d7%99%d7%91%d7%a9%d7%99%d7%aa-%d7%9c%d7%94%d7%91%d7%94/"
"2CCznTA65qXTrixtiCns","paldinox","סכין חלה נירוסטה עם ציפוי זהב לשבת והחגים","https://paldinox.co.il/product/%d7%a1%d7%9b%d7%99%d7%9f-%d7%a0%d7%99%d7%a8%d7%95%d7%a1%d7%98%d7%94-%d7%9c%d7%97%d7%9c%d7%94-%d7%a9%d7%91%d7%aa-%d7%95%d7%99%d7%95%d7%9d-%d7%98%d7%95%d7%91-%d7%a6%d7%99%d7%a4%d7%95%d7%99-%d7%96%d79-3/","not_at_supplier","active","https://paldinox.co.il/product/%d7%a1%d7%9b%d7%99%d7%9f-%d7%a0%d7%99%d7%a8%d7%95%d7%a1%d7%98%d7%94-%d7%9c%d7%97%d7%9c%d7%94-%d7%a9%d7%91%d7%aa-%d7%95%d7%99%d7%95%d7%9d-%d7%98%d7%95%d7%91-%d7%a6%d7%99%d7%a4%d7%95%d7%99-%d7%96%d79-3/"
"2WF1akSs8JShtPk6C1ZJ","paldinox","חנוכיית פרחים מוכספת – רוחב 20 ס""מ","https://paldinox.co.il/product/h24-%d7%97%d7%a0%d7%95%d7%9b%d7%99%d7%94-%d7%a4%d7%a8%d7%97%d7%99%d7%9d-%d7%9e%d7%95%d7%9b%d7%a1%d7%a4%d7%aa-%d7%a7%d7%98%d7%a0%d7%94/","not_at_supplier","active","https://paldinox.co.il/product/h24-%d7%97%d7%a0%d7%95%d7%9b%d7%99%d7%94-%d7%a4%d7%a8%d7%97%d7%99%d7%9d-%d7%9e%d7%95%d7%9b%d7%a1%d7%a4%d7%aa-%d7%a7%d7%98%d7%a0%d7%94/"
"3SoWBT9oS1hpORxRf9bL","paldinox","סט קידוש ללא רגל בעיצוב ירושלים – כסוף","https://paldinox.co.il/product/%d7%a1%d7%98-%d7%9c%d7%a7%d7%99%d7%93%d7%95%d7%a9-%d7%9c%d7%9c%d7%90-%d7%a8%d7%92%d7%9c-%d7%99%d7%a8%d7%95%d7%a9%d7%9c%d7%99%d7%9d-%d7%9b%d7%a1%d7%95%d7%a3/","not_at_supplier","active","https://paldinox.co.il/product/%d7%a1%d7%98-%d7%9c%d7%a7%d7%99%d7%93%d7%95%d7%a9-%d7%9c%d7%9c%d7%90-%d7%a8%d7%92%d7%9c-%d7%99%d7%a8%d7%95%d7%a9%d7%9c%d7%99%d7%9d-%d7%9b%d7%a1%d7%95%d7%a3/"
"5JU6IS1R7LNtY1dzHEhN","paldinox","נטלת מים אחרונים נירוסטה עם עיצוב גיאומטרי שחור וזהב","https://paldinox.co.il/product/%d7%9e%d7%99%d7%9d-%d7%90%d7%97%d7%a8%d7%95%d7%a0%d7%99%d7%9d-%d7%a2%d7%99%d7%98%d7%95%d7%a8-%d7%a9%d7%97%d7%95%d7%a8-%d7%96%d7%94%d7%91-%d7%92%d7%99%d7%90%d7%95%d7%9e%d7%98%d7%a8%d7%99-%d7%a0%d7%99-2/","not_at_supplier","active","https://paldinox.co.il/product/%d7%9e%d7%99%d7%9d-%d7%90%d7%97%d7%a8%d7%95%d7%a0%d7%99%d7%9d-%d7%a2%d7%99%d7%98%d7%95%d7%a8-%d7%a9%d7%97%d7%95%d7%a8-%d7%96%d7%94%d7%91-%d7%92%d7%99%d7%90%d7%95%d7%9e%d7%98%d7%a8%d7%99-%d7%a0%d7%99-2/"
"5Srh1ZnC6ToFgJT4umEp","paldinox","נטלה אקרילית כחול-סגול הדרגתי עם ידיות שקופות","https://paldinox.co.il/product/%d7%a0%d7%98%d7%9c%d7%94-%d7%90%d7%a7%d7%a8%d7%99%d7%9c%d7%99%d7%aa-%d7%9b%d7%97%d7%95%d7%9c-%d7%a1%d7%92%d7%95%d7%9c-%d7%94%d7%93%d7%a8%d7%92%d7%aa%d7%99-%d7%93%d7%9e%d7%93%d7%95%d7%9e%d7%99%d7%9d-2/","not_at_supplier","active","https://paldinox.co.il/product/%d7%a0%d7%98%d7%9c%d7%94-%d7%90%d7%a7%d7%a8%d7%99%d7%9c%d7%99%d7%aa-%d7%9b%d7%97%d7%95%d7%9c-%d7%a1%d7%92%d7%95%d7%9c-%d7%94%d7%93%d7%a8%d7%92%d7%aa%d7%99-%d7%93%d7%9e%d7%93%d7%95%d7%9e%d7%99%d7%9d-2/"
"5yC6oeNU3vdX8g5WyhlH","paldinox","סט הבדלה 4 חלקים בעיצוב ירושלים כסף","https://paldinox.co.il/product/%d7%a1%d7%98-%d7%94%d7%91%d7%93%d7%9c%d7%94-4-%d7%97%d7%9c-%d7%99%d7%a8%d7%95%d7%a9%d7%9c%d7%99%d7%9d-%d7%9b%d7%a1%d7%95%d7%a3/","not_at_supplier","active","https://paldinox.co.il/product/%d7%a1%d7%98-%d7%94%d7%91%d7%93%d7%9c%d7%94-4-%d7%97%d7%9c-%d7%99%d7%a8%d7%95%d7%a9%d7%9c%d7%99%d7%9d-%d7%9b%d7%a1%d7%95%d7%a3/"
"6FfsXsRwAkc0MydZ0hb1","paldinox","קופת צדקה נירוסטה בסגנון ארט דקו לבן וזהב","https://paldinox.co.il/product/%d7%a7%d7%95%d7%a4%d7%aa-%d7%a6%d7%93%d7%a7%d7%94-%d7%a0%d7%99%d7%a8%d7%95%d7%a1%d7%98%d7%94-art-deco-%d7%9c%d7%91%d7%9f-%d7%96%d7%94%d7%91-2/","not_at_supplier","active","https://paldinox.co.il/product/%d7%a7%d7%95%d7%a4%d7%aa-%d7%a6%d7%93%d7%a7%d7%94-%d7%a0%d7%99%d7%a8%d7%95%d7%a1%d7%98%d7%94-art-deco-%d7%9c%d7%91%d7%9f-%d7%96%d7%94%d7%91-2/"
"6sIhGhbOW1rBGyxdaHYX","paldinox","נטלה מים אחרונים כסף מבריק","https://paldinox.co.il/product/%d7%9e-%d7%9e%d7%99%d7%9d-%d7%90%d7%97%d7%a8%d7%95%d7%a0%d7%99%d7%9d-%d7%a4%d7%99%d7%9c%d7%92%d7%a8%d7%99%d7%9d-%d7%9e%d7%95%d7%9b%d7%a1%d7%a3/","not_at_supplier","active","https://paldinox.co.il/product/%d7%9e-%d7%9e%d7%99%d7%9d-%d7%90%d7%97%d7%a8%d7%95%d7%a0%d7%99%d7%9d-%d7%a4%d7%99%d7%9c%d7%92%d7%a8%d7%99%d7%9d-%d7%9e%d7%95%d7%9b%d7%a1%d7%a3/"
"70UUl1doThFkOqhTdQ99","paldinox","נטלה נירוסטה שחורה עם קווים זהב","https://paldinox.co.il/product/%d7%a0%d7%98%d7%9c%d7%94-%d7%a7%d7%95%d7%95%d7%99-%d7%96%d7%94%d7%91-%d7%a2%d7%9c-%d7%a9%d7%97%d7%95%d7%a8-%d7%a0%d7%99%d7%a8%d7%95%d7%a1%d7%98%d7%94-%d7%92%d7%95%d7%91%d7%94-13-5-%d7%a1%d7%9e-2/","not_at_supplier","active","https://paldinox.co.il/product/%d7%a0%d7%98%d7%9c%d7%94-%d7%a7%d7%95%d7%95%d7%99-%d7%96%d7%94%d7%91-%d7%a2%d7%9c-%d7%a9%d7%97%d7%95%d7%a8-%d7%a0%d7%99%d7%a8%d7%95%d7%a1%d7%98%d7%94-%d7%92%d7%95%d7%91%d7%94-13-5-%d7%a1%d7%9e-2/"
"7AohkwB4F8yRGUmucksD","paldinox","מזוזה מוכסף עם כיתוב זהב – 15 ס""מ","https://paldinox.co.il/product/%d7%9e%d7%96%d7%95%d7%96%d7%94-%d7%9e%d7%95%d7%9b%d7%a1%d7%a3-%d7%9b%d7%99%d7%aa%d7%95%d7%91-%d7%96%d7%94%d7%91-15%d7%a1%d7%9e/","not_at_supplier","active","https://paldinox.co.il/product/%d7%9e%d7%96%d7%95%d7%96%d7%94-%d7%9e%d7%95%d7%9b%d7%a1%d7%a3-%d7%9b%d7%99%d7%aa%d7%95%d7%91-%d7%96%d7%94%d7%91-15%d7%a1%d7%9e/"
"7cGlW4pz3hUzmCnwD2t5","paldinox","כלי לחרוסת ודבש בשילוב כסף ושנהב","https://paldinox.co.il/product/%d7%9b%d7%9c%d7%99-%d7%9c%d7%97%d7%a8%d7%95%d7%a1%d7%aa-%d7%93%d7%99%d7%91%d7%a9%d7%99%d7%aa-%d7%a0%d7%99%d7%a8%d7%95-%d7%90%d7%9e%d7%99%d7%99%d7%9c-%d7%a9%d7%a0%d7%94%d7%91-%d7%9b%d7%a1%d7%a3-2/","not_at_supplier","active","https://paldinox.co.il/product/%d7%9b%d7%9c%d7%99-%d7%9c%d7%97%d7%a8%d7%95%d7%a1%d7%aa-%d7%93%d7%99%d7%91%d7%a9%d7%99%d7%aa-%d7%a0%d7%99%d7%a8%d7%95-%d7%90%d7%9e%d7%99%d7%99%d7%9c-%d7%a9%d7%a0%d7%94%d7%91-%d7%9b%d7%a1%d7%a3-2/"
"8DbY7nQtSyKuQ6mOBVFO","paldinox","קופסת מצה שמורה עגולה בגוון marble לבן","https://paldinox.co.il/product/%d7%a7%d7%95%d7%a4%d7%a1%d7%90-%d7%a2%d7%92%d7%95%d7%9c%d7%94-%d7%95%d7%9e%d7%9b%d7%a1%d7%94-%d7%9c%d7%9e%d7%a6%d7%94-%d7%a9%d7%9e%d7%95%d7%a8%d7%94-marble-%d7%9c%d7%91%d7%9f-40-%d7%a1%d7%9e-h12/","not_at_supplier","active","https://paldinox.co.il/product/%d7%a7%d7%95%d7%a4%d7%a1%d7%90-%d7%a2%d7%92%d7%95%d7%9c%d7%94-%d7%95%d7%9e%d7%9b%d7%a1%d7%94-%d7%9c%d7%9e%d7%a6%d7%94-%d7%a9%d7%9e%d7%95%d7%a8%d7%94-marble-%d7%9c%d7%91%d7%9f-40-%d7%a1%d7%9e-h12/"
"8RwuJgFxLkRkPbHdJ4tl","paldinox","חנוכיית קריסטל זהב על 4 רגליים – 35 ס""מ","https://paldinox.co.il/product/h15-%d7%97%d7%a0%d7%95%d7%9b%d7%99%d7%94-%d7%a7%d7%a8%d7%99%d7%a1%d7%98%d7%9c-35%d7%a1%d7%9e-4-%d7%a8%d7%92%d7%9c%d7%99-%d7%96%d7%94%d7%91-3/","not_at_supplier","active","https://paldinox.co.il/product/h15-%d7%97%d7%a0%d7%95%d7%9b%d7%99%d7%94-%d7%a7%d7%a8%d7%99%d7%a1%d7%98%d7%9c-35%d7%a1%d7%9e-4-%d7%a8%d7%92%d7%9c%d7%99-%d7%96%d7%94%d7%91-3/"
"AZmSKGMqg5d1oFpo8xUU","paldinox","זוג מלחיות קריסטל בעיצוב כוכב","https://paldinox.co.il/product/%d7%96%d7%95%d7%92-%d7%9e%d7%9c%d7%97%d7%99%d7%95%d7%aa-%d7%a7%d7%a8%d7%99%d7%a1%d7%98%d7%9c-%d7%9b%d7%95%d7%9b%d7%91-2/","not_at_supplier","active","https://paldinox.co.il/product/%d7%96%d7%95%d7%92-%d7%9e%d7%9c%d7%97%d7%99%d7%95%d7%aa-%d7%a7%d7%a8%d7%99%d7%a1%d7%98%d7%9c-%d7%9b%d7%95%d7%9b%d7%91-2/"
"Afg5x0miN6sQ2ciEhSxr","paldinox","h13.5 נטלה נירו’ אמייל שנהב “נטילת ידיים”","https://paldinox.co.il/product/h13-5-%d7%a0%d7%98%d7%9c%d7%94-%d7%a0%d7%99%d7%a8%d7%95-%d7%90%d7%9e%d7%99%d7%99%d7%9c-%d7%a9%d7%a0%d7%94%d7%91-%d7%a0%d7%98%d7%99%d7%9c%d7%aa-%d7%99%d7%93%d7%99%d7%99%d7%9d-2/","not_at_supplier","active","https://paldinox.co.il/product/h13-5-%d7%a0%d7%98%d7%9c%d7%94-%d7%a0%d7%99%d7%a8%d7%95-%d7%90%d7%9e%d7%99%d7%99%d7%9c-%d7%a9%d7%a0%d7%94%d7%91-%d7%a0%d7%98%d7%99%d7%9c%d7%aa-%d7%99%d7%93%d7%99%d7%99%d7%9d-2/"
"B3Y0wZ4XqIsG4yyaWEfk","paldinox","נטלה אקרילית כחול הדרגתי עם ידיות שקופות","https://paldinox.co.il/product/%d7%a0%d7%98%d7%9c%d7%94-%d7%90%d7%a7%d7%a8%d7%99%d7%9c%d7%99%d7%aa-%d7%9b%d7%97%d7%95%d7%9c-%d7%94%d7%93%d7%a8%d7%92%d7%aa%d7%99-%d7%95%d7%99%d7%93%d7%99%d7%95%d7%aa-%d7%a9%d7%a7%d7%95%d7%a4%d7%95-2/","not_at_supplier","active","https://paldinox.co.il/product/%d7%a0%d7%98%d7%9c%d7%94-%d7%90%d7%a7%d7%a8%d7%99%d7%9c%d7%99%d7%aa-%d7%9b%d7%97%d7%95%d7%9c-%d7%94%d7%93%d7%a8%d7%92%d7%aa%d7%99-%d7%95%d7%99%d7%93%d7%99%d7%95%d7%aa-%d7%a9%d7%a7%d7%95%d7%a4%d7%95-2/"
"BOUFt0Pb52twkYvGUDJ9","paldinox","חנוכיית קריסטל אלאדין","https://paldinox.co.il/product/h12-%d7%97%d7%a0%d7%95%d7%9b%d7%99%d7%94-%d7%a7%d7%a8%d7%99%d7%a1%d7%98%d7%9c-%d7%90%d7%9c%d7%90%d7%93%d7%99%d7%9f-2/","not_at_supplier","active","https://paldinox.co.il/product/h12-%d7%97%d7%a0%d7%95%d7%9b%d7%99%d7%94-%d7%a7%d7%a8%d7%99%d7%a1%d7%98%d7%9c-%d7%90%d7%9c%d7%90%d7%93%d7%99%d7%9f-2/"
"ChbUBI58RQlHfdj1QTFI","paldinox","מעמד בשמים להבדלה בצבע כסף","https://paldinox.co.il/product/%d7%9e%d7%a2%d7%9e%d7%93-%d7%9c%d7%91%d7%a9%d7%9e%d7%99%d7%9d-%d7%9c%d7%94%d7%91%d7%93%d7%9c%d7%94-%d7%9b%d7%a1%d7%a3-%d7%a6%d7%99%d7%a4%d7%95%d7%99-%d7%9c%d7%9b%d7%94-2/","not_at_supplier","active","https://paldinox.co.il/product/%d7%9e%d7%a2%d7%9e%d7%93-%d7%9c%d7%91%d7%a9%d7%9e%d7%99%d7%9d-%d7%9c%d7%94%d7%91%d7%93%d7%9c%d7%94-%d7%9b%d7%a1%d7%a3-%d7%a6%d7%99%d7%a4%d7%95%d7%99-%d7%9c%d7%9b%d7%94-2/"
"DFrhmO1WLpTrr07EkCL1","paldinox","נטלה אקרילית שקופה בצבע אדום","https://paldinox.co.il/product/%d7%a0%d7%98%d7%9c%d7%94-%d7%90%d7%a7%d7%a8%d7%99%d7%9c%d7%99%d7%aa-%d7%a9%d7%a7%d7%95%d7%a4%d7%94-%d7%aa%d7%97%d7%aa%d7%99%d7%aa-%d7%95%d7%99%d7%93%d7%99%d7%95%d7%aa-%d7%90%d7%93%d7%95%d7%9d-2/","not_at_supplier","active","https://paldinox.co.il/product/%d7%a0%d7%98%d7%9c%d7%94-%d7%90%d7%a7%d7%a8%d7%99%d7%9c%d7%99%d7%aa-%d7%a9%d7%a7%d7%95%d7%a4%d7%94-%d7%aa%d7%97%d7%aa%d7%99%d7%aa-%d7%95%d7%99%d7%93%d7%99%d7%95%d7%aa-%d7%90%d7%93%d7%95%d7%9d-2/"
"DZtYGtzidvzfJDfI2k0r","paldinox","קופת צדקה נירוסטה בסגנון ארט דקו שחור וזהב","https://paldinox.co.il/product/%d7%a7%d7%95%d7%a4%d7%aa-%d7%a6%d7%93%d7%a7%d7%94-%d7%a0%d7%99%d7%a8%d7%95%d7%a1%d7%98%d7%94-art-deco-%d7%a9%d7%97%d7%95%d7%a8-%d7%96%d7%94%d7%91-2/","not_at_supplier","active","https://paldinox.co.il/product/%d7%a7%d7%95%d7%a4%d7%aa-%d7%a6%d7%93%d7%a7%d7%94-%d7%a0%d7%99%d7%a8%d7%95%d7%a1%d7%98%d7%94-art-deco-%d7%a9%d7%97%d7%95%d7%a8-%d7%96%d7%94%d7%91-2/"
"DhoVjyKz2KuhZ9OfmPE0","paldinox","H26 חנוכיה ציפוי כסף “בארוק” רוחב 23 ס”מ","https://paldinox.co.il/product/h26-%d7%97%d7%a0%d7%95%d7%9b%d7%99%d7%94-%d7%a6%d7%99%d7%a4%d7%95%d7%99-%d7%9b%d7%a1%d7%a3-%d7%9c%d7%9b%d7%94-%d7%91%d7%90%d7%a8%d7%95%d7%a7/","not_at_supplier","active","https://paldinox.co.il/product/h26-%d7%97%d7%a0%d7%95%d7%9b%d7%99%d7%94-%d7%a6%d7%99%d7%a4%d7%95%d7%99-%d7%9b%d7%a1%d7%a3-%d7%9c%d7%9b%d7%94-%d7%91%d7%90%d7%a8%d7%95%d7%a7/"
"FBlaRd4IgE7cuBUZB8Mo","paldinox","מלחיה בודדת וכפית מוכספת סגנון פילגרים","https://paldinox.co.il/product/%d7%9e%d7%9c%d7%97%d7%99%d7%94-%d7%91%d7%95%d7%93%d7%93%d7%aa-%d7%95%d7%9b%d7%a4%d7%99%d7%aa-%d7%a4%d7%99%d7%9c%d7%92%d7%a8%d7%99%d7%9d-%d7%9e%d7%95%d7%9b%d7%a1%d7%a3/","not_at_supplier","active","https://paldinox.co.il/product/%d7%9e%d7%9c%d7%97%d7%99%d7%94-%d7%91%d7%95%d7%93%d7%93%d7%aa-%d7%95%d7%9b%d7%a4%d7%99%d7%aa-%d7%a4%d7%99%d7%9c%d7%92%d7%a8%d7%99%d7%9d-%d7%9e%d7%95%d7%9b%d7%a1%d7%a3/"
"GVuvVJiMKlUNrGUmAdfY","paldinox","קופסת מצה עגולה חלוקי נחל כסופים","https://paldinox.co.il/product/%d7%a7%d7%95%d7%a4%d7%a1%d7%90-%d7%a2%d7%92%d7%95%d7%9c%d7%94-%d7%95%d7%9e%d7%9b%d7%a1%d7%94-%d7%9c%d7%9e%d7%a6%d7%94-%d7%a9%d7%9e%d7%95%d7%a8%d7%94-%d7%97%d7%9c%d7%95%d7%a7%d7%99-%d7%a0%d7%97%d7%9c-3/","not_at_supplier","active","https://paldinox.co.il/product/%d7%a7%d7%95%d7%a4%d7%a1%d7%90-%d7%a2%d7%92%d7%95%d7%9c%d7%94-%d7%95%d7%9e%d7%9b%d7%a1%d7%94-%d7%9c%d7%9e%d7%a6%d7%94-%d7%a9%d7%9e%d7%95%d7%a8%d7%94-%d7%97%d7%9c%d7%95%d7%a7%d7%99-%d7%a0%d7%97%d7%9c-3/"
"IRq4HONsAbKfFkJ46cUv","paldinox","מזוזה מוכסף עם כיתוב שחור – 12 ס""מ","https://paldinox.co.il/product/%d7%9e%d7%96%d7%95%d7%96%d7%94-%d7%9e%d7%95%d7%9b%d7%a1%d7%a3-%d7%9b%d7%99%d7%aa%d7%95%d7%91-%d7%a9%d7%97%d7%95%d7%a8-12%d7%a1%d7%9e/","not_at_supplier","active","https://paldinox.co.il/product/%d7%9e%d7%96%d7%95%d7%96%d7%94-%d7%9e%d7%95%d7%9b%d7%a1%d7%a3-%d7%9b%d7%99%d7%aa%d7%95%d7%91-%d7%a9%d7%97%d7%95%d7%a8-12%d7%a1%d7%9e/"
"Itbo53I9PZMvDwmCiHBv","paldinox","מזוזה מוכסף עם כיתוב זהב – 12 ס״מ","https://paldinox.co.il/product/%d7%9e%d7%96%d7%95%d7%96%d7%94-%d7%9e%d7%95%d7%9b%d7%a1%d7%a3-%d7%9b%d7%99%d7%aa%d7%95%d7%91-%d7%96%d7%94%d7%91-12%d7%a1%d7%9e/","not_at_supplier","active","https://paldinox.co.il/product/%d7%9e%d7%96%d7%95%d7%96%d7%94-%d7%9e%d7%95%d7%9b%d7%a1%d7%a3-%d7%9b%d7%99%d7%aa%d7%95%d7%91-%d7%96%d7%94%d7%91-12%d7%a1%d7%9e/"
"JWZgRZLx5rOHoGxRq68s","paldinox","נטלה אקרילית כתום הדרגתי וידיות שקופות","https://paldinox.co.il/product/%d7%a0%d7%98%d7%9c%d7%94-%d7%90%d7%a7%d7%a8%d7%99%d7%9c%d7%99%d7%aa-%d7%9b%d7%aa%d7%95%d7%9d-%d7%94%d7%93%d7%a8%d7%92%d7%aa%d7%99-%d7%95%d7%99%d7%93%d7%99%d7%95%d7%aa-%d7%a9%d7%a7%d7%95%d7%a4%d7%95-2/","not_at_supplier","active","https://paldinox.co.il/product/%d7%a0%d7%98%d7%9c%d7%94-%d7%90%d7%a7%d7%a8%d7%99%d7%9c%d7%99%d7%aa-%d7%9b%d7%aa%d7%95%d7%9d-%d7%94%d7%93%d7%a8%d7%92%d7%aa%d7%99-%d7%95%d7%99%d7%93%d7%99%d7%95%d7%aa-%d7%a9%d7%a7%d7%95%d7%a4%d7%95-2/"
"KrLw4tjOsaU7tzbFAiKy","paldinox","מזוזה art deco שחור/זהב כיתוב כסף 12סמ","https://paldinox.co.il/product/%d7%9e%d7%96%d7%95%d7%96%d7%94-art-deco-%d7%a9%d7%97%d7%95%d7%a8-%d7%96%d7%94%d7%91-%d7%9b%d7%99%d7%aa%d7%95%d7%91-%d7%9b%d7%a1%d7%a3-12%d7%a1%d7%9e/","not_at_supplier","active","https://paldinox.co.il/product/%d7%9e%d7%96%d7%95%d7%96%d7%94-art-deco-%d7%a9%d7%97%d7%95%d7%a8-%d7%96%d7%94%d7%91-%d7%9b%d7%99%d7%aa%d7%95%d7%91-%d7%9b%d7%a1%d7%a3-12%d7%a1%d7%9e/"
"L0AMwkb2JUgcNXJe2CJN","paldinox","כלי דבש זכוכית עם כפית מתכת ציפוי זהב","https://paldinox.co.il/product/%d7%a1%d7%95%d7%9b%d7%a8%d7%95%d7%9f-%d7%9b%d7%9c%d7%99-%d7%9c%d7%93%d7%91%d7%a9-%d7%96%d7%9b%d7%95%d7%9b%d7%99%d7%aa-%d7%91%d7%a1%d7%99%d7%a1-%d7%9e%d7%9b%d7%a1%d7%94-%d7%95%d7%9b%d7%a4%d7%99%d7%aa-6/","not_at_supplier","active","https://paldinox.co.il/product/%d7%a1%d7%95%d7%9b%d7%a8%d7%95%d7%9f-%d7%9b%d7%9c%d7%99-%d7%9c%d7%93%d7%91%d7%a9-%d7%96%d7%9b%d7%95%d7%9b%d7%99%d7%aa-%d7%91%d7%a1%d7%99%d7%a1-%d7%9e%d7%9b%d7%a1%d7%94-%d7%95%d7%9b%d7%a4%d7%99%d7%aa-6/"
"M0SZZes1sAKN6cwEzqI6","paldinox","נטלה שיש אפור ידית חרדל","https://paldinox.co.il/product/%d7%a0%d7%98%d7%9c%d7%94-%d7%a9%d7%99%d7%a9-%d7%90%d7%a4%d7%95%d7%a8-%d7%99%d7%93%d7%99%d7%aa-%d7%97%d7%a8%d7%93%d7%9c/","not_at_supplier","active","https://paldinox.co.il/product/%d7%a0%d7%98%d7%9c%d7%94-%d7%a9%d7%99%d7%a9-%d7%90%d7%a4%d7%95%d7%a8-%d7%99%d7%93%d7%99%d7%aa-%d7%97%d7%a8%d7%93%d7%9c/"
"M1BxiLc8RsdN6iS2L3vA","paldinox","מים אחרונים ענני שחור/אפור נירוסטה","https://paldinox.co.il/product/%d7%9e%d7%99%d7%9d-%d7%90%d7%97%d7%a8%d7%95%d7%a0%d7%99%d7%9d-%d7%a2%d7%a0%d7%a0%d7%99-%d7%a9%d7%97%d7%95%d7%a8-%d7%90%d7%a4%d7%95%d7%a8-%d7%a0%d7%99%d7%a8%d7%95%d7%a1%d7%98%d7%94-2/","not_at_supplier","active","https://paldinox.co.il/product/%d7%9e%d7%99%d7%9d-%d7%90%d7%97%d7%a8%d7%95%d7%a0%d7%99%d7%9d-%d7%a2%d7%a0%d7%a0%d7%99-%d7%a9%d7%97%d7%95%d7%a8-%d7%90%d7%a4%d7%95%d7%a8-%d7%a0%d7%99%d7%a8%d7%95%d7%a1%d7%98%d7%94-2/"
"NZSTMoTZ28PxbFUovTsU","paldinox","מתקן ברכון מעץ וכסף","https://paldinox.co.il/product/%d7%9e%d7%aa%d7%a7%d7%9f-%d7%9c%d7%91%d7%a8%d7%9b%d7%95%d7%9f-%d7%9e%d7%a4%d7%99%d7%95%d7%9f-%d7%a2%d7%a5-%d7%95%d7%9b%d7%a1%d7%a3-2/","not_at_supplier","active","https://paldinox.co.il/product/%d7%9e%d7%aa%d7%a7%d7%9f-%d7%9c%d7%91%d7%a8%d7%9b%d7%95%d7%9f-%d7%9e%d7%a4%d7%99%d7%95%d7%9f-%d7%a2%d7%a5-%d7%95%d7%9b%d7%a1%d7%a3-2/"
"NsW6Utv4NVRVBWxZagMh","paldinox","חנוכיה כסף עם ציפוי ולכה","https://paldinox.co.il/product/h27-%d7%97%d7%a0%d7%95%d7%9b%d7%99%d7%94-%d7%a6%d7%99%d7%a4%d7%95%d7%99-%d7%9b%d7%a1%d7%a3-%d7%9c%d7%9b%d7%94-2/","not_at_supplier","active","https://paldinox.co.il/product/h27-%d7%97%d7%a0%d7%95%d7%9b%d7%99%d7%94-%d7%a6%d7%99%d7%a4%d7%95%d7%99-%d7%9b%d7%a1%d7%a3-%d7%9c%d7%9b%d7%94-2/"
"OEoqnRiqFbIORDtTtUKA","paldinox","סט 6 תחתיות משושה כסף טהור","https://paldinox.co.il/product/%d7%a1%d7%98-6-%d7%aa%d7%97%d7%aa%d7%99%d7%95%d7%aa-%d7%9e%d7%a9%d7%95%d7%a9%d7%94-%d7%a6%d7%99%d7%a4%d7%95%d7%99-%d7%9b%d7%a1%d7%a3-%d7%9c%d7%9b%d7%94/","not_at_supplier","active","https://paldinox.co.il/product/%d7%a1%d7%98-6-%d7%aa%d7%97%d7%aa%d7%99%d7%95%d7%aa-%d7%9e%d7%a9%d7%95%d7%a9%d7%94-%d7%a6%d7%99%d7%a4%d7%95%d7%99-%d7%9b%d7%a1%d7%a3-%d7%9c%d7%9b%d7%94/"
"PSW3qmPfnrWv5TGWFEO5","paldinox","מעמד לבשמים מוכסף בעיצוב פילגרים","https://paldinox.co.il/product/%d7%9e%d7%a2%d7%9e%d7%93-%d7%9c%d7%91%d7%a9%d7%9e%d7%99%d7%9d-%d7%a4%d7%99%d7%9c%d7%92%d7%a8%d7%99%d7%9d-%d7%9e%d7%95%d7%9b%d7%a1%d7%a348-2/","not_at_supplier","active","https://paldinox.co.il/product/%d7%9e%d7%a2%d7%9e%d7%93-%d7%9c%d7%91%d7%a9%d7%9e%d7%99%d7%9d-%d7%a4%d7%99%d7%9c%d7%92%d7%a8%d7%99%d7%9d-%d7%9e%d7%95%d7%9b%d7%a1%d7%a348-2/"
"R8NEp2s4JwanhYdA9p6s","paldinox","נטלה אקרילית שקופה בגוון סגול","https://paldinox.co.il/product/%d7%a0%d7%98%d7%9c%d7%94-%d7%90%d7%a7%d7%a8%d7%99%d7%9c%d7%99%d7%aa-%d7%a9%d7%a7%d7%95%d7%a4%d7%94-%d7%aa%d7%97%d7%aa%d7%99%d7%aa-%d7%95%d7%99%d7%93%d7%99%d7%95%d7%aa-%d7%a1%d7%92%d7%95%d7%9c-2/","not_at_supplier","active","https://paldinox.co.il/product/%d7%a0%d7%98%d7%9c%d7%94-%d7%90%d7%a7%d7%a8%d7%99%d7%9c%d7%99%d7%aa-%d7%a9%d7%a7%d7%95%d7%a4%d7%94-%d7%aa%d7%97%d7%aa%d7%99%d7%aa-%d7%95%d7%99%d7%93%d7%99%d7%95%d7%aa-%d7%a1%d7%92%d7%95%d7%9c-2/"
"RBtZxLByVG7r65Sc1LGR","paldinox","מילחיות פתוחות קריסטל/ פנינים/זהב","https://paldinox.co.il/product/%d7%9e%d7%99%d7%9c%d7%97%d7%99%d7%95%d7%aa-%d7%a4%d7%aa%d7%95%d7%97%d7%95%d7%aa-%d7%a7%d7%a8%d7%99%d7%a1%d7%98%d7%9c-%d7%a4%d7%a0%d7%99%d7%a0%d7%99%d7%9d-%d7%96%d7%94%d7%91-2/","not_at_supplier","active","https://paldinox.co.il/product/%d7%9e%d7%99%d7%9c%d7%97%d7%99%d7%95%d7%aa-%d7%a4%d7%aa%d7%95%d7%97%d7%95%d7%aa-%d7%a7%d7%a8%d7%99%d7%a1%d7%98%d7%9c-%d7%a4%d7%a0%d7%99%d7%a0%d7%99%d7%9d-%d7%96%d7%94%d7%91-2/"
"RoNsc2GR3gbAqUaSpvE0","paldinox","זוג מלחיות קריסטל עם עיצוב כוכב וזהב","https://paldinox.co.il/product/%d7%96%d7%95%d7%92-%d7%9e%d7%9c%d7%97%d7%99%d7%95%d7%aa-%d7%a7%d7%a8%d7%99%d7%a1%d7%98%d7%9c-%d7%9b%d7%95%d7%9b%d7%91-%d7%96%d7%94%d7%91/","not_at_supplier","active","https://paldinox.co.il/product/%d7%96%d7%95%d7%92-%d7%9e%d7%9c%d7%97%d7%99%d7%95%d7%aa-%d7%a7%d7%a8%d7%99%d7%a1%d7%98%d7%9c-%d7%9b%d7%95%d7%9b%d7%91-%d7%96%d7%94%d7%91/"
"S5y2F09b0ya4ZQ5QSq97","paldinox","מילחיות פתוחות קריסטל ענבר/ כסוף גובה 8 ס”מ","https://paldinox.co.il/product/%d7%9e%d7%99%d7%9c%d7%97%d7%99%d7%95%d7%aa-%d7%a4%d7%aa%d7%95%d7%97%d7%95%d7%aa-%d7%a7%d7%a8%d7%99%d7%a1%d7%98%d7%9c-%d7%a2%d7%a0%d7%91%d7%a8-%d7%9b%d7%a1%d7%95%d7%a3-%d7%92%d7%95%d7%91%d7%94-8/","not_at_supplier","active","https://paldinox.co.il/product/%d7%9e%d7%99%d7%9c%d7%97%d7%99%d7%95%d7%aa-%d7%a4%d7%aa%d7%95%d7%97%d7%95%d7%aa-%d7%a7%d7%a8%d7%99%d7%a1%d7%98%d7%9c-%d7%a2%d7%a0%d7%91%d7%a8-%d7%9b%d7%a1%d7%95%d7%a3-%d7%92%d7%95%d7%91%d7%94-8/"
"SAgaUb3WfVJaKMnxEyTX","paldinox","מפצח אגוזים קטן","https://paldinox.co.il/product/%d7%9e%d7%a4%d7%a6%d7%97-%d7%90%d7%92%d7%95%d7%96%d7%99%d7%9d-%d7%a7%d7%98%d7%9f-%d7%90%d7%95%d7%a8%d7%9a-9-%d7%a1%d7%9e/","not_at_supplier","active","https://paldinox.co.il/product/%d7%9e%d7%a4%d7%a6%d7%97-%d7%90%d7%92%d7%95%d7%96%d7%99%d7%9d-%d7%a7%d7%98%d7%9f-%d7%90%d7%95%d7%a8%d7%9a-9-%d7%a1%d7%9e/"
"SE2eoHlDj45BAs5ck7LX","paldinox","סט הבדלה כסף עיטור זהב","https://paldinox.co.il/product/%d7%a1%d7%98-%d7%94%d7%91%d7%93%d7%9c%d7%94-%d7%9b%d7%a1%d7%a3-%d7%a2%d7%99%d7%98%d7%95%d7%a8-%d7%96%d7%94%d7%91-2/","not_at_supplier","active","https://paldinox.co.il/product/%d7%a1%d7%98-%d7%94%d7%91%d7%93%d7%9c%d7%94-%d7%9b%d7%a1%d7%a3-%d7%a2%d7%99%d7%98%d7%95%d7%a8-%d7%96%d7%94%d7%91-2/"
"T0v3nRsuC20rqltiSLFA","paldinox","מזוזה אמייל לבן עם כיתוב זהב – 15 ס""מ","https://paldinox.co.il/product/%d7%9e%d7%96%d7%95%d7%96%d7%94-%d7%90%d7%9e%d7%99%d7%99%d7%9c-%d7%9c%d7%91%d7%9f-%d7%9b%d7%99%d7%aa%d7%95%d7%91-%d7%96%d7%94%d7%91-15%d7%a1%d7%9e/","not_at_supplier","active","https://paldinox.co.il/product/%d7%9e%d7%96%d7%95%d7%96%d7%94-%d7%90%d7%9e%d7%99%d7%99%d7%9c-%d7%9c%d7%91%d7%9f-%d7%9b%d7%99%d7%aa%d7%95%d7%91-%d7%96%d7%94%d7%91-15%d7%a1%d7%9e/"
"TBtscfALaFy6zLsS3pLH","paldinox","סוכרון דבש זכוכית עם כפית מתכת ניקל","https://paldinox.co.il/product/%d7%a1%d7%95%d7%9b%d7%a8%d7%95%d7%9f-%d7%9b%d7%9c%d7%99-%d7%9c%d7%93%d7%91%d7%a9-%d7%96%d7%9b%d7%95%d7%9b%d7%99%d7%aa-%d7%91%d7%a1%d7%99%d7%a1-%d7%9e%d7%9b%d7%a1%d7%94-%d7%95%d7%9b%d7%a4%d7%99%d7%aa-5/","not_at_supplier","active","https://paldinox.co.il/product/%d7%a1%d7%95%d7%9b%d7%a8%d7%95%d7%9f-%d7%9b%d7%9c%d7%99-%d7%9c%d7%93%d7%91%d7%a9-%d7%96%d7%9b%d7%95%d7%9b%d7%99%d7%aa-%d7%91%d7%a1%d7%99%d7%a1-%d7%9e%d7%9b%d7%a1%d7%94-%d7%95%d7%9b%d7%a4%d7%99%d7%aa-5/"
"TfVdlmQp1qZCrqXaoo6W","paldinox","דיבשית נירו’ מוכספת מעוינים","https://paldinox.co.il/product/%d7%93%d7%99%d7%91%d7%a9%d7%99%d7%aa-%d7%a0%d7%99%d7%a8%d7%95-%d7%9e%d7%95%d7%9b%d7%a1%d7%a4%d7%aa-%d7%9e%d7%a2%d7%95%d7%99%d7%a0%d7%99%d7%9d-2/","not_at_supplier","active","https://paldinox.co.il/product/%d7%93%d7%99%d7%91%d7%a9%d7%99%d7%aa-%d7%a0%d7%99%d7%a8%d7%95-%d7%9e%d7%95%d7%9b%d7%a1%d7%a4%d7%aa-%d7%9e%d7%a2%d7%95%d7%99%d7%a0%d7%99%d7%9d-2/"
"U2z2DXgXNQoqq4Ytq5bE","paldinox","מזוזה Marble שחור לבן עם כיתוב כסף","https://paldinox.co.il/product/%d7%9e%d7%96%d7%95%d7%96%d7%94-marble-%d7%a9%d7%97%d7%95%d7%a8-%d7%9c%d7%91%d7%9f-%d7%9b%d7%99%d7%aa%d7%95%d7%91-%d7%9b%d7%a1%d7%a3-12%d7%a1%d7%9e/","not_at_supplier","active","https://paldinox.co.il/product/%d7%9e%d7%96%d7%95%d7%96%d7%94-marble-%d7%a9%d7%97%d7%95%d7%a8-%d7%9c%d7%91%d7%9f-%d7%9b%d7%99%d7%aa%d7%95%d7%91-%d7%9b%d7%a1%d7%a3-12%d7%a1%d7%9e/"
"UBFkAF8A0Xr6XhpoUdRL","paldinox","מזוזה עיטור גלים שחור ולבן עם כיתוב שחור","https://paldinox.co.il/product/%d7%9e%d7%96%d7%95%d7%96%d7%94-%d7%a2%d7%99%d7%98%d7%95%d7%a8-%d7%92%d7%9c%d7%99%d7%9d-%d7%a9%d7%97%d7%95%d7%a8-%d7%9c%d7%91%d7%9f%d7%9b%d7%99%d7%aa%d7%95%d7%91-%d7%a9%d7%97%d7%95%d7%a8-12%d7%a1%d7%9e/","not_at_supplier","active","https://paldinox.co.il/product/%d7%9e%d7%96%d7%95%d7%96%d7%94-%d7%a2%d7%99%d7%98%d7%95%d7%a8-%d7%92%d7%9c%d7%99%d7%9d-%d7%a9%d7%97%d7%95%d7%a8-%d7%9c%d7%91%d7%9f%d7%9b%d7%99%d7%aa%d7%95%d7%91-%d7%a9%d7%97%d7%95%d7%a8-12%d7%a1%d7%9e/"
"VJ3WaWeljhzOWbroKVQA","paldinox","נטלה לשטיפת ידיים מפיוטר","https://paldinox.co.il/product/%d7%a0%d7%98%d7%99%d7%9c%d7%aa-%d7%99%d7%93%d7%99%d7%99%d7%9d-%d7%a4%d7%99%d7%95%d7%98%d7%a8/","not_at_supplier","active","https://paldinox.co.il/product/%d7%a0%d7%98%d7%99%d7%9c%d7%aa-%d7%99%d7%93%d7%99%d7%99%d7%9d-%d7%a4%d7%99%d7%95%d7%98%d7%a8/"
"X63jRLhQHSrMUiBPvj7p","paldinox","סט הבדלה 3 חלקים ציפוי כסף","https://paldinox.co.il/product/%d7%a1%d7%98-%d7%94%d7%91%d7%93%d7%9c%d7%94-3-%d7%97%d7%9c%d7%a7%d7%99%d7%9d-%d7%a6%d7%99%d7%a4%d7%95%d7%99-%d7%9b%d7%a1%d7%a3-2/","not_at_supplier","active","https://paldinox.co.il/product/%d7%a1%d7%98-%d7%94%d7%91%d7%93%d7%9c%d7%94-3-%d7%97%d7%9c%d7%a7%d7%99%d7%9d-%d7%a6%d7%99%d7%a4%d7%95%d7%99-%d7%9b%d7%a1%d7%a3-2/"
"XbRBY7r4jgThIshpwNGS","paldinox","מזוזה עיטור מסולסל מוכסף כיתוב זהב 12סמ","https://paldinox.co.il/product/%d7%9e%d7%96%d7%95%d7%96%d7%94-%d7%a2%d7%99%d7%98%d7%95%d7%a8-%d7%9e%d7%a1%d7%95%d7%9c%d7%a1%d7%9c-%d7%9e%d7%95%d7%9b%d7%a1%d7%a3-%d7%9b%d7%99%d7%aa%d7%95%d7%91-%d7%96%d7%94%d7%91-12%d7%a1%d7%9e/","not_at_supplier","active","https://paldinox.co.il/product/%d7%9e%d7%96%d7%95%d7%96%d7%94-%d7%a2%d7%99%d7%98%d7%95%d7%a8-%d7%9e%d7%a1%d7%95%d7%9c%d7%a1%d7%9c-%d7%9e%d7%95%d7%9b%d7%a1%d7%a3-%d7%9b%d7%99%d7%aa%d7%95%d7%91-%d7%96%d7%94%d7%91-12%d7%a1%d7%9e/"
"XmbWkmbi4uEKgZ0hAezt","paldinox","סט הבדלה /ירושלים*12*","https://paldinox.co.il/product/%d7%a1%d7%98-%d7%94%d7%91%d7%93%d7%9c%d7%94-%d7%99%d7%a8%d7%95%d7%a9%d7%9c%d7%99%d7%9d12-2/","not_at_supplier","active","https://paldinox.co.il/product/%d7%a1%d7%98-%d7%94%d7%91%d7%93%d7%9c%d7%94-%d7%99%d7%a8%d7%95%d7%a9%d7%9c%d7%99%d7%9d12-2/"
"YV8aZShZYAN51Q8YF6zD","paldinox","מזוזה עיטור מסולסל מוזהב כיתוב שחור 12סמ","https://paldinox.co.il/product/%d7%9e%d7%96%d7%95%d7%96%d7%94-%d7%a2%d7%99%d7%98%d7%95%d7%a8-%d7%9e%d7%a1%d7%95%d7%9c%d7%a1%d7%9c-%d7%9e%d7%95%d7%96%d7%94%d7%91-%d7%9b%d7%99%d7%aa%d7%95%d7%91-%d7%a9%d7%97%d7%95%d7%a8-12%d7%a1%d7%9e/","not_at_supplier","active","https://paldinox.co.il/product/%d7%9e%d7%96%d7%95%d7%96%d7%94-%d7%a2%d7%99%d7%98%d7%95%d7%a8-%d7%9e%d7%a1%d7%95%d7%9c%d7%a1%d7%9c-%d7%9e%d7%95%d7%96%d7%94%d7%91-%d7%9b%d7%99%d7%aa%d7%95%d7%91-%d7%a9%d7%97%d7%95%d7%a8-12%d7%a1%d7%9e/"
"Yq1b9wfaTAaaGxshIi7j","paldinox","חנוכיית המכבים בציפוי כסף וזהב משולב – 48 ס""מ","https://paldinox.co.il/product/%d7%97%d7%a0%d7%95%d7%9b%d7%99%d7%94-%d7%a6%d7%99%d7%a4%d7%95%d7%99-%d7%9e%d7%a9%d7%95%d7%9c%d7%91-%d7%9b%d7%a1%d7%a3-%d7%96%d7%94%d7%91-%d7%94%d7%9e%d7%9b%d7%91%d7%99%d7%9d-%d7%92%d7%95%d7%91/","not_at_supplier","active","https://paldinox.co.il/product/%d7%97%d7%a0%d7%95%d7%9b%d7%99%d7%94-%d7%a6%d7%99%d7%a4%d7%95%d7%99-%d7%9e%d7%a9%d7%95%d7%9c%d7%91-%d7%9b%d7%a1%d7%a3-%d7%96%d7%94%d7%91-%d7%94%d7%9e%d7%9b%d7%91%d7%99%d7%9d-%d7%92%d7%95%d7%91/"
"apygfi1mSznWrQGVePIR","paldinox","מפצח אגוזים סנאי מוכסף","https://paldinox.co.il/product/%d7%9e%d7%a4%d7%a6%d7%97-%d7%90%d7%92%d7%95%d7%96%d7%99%d7%9d-h19-%d7%a1%d7%a0%d7%90%d7%99-%d7%9e%d7%95%d7%9b%d7%a1%d7%a3-2/","not_at_supplier","active","https://paldinox.co.il/product/%d7%9e%d7%a4%d7%a6%d7%97-%d7%90%d7%92%d7%95%d7%96%d7%99%d7%9d-h19-%d7%a1%d7%a0%d7%90%d7%99-%d7%9e%d7%95%d7%9b%d7%a1%d7%a3-2/"
"bXlOZ6iyhpkHEaXNuS8Z","paldinox","שרביט הדלקה כסף לנרות שבת","https://paldinox.co.il/product/%d7%a9%d7%a8%d7%91%d7%99%d7%98-%d7%94%d7%93%d7%9c%d7%a7%d7%94-%d7%a6%d7%99%d7%a4%d7%95%d7%99-%d7%9b%d7%a1%d7%a3-4/","not_at_supplier","active","https://paldinox.co.il/product/%d7%a9%d7%a8%d7%91%d7%99%d7%98-%d7%94%d7%93%d7%9c%d7%a7%d7%94-%d7%a6%d7%99%d7%a4%d7%95%d7%99-%d7%9b%d7%a1%d7%a3-4/"
"bsYmSCMpuEa64dMnOwnD","paldinox","סט הבדלה 4 חלקים כסף בעיצוב כריות","https://paldinox.co.il/product/%d7%a1%d7%98-%d7%94%d7%91%d7%93%d7%9c%d7%94-4-%d7%97%d7%9c-%d7%9b%d7%a8%d7%99%d7%95%d7%aa-%d7%9b%d7%a1%d7%95%d7%a3/","not_at_supplier","active","https://paldinox.co.il/product/%d7%a1%d7%98-%d7%94%d7%91%d7%93%d7%9c%d7%94-4-%d7%97%d7%9c-%d7%9b%d7%a8%d7%99%d7%95%d7%aa-%d7%9b%d7%a1%d7%95%d7%a3/"
"c5r7m2WI0kHU0s0DBcNR","paldinox","נטלה מים אחרונים נחושת ושחור","https://paldinox.co.il/product/%d7%9e%d7%99%d7%9d-%d7%90%d7%97%d7%a8%d7%95%d7%a0%d7%99%d7%9d-%d7%a2%d7%a0%d7%a0%d7%99-%d7%a0%d7%97%d7%95%d7%a9%d7%aa-%d7%a9%d7%97%d7%95%d7%a8-%d7%a0%d7%99%d7%a8%d7%95%d7%a1%d7%98%d7%94-2/","not_at_supplier","active","https://paldinox.co.il/product/%d7%9e%d7%99%d7%9d-%d7%90%d7%97%d7%a8%d7%95%d7%a0%d7%99%d7%9d-%d7%a2%d7%a0%d7%a0%d7%99-%d7%a0%d7%97%d7%95%d7%a9%d7%aa-%d7%a9%d7%97%d7%95%d7%a8-%d7%a0%d7%99%d7%a8%d7%95%d7%a1%d7%98%d7%94-2/"
"cbWpeN7JAf8kcPOV9hxI","paldinox","סט 6 תחתיות ירושלים כסף עם לכה","https://paldinox.co.il/product/%d7%a1%d7%98-6-%d7%aa%d7%97%d7%aa%d7%99%d7%95%d7%aa-%d7%99%d7%a8%d7%95%d7%a9%d7%9c%d7%99%d7%9d-%d7%a6%d7%99%d7%a4%d7%95%d7%99-%d7%9b%d7%a1%d7%a3-%d7%9c%d7%9b%d7%94d13-5/","not_at_supplier","active","https://paldinox.co.il/product/%d7%a1%d7%98-6-%d7%aa%d7%97%d7%aa%d7%99%d7%95%d7%aa-%d7%99%d7%a8%d7%95%d7%a9%d7%9c%d7%99%d7%9d-%d7%a6%d7%99%d7%a4%d7%95%d7%99-%d7%9b%d7%a1%d7%a3-%d7%9c%d7%9b%d7%94d13-5/"
"dapbSodif1v5JJIYmMlM","paldinox","חנוכיית כסף טהור עם ציפוי לכה","https://paldinox.co.il/product/h29-21-%d7%97%d7%a0%d7%95%d7%9b%d7%99%d7%94-%d7%a6%d7%99%d7%a4%d7%95%d7%99-%d7%9b%d7%a1%d7%a3-%d7%9c%d7%9b%d7%94-2/","not_at_supplier","active","https://paldinox.co.il/product/h29-21-%d7%97%d7%a0%d7%95%d7%9b%d7%99%d7%94-%d7%a6%d7%99%d7%a4%d7%95%d7%99-%d7%9b%d7%a1%d7%a3-%d7%9c%d7%9b%d7%94-2/"
"dzptANKpVgobPtkSYREb","paldinox","H14 נטלה נירו’ שנהב","https://paldinox.co.il/product/h14-%d7%a0%d7%98%d7%9c%d7%94-%d7%a0%d7%99%d7%a8%d7%95-%d7%a9%d7%a0%d7%94%d7%91-2/","not_at_supplier","active","https://paldinox.co.il/product/h14-%d7%a0%d7%98%d7%9c%d7%94-%d7%a0%d7%99%d7%a8%d7%95-%d7%a9%d7%a0%d7%94%d7%91-2/"
"eGUArYgTcKuw6JVSOqrX","paldinox","מזוזה מוזהב עם כיתוב כסף – 15 ס""מ","https://paldinox.co.il/product/%d7%9e%d7%96%d7%95%d7%96%d7%94-%d7%9e%d7%95%d7%96%d7%94%d7%91-%d7%9b%d7%99%d7%aa%d7%95%d7%91-%d7%9b%d7%a1%d7%a3-15%d7%a1%d7%9e/","not_at_supplier","active","https://paldinox.co.il/product/%d7%9e%d7%96%d7%95%d7%96%d7%94-%d7%9e%d7%95%d7%96%d7%94%d7%91-%d7%9b%d7%99%d7%aa%d7%95%d7%91-%d7%9b%d7%a1%d7%a3-15%d7%a1%d7%9e/"
"eZLel6cr4EroDSEmMeI2","paldinox","לבשמים פסים מוכסף","https://paldinox.co.il/product/%d7%9c%d7%91%d7%a9%d7%9e%d7%99%d7%9d-%d7%a4%d7%a1%d7%99%d7%9d-%d7%9e%d7%95%d7%9b%d7%a1%d7%a3-2/","not_at_supplier","active","https://paldinox.co.il/product/%d7%9c%d7%91%d7%a9%d7%9e%d7%99%d7%9d-%d7%a4%d7%a1%d7%99%d7%9d-%d7%9e%d7%95%d7%9b%d7%a1%d7%a3-2/"
"eZiPzaQePgw8mSz3Ax8O","paldinox","מעמד למצה עיטור שושנים יH19","https://paldinox.co.il/product/%d7%9e%d7%a2%d7%9e%d7%93-%d7%9c%d7%9e%d7%a6%d7%94-%d7%a2%d7%99%d7%98%d7%95%d7%a8-%d7%a9%d7%95%d7%a9%d7%a0%d7%99%d7%9d-%d7%99h19/","not_at_supplier","active","https://paldinox.co.il/product/%d7%9e%d7%a2%d7%9e%d7%93-%d7%9c%d7%9e%d7%a6%d7%94-%d7%a2%d7%99%d7%98%d7%95%d7%a8-%d7%a9%d7%95%d7%a9%d7%a0%d7%99%d7%9d-%d7%99h19/"
"evoh4I6lfz6oSlpucdj2","paldinox","חנוכיית ""ניסים"" אלומיניום שחורה – 27 ס""מ","https://paldinox.co.il/product/%d7%97%d7%a0%d7%95%d7%9b%d7%99%d7%94-%d7%a0%d7%99%d7%a1%d7%99%d7%9d-%d7%a9%d7%97%d7%95%d7%a8%d7%94-%d7%90%d7%9c%d7%95%d7%9e%d7%99%d7%a0%d7%99%d7%95%d7%9d-%d7%92%d7%95%d7%91%d7%94-19-%d7%a8%d7%95%d7-2/","not_at_supplier","active","https://paldinox.co.il/product/%d7%97%d7%a0%d7%95%d7%9b%d7%99%d7%94-%d7%a0%d7%99%d7%a1%d7%99%d7%9d-%d7%a9%d7%97%d7%95%d7%a8%d7%94-%d7%90%d7%9c%d7%95%d7%9e%d7%99%d7%a0%d7%99%d7%95%d7%9d-%d7%92%d7%95%d7%91%d7%94-19-%d7%a8%d7%95%d7-2/"
"fJrDlL59JJFgyS3N1WQ3","paldinox","נטלה אקרילית שחור ואפור לשטיפת ידיים","https://paldinox.co.il/product/%d7%a0%d7%98%d7%9c%d7%94-%d7%90%d7%a7%d7%a8%d7%99%d7%9c%d7%99%d7%aa-%d7%a9%d7%97%d7%95%d7%a8-%d7%90%d7%a4%d7%95%d7%a8-%d7%93%d7%95%d7%92%d7%9e%d7%aa-%d7%97%d7%9c%d7%95%d7%a7%d7%99-%d7%a0%d7%97%d7%9c-2/","not_at_supplier","active","https://paldinox.co.il/product/%d7%a0%d7%98%d7%9c%d7%94-%d7%90%d7%a7%d7%a8%d7%99%d7%9c%d7%99%d7%aa-%d7%a9%d7%97%d7%95%d7%a8-%d7%90%d7%a4%d7%95%d7%a8-%d7%93%d7%95%d7%92%d7%9e%d7%aa-%d7%97%d7%9c%d7%95%d7%a7%d7%99-%d7%a0%d7%97%d7%9c-2/"
"h9TUo8Sbt0LywTSAzoAU","paldinox","סט נטילת ידיים כסף עם פס ריקוע","https://paldinox.co.il/product/%d7%a1%d7%98-%d7%a0%d7%98%d7%99%d7%9c%d7%aa-%d7%99%d7%93%d7%99%d7%99%d7%9d-%d7%a0%d7%99%d7%a8%d7%95-%d7%a4%d7%a1-%d7%a8%d7%99%d7%a7%d7%95%d7%a2-%d7%9b%d7%a1%d7%a3-2/","not_at_supplier","active","https://paldinox.co.il/product/%d7%a1%d7%98-%d7%a0%d7%98%d7%99%d7%9c%d7%aa-%d7%99%d7%93%d7%99%d7%99%d7%9d-%d7%a0%d7%99%d7%a8%d7%95-%d7%a4%d7%a1-%d7%a8%d7%99%d7%a7%d7%95%d7%a2-%d7%9b%d7%a1%d7%a3-2/"
"iJppKO7IopKD1wmJpLsI","paldinox","מעמד בשמים הבדלה בשילוב כסף וזהב","https://paldinox.co.il/product/%d7%9e%d7%a2%d7%9e%d7%93-%d7%9c%d7%91%d7%a9%d7%9e%d7%99%d7%9d-%d7%a4%d7%99%d7%9c%d7%92%d7%a8%d7%99%d7%9d-%d7%9b%d7%a1%d7%a3-%d7%96%d7%94%d7%91-2/","not_at_supplier","active","https://paldinox.co.il/product/%d7%9e%d7%a2%d7%9e%d7%93-%d7%9c%d7%91%d7%a9%d7%9e%d7%99%d7%9d-%d7%a4%d7%99%d7%9c%d7%92%d7%a8%d7%99%d7%9d-%d7%9b%d7%a1%d7%a3-%d7%96%d7%94%d7%91-2/"
"j3n8lZElunQCKn28RaLp","paldinox","מלחיה פתוחה בודדת על בסיס זכוכית עם כפית","https://paldinox.co.il/product/%d7%9e%d7%9c%d7%97%d7%99%d7%94-%d7%a4%d7%aa%d7%95%d7%97%d7%94-%d7%91%d7%95%d7%93%d7%93%d7%aa-%d7%a2%d7%9c-%d7%9e%d7%a2%d7%9e%d7%93-%d7%96%d7%9b%d7%95%d7%9b%d7%99%d7%aa%d7%9b%d7%a4%d7%99%d7%aa/","not_at_supplier","active","https://paldinox.co.il/product/%d7%9e%d7%9c%d7%97%d7%99%d7%94-%d7%a4%d7%aa%d7%95%d7%97%d7%94-%d7%91%d7%95%d7%93%d7%93%d7%aa-%d7%a2%d7%9c-%d7%9e%d7%a2%d7%9e%d7%93-%d7%96%d7%9b%d7%95%d7%9b%d7%99%d7%aa%d7%9b%d7%a4%d7%99%d7%aa/"
"jCIinRvecT9XZ2EFYVSq","paldinox","ברכון מניפה מעץ לבן וכסף","https://paldinox.co.il/product/%d7%91%d7%a8%d7%9b%d7%95%d7%9f-%d7%9e%d7%a0%d7%99%d7%a4%d7%94-%d7%a2%d7%a5-%d7%9c%d7%91%d7%9f-%d7%9b%d7%a1%d7%a312-2/","not_at_supplier","active","https://paldinox.co.il/product/%d7%91%d7%a8%d7%9b%d7%95%d7%9f-%d7%9e%d7%a0%d7%99%d7%a4%d7%94-%d7%a2%d7%a5-%d7%9c%d7%91%d7%9f-%d7%9b%d7%a1%d7%a312-2/"
"jJf8uHvkGA8el2qWpas6","paldinox","מזוזה ארט דקו לבן וזהב עם כיתוב זהב","https://paldinox.co.il/product/%d7%9e%d7%96%d7%95%d7%96%d7%94-art-deco-%d7%9c%d7%91%d7%9f-%d7%96%d7%94%d7%91-%d7%9b%d7%99%d7%aa%d7%95%d7%91-%d7%96%d7%94%d7%91-12%d7%a1%d7%9e/","not_at_supplier","active","https://paldinox.co.il/product/%d7%9e%d7%96%d7%95%d7%96%d7%94-art-deco-%d7%9c%d7%91%d7%9f-%d7%96%d7%94%d7%91-%d7%9b%d7%99%d7%aa%d7%95%d7%91-%d7%96%d7%94%d7%91-12%d7%a1%d7%9e/"
"jJxFA74y4im1x60exubQ","paldinox","מזוזה ארט דקו שחור וזהב עם כיתוב כסף","https://paldinox.co.il/product/%d7%9e%d7%96%d7%95%d7%96%d7%94-art-deco-%d7%a9%d7%97%d7%95%d7%a8-%d7%96%d7%94%d7%91-%d7%9b%d7%99%d7%aa%d7%95%d7%91-%d7%9b%d7%a1%d7%a3-15%d7%a1%d7%9e/","not_at_supplier","active","https://paldinox.co.il/product/%d7%9e%d7%96%d7%95%d7%96%d7%94-art-deco-%d7%a9%d7%97%d7%95%d7%a8-%d7%96%d7%94%d7%91-%d7%9b%d7%99%d7%aa%d7%95%d7%91-%d7%9b%d7%a1%d7%a3-15%d7%a1%d7%9e/"
"jShOiw2ajbTV5H5unpJx","paldinox","סט מלח ופלפל קריסטל מרובע זהב","https://paldinox.co.il/product/%d7%9e%d7%9c%d7%97-%d7%a4%d7%9c%d7%a4%d7%9c-%d7%a7%d7%a8%d7%99%d7%a1%d7%98%d7%9c-%d7%9e%d7%a8%d7%95%d7%91%d7%a2-5-%d7%a1%d7%9e-%d7%96%d7%94%d7%91-2/","not_at_supplier","active","https://paldinox.co.il/product/%d7%9e%d7%9c%d7%97-%d7%a4%d7%9c%d7%a4%d7%9c-%d7%a7%d7%a8%d7%99%d7%a1%d7%98%d7%9c-%d7%9e%d7%a8%d7%95%d7%91%d7%a2-5-%d7%a1%d7%9e-%d7%96%d7%94%d7%91-2/"
"kHiwGNLJxqFIK4Xv4K60","paldinox","מילחיות קריסטל פתוחות בעיטור זהב","https://paldinox.co.il/product/%d7%a7%d7%a8%d7%99%d7%a1%d7%98%d7%9c-%d7%9e%d7%99%d7%9c%d7%97%d7%99%d7%95%d7%aa-%d7%a4%d7%aa%d7%95%d7%97%d7%95%d7%aa-%d7%a2%d7%99%d7%98%d7%95%d7%a8-%d7%96%d7%94%d7%91-10%d7%a1%d7%9e-2/","not_at_supplier","active","https://paldinox.co.il/product/%d7%a7%d7%a8%d7%99%d7%a1%d7%98%d7%9c-%d7%9e%d7%99%d7%9c%d7%97%d7%99%d7%95%d7%aa-%d7%a4%d7%aa%d7%95%d7%97%d7%95%d7%aa-%d7%a2%d7%99%d7%98%d7%95%d7%a8-%d7%96%d7%94%d7%91-10%d7%a1%d7%9e-2/"
"kIfFtF8buLdQtoJ7T8gE","paldinox","נטלה לשטיפת ידיים לבן וזהב","https://paldinox.co.il/product/h13-5-%d7%a0%d7%98%d7%9c%d7%94-%d7%a0%d7%99%d7%a8%d7%95-%d7%9c%d7%91%d7%9f-%d7%96%d7%94%d7%91-2/","not_at_supplier","active","https://paldinox.co.il/product/h13-5-%d7%a0%d7%98%d7%9c%d7%94-%d7%a0%d7%99%d7%a8%d7%95-%d7%9c%d7%91%d7%9f-%d7%96%d7%94%d7%91-2/"
"kLpCeBN0UbVSIUW0X81o","paldinox","סט נטילת ידיים אמייל גלים שנהב / זהב נירוסטה","https://paldinox.co.il/product/%d7%a1%d7%98-%d7%a0%d7%98%d7%99%d7%9c%d7%aa-%d7%99%d7%93%d7%99%d7%99%d7%9d-%d7%90%d7%9e%d7%99%d7%99%d7%9c-%d7%92%d7%9c%d7%99%d7%9d-%d7%a9%d7%a0%d7%94%d7%91-%d7%96%d7%94%d7%91-%d7%a0%d7%99%d7%a8/","not_at_supplier","active","https://paldinox.co.il/product/%d7%a1%d7%98-%d7%a0%d7%98%d7%99%d7%9c%d7%aa-%d7%99%d7%93%d7%99%d7%99%d7%9d-%d7%90%d7%9e%d7%99%d7%99%d7%9c-%d7%92%d7%9c%d7%99%d7%9d-%d7%a9%d7%a0%d7%94%d7%91-%d7%96%d7%94%d7%91-%d7%a0%d7%99%d7%a8/"
"kmAfhUnHwXqs2RcH8W5N","paldinox","מי אחרונים עם אבנים בנירוסטה כסף","https://paldinox.co.il/product/%d7%9e%d7%99%d7%9d-%d7%90%d7%97%d7%a8%d7%95%d7%a0%d7%99%d7%9d-%d7%90%d7%91%d7%a0%d7%99%d7%9d-%d7%91%d7%9b%d7%a1%d7%a3-%d7%a0%d7%99%d7%a8%d7%95%d7%a1%d7%98%d7%94/","not_at_supplier","active","https://paldinox.co.il/product/%d7%9e%d7%99%d7%9d-%d7%90%d7%97%d7%a8%d7%95%d7%a0%d7%99%d7%9d-%d7%90%d7%91%d7%a0%d7%99%d7%9d-%d7%91%d7%9b%d7%a1%d7%a3-%d7%a0%d7%99%d7%a8%d7%95%d7%a1%d7%98%d7%94/"
"kohFreWhsDKsx7ieALyc","paldinox","מי אחרונים כסף מבריק","https://paldinox.co.il/product/%d7%9e%d7%99%d7%9d-%d7%90%d7%97%d7%a8%d7%95%d7%a0%d7%99%d7%9d-%d7%9b%d7%a1%d7%95%d7%a3-%d7%9e%d7%91%d7%a8%d7%99%d7%a7-3/","not_at_supplier","active","https://paldinox.co.il/product/%d7%9e%d7%99%d7%9d-%d7%90%d7%97%d7%a8%d7%95%d7%a0%d7%99%d7%9d-%d7%9b%d7%a1%d7%95%d7%a3-%d7%9e%d7%91%d7%a8%d7%99%d7%a7-3/"
"l8aEubiKEIcUeZq9huWv","paldinox","מים אחרונים אמייל שחור גלים כסף","https://paldinox.co.il/product/%d7%9e%d7%99%d7%9d-%d7%90%d7%97%d7%a8%d7%95%d7%a0%d7%99%d7%9d-%d7%90%d7%9e%d7%99%d7%99%d7%9c-%d7%a9%d7%97%d7%95%d7%a8-%d7%92%d7%9c%d7%99%d7%9d-%d7%9b%d7%a1%d7%a3-2/","not_at_supplier","active","https://paldinox.co.il/product/%d7%9e%d7%99%d7%9d-%d7%90%d7%97%d7%a8%d7%95%d7%a0%d7%99%d7%9d-%d7%90%d7%9e%d7%99%d7%99%d7%9c-%d7%a9%d7%97%d7%95%d7%a8-%d7%92%d7%9c%d7%99%d7%9d-%d7%9b%d7%a1%d7%a3-2/"
"lkhIGZRqNQEkdzzGsP0Z","paldinox","נטלה אקרילית אדום כתום הדרגתי “שקיעה” וידיות שקופות","https://paldinox.co.il/product/%d7%a0%d7%98%d7%9c%d7%94-%d7%90%d7%a7%d7%a8%d7%99%d7%9c%d7%99%d7%aa-%d7%90%d7%93%d7%95%d7%9d-%d7%9b%d7%aa%d7%95%d7%9d-%d7%94%d7%93%d7%a8%d7%92%d7%aa%d7%99-%d7%a9%d7%a7%d7%99%d7%a2%d7%94-%d7%95-2/","not_at_supplier","active","https://paldinox.co.il/product/%d7%a0%d7%98%d7%9c%d7%94-%d7%90%d7%a7%d7%a8%d7%99%d7%9c%d7%99%d7%aa-%d7%90%d7%93%d7%95%d7%9d-%d7%9b%d7%aa%d7%95%d7%9d-%d7%94%d7%93%d7%a8%d7%92%d7%aa%d7%99-%d7%a9%d7%a7%d7%99%d7%a2%d7%94-%d7%95-2/"
"mLMrSonDb1Q2VzXiQsNj","paldinox","נטלה נירו' Golden Pine לשטיפת ידיים","https://paldinox.co.il/product/h13-%d7%a0%d7%98%d7%9c%d7%94-%d7%a0%d7%99%d7%a8%d7%95-golden-pine/","not_at_supplier","active","https://paldinox.co.il/product/h13-%d7%a0%d7%98%d7%9c%d7%94-%d7%a0%d7%99%d7%a8%d7%95-golden-pine/"
"mNCe4YENbKwGqHWFcK2L","paldinox","H13.5 נטלה ציפוי כסף “נטילת ידיים”","https://paldinox.co.il/product/h13-5-%d7%a0%d7%98%d7%9c%d7%94-%d7%a6%d7%99%d7%a4%d7%95%d7%99-%d7%9b%d7%a1%d7%a3-%d7%a0%d7%98%d7%99%d7%9c%d7%aa-%d7%99%d7%93%d7%99%d7%99%d7%9d-2/","not_at_supplier","active","https://paldinox.co.il/product/h13-5-%d7%a0%d7%98%d7%9c%d7%94-%d7%a6%d7%99%d7%a4%d7%95%d7%99-%d7%9b%d7%a1%d7%a3-%d7%a0%d7%98%d7%99%d7%9c%d7%aa-%d7%99%d7%93%d7%99%d7%99%d7%9d-2/"
"nm1Ygi0rSebgSyqb30Uv","paldinox","h19/7 קופסא למצה קריסטל marble שחור","https://paldinox.co.il/product/h19-7-%d7%a7%d7%95%d7%a4%d7%a1%d7%90-%d7%9c%d7%9e%d7%a6%d7%94-%d7%a7%d7%a8%d7%99%d7%a1%d7%98%d7%9c-marble-%d7%a9%d7%97%d7%95%d7%a8-2/","not_at_supplier","active","https://paldinox.co.il/product/h19-7-%d7%a7%d7%95%d7%a4%d7%a1%d7%90-%d7%9c%d7%9e%d7%a6%d7%94-%d7%a7%d7%a8%d7%99%d7%a1%d7%98%d7%9c-marble-%d7%a9%d7%97%d7%95%d7%a8-2/"
"o0V0okI72aOl6fhDQYOg","paldinox","קופת צדקה נירוסטה מעוייני זהב","https://paldinox.co.il/product/%d7%a7%d7%95%d7%a4%d7%aa-%d7%a6%d7%93%d7%a7%d7%94-%d7%a0%d7%99%d7%a8%d7%95%d7%a1%d7%98%d7%94-%d7%9e%d7%a2%d7%95%d7%99%d7%99%d7%a0%d7%99%d7%9d-%d7%9e%d7%95%d7%96%d7%94%d7%91-2/","not_at_supplier","active","https://paldinox.co.il/product/%d7%a7%d7%95%d7%a4%d7%aa-%d7%a6%d7%93%d7%a7%d7%94-%d7%a0%d7%99%d7%a8%d7%95%d7%a1%d7%98%d7%94-%d7%9e%d7%a2%d7%95%d7%99%d7%99%d7%a0%d7%99%d7%9d-%d7%9e%d7%95%d7%96%d7%94%d7%91-2/"
"o2gFUNFJ1oKqley5yoWI","paldinox","מלחיה זכוכית עם כריות","https://paldinox.co.il/product/%d7%9e%d7%9c%d7%97%d7%99%d7%94-%d7%91%d7%95%d7%93%d7%93-%d7%96%d7%9b%d7%95%d7%9b%d7%99%d7%aa-%d7%9b%d7%a8%d7%99%d7%95%d7%aa/","not_at_supplier","active","https://paldinox.co.il/product/%d7%9e%d7%9c%d7%97%d7%99%d7%94-%d7%91%d7%95%d7%93%d7%93-%d7%96%d7%9b%d7%95%d7%9b%d7%99%d7%aa-%d7%9b%d7%a8%d7%99%d7%95%d7%aa/"
"p2ZTFKKIBCgE9q9iO6fP","paldinox","נטלה בציפוי כסף עם עיצוב גלים","https://paldinox.co.il/product/h13-5-%d7%a0%d7%98%d7%9c%d7%94-%d7%92%d7%9c%d7%99%d7%9d-%d7%a6%d7%99%d7%a4%d7%95%d7%99-%d7%9b%d7%a1%d7%a3/","not_at_supplier","active","https://paldinox.co.il/product/h13-5-%d7%a0%d7%98%d7%9c%d7%94-%d7%92%d7%9c%d7%99%d7%9d-%d7%a6%d7%99%d7%a4%d7%95%d7%99-%d7%9b%d7%a1%d7%a3/"
"qVEepUpNFt275APTTpKs","paldinox","כלי חרוסת ודיבשית בעיצוב זהב","https://paldinox.co.il/product/%d7%9b%d7%9c%d7%99-%d7%9c%d7%97%d7%a8%d7%95%d7%a1%d7%aa-%d7%93%d7%99%d7%91%d7%a9%d7%99%d7%aa-%d7%99%d7%93%d7%99%d7%aa-%d7%96%d7%94%d7%91-3/","not_at_supplier","active","https://paldinox.co.il/product/%d7%9b%d7%9c%d7%99-%d7%9c%d7%97%d7%a8%d7%95%d7%a1%d7%aa-%d7%93%d7%99%d7%91%d7%a9%d7%99%d7%aa-%d7%99%d7%93%d7%99%d7%aa-%d7%96%d7%94%d7%91-3/"
"rxCAT9zLtmO0lkuB1oDp","paldinox","נטלה אקרילית סגול הדרגתי עם ידיות שקופות","https://paldinox.co.il/product/%d7%a0%d7%98%d7%9c%d7%94-%d7%90%d7%a7%d7%a8%d7%99%d7%9c%d7%99%d7%aa-%d7%a1%d7%92%d7%95%d7%9c-%d7%94%d7%93%d7%a8%d7%92%d7%aa%d7%99-%d7%95%d7%99%d7%93%d7%99%d7%95%d7%aa-%d7%a9%d7%a7%d7%95%d7%a4%d7%95-2/","not_at_supplier","active","https://paldinox.co.il/product/%d7%a0%d7%98%d7%9c%d7%94-%d7%90%d7%a7%d7%a8%d7%99%d7%9c%d7%99%d7%aa-%d7%a1%d7%92%d7%95%d7%9c-%d7%94%d7%93%d7%a8%d7%92%d7%aa%d7%99-%d7%95%d7%99%d7%93%d7%99%d7%95%d7%aa-%d7%a9%d7%a7%d7%95%d7%a4%d7%95-2/"
"skmlX928bgDGlUzjWTQj","paldinox","סט 6 תחתיות ניקל לכוסות","https://paldinox.co.il/product/%d7%a1%d7%98-6-%d7%aa%d7%97%d7%aa%d7%99%d7%95%d7%aa-%d7%a0%d7%99%d7%a7%d7%9c-2/","not_at_supplier","active","https://paldinox.co.il/product/%d7%a1%d7%98-6-%d7%aa%d7%97%d7%aa%d7%99%d7%95%d7%aa-%d7%a0%d7%99%d7%a7%d7%9c-2/"
"tJ2MKZk8JmBM09aIIKVB","paldinox","מזוזה art deco לבן/זהב כיתוב זהב 15סמ","https://paldinox.co.il/product/%d7%9e%d7%96%d7%95%d7%96%d7%94-art-deco-%d7%9c%d7%91%d7%9f-%d7%96%d7%94%d7%91-%d7%9b%d7%99%d7%aa%d7%95%d7%91-%d7%96%d7%94%d7%91-15%d7%a1%d7%9e/","not_at_supplier","active","https://paldinox.co.il/product/%d7%9e%d7%96%d7%95%d7%96%d7%94-art-deco-%d7%9c%d7%91%d7%9f-%d7%96%d7%94%d7%91-%d7%9b%d7%99%d7%aa%d7%95%d7%91-%d7%96%d7%94%d7%91-15%d7%a1%d7%9e/"
"uXEMnX5wlp8CfDcfl9BS","paldinox","מזוזה מוזהב עם כיתוב כסף – 12 ס״מ","https://paldinox.co.il/product/%d7%9e%d7%96%d7%95%d7%96%d7%94-%d7%9e%d7%95%d7%96%d7%94%d7%91-%d7%9b%d7%99%d7%aa%d7%95%d7%91-%d7%9b%d7%a1%d7%a3-12%d7%a1%d7%9e/","not_at_supplier","active","https://paldinox.co.il/product/%d7%9e%d7%96%d7%95%d7%96%d7%94-%d7%9e%d7%95%d7%96%d7%94%d7%91-%d7%9b%d7%99%d7%aa%d7%95%d7%91-%d7%9b%d7%a1%d7%a3-12%d7%a1%d7%9e/"
"vPb8fgc3lwXluTmq2eQM","paldinox","ברכון עץ כסף לשאת תפילות","https://paldinox.co.il/product/%d7%91%d7%a8%d7%9b%d7%95%d7%9f-%d7%a2%d7%a5-%d7%9b%d7%a1%d7%a3-2/","not_at_supplier","active","https://paldinox.co.il/product/%d7%91%d7%a8%d7%9b%d7%95%d7%9f-%d7%a2%d7%a5-%d7%9b%d7%a1%d7%a3-2/"
"xAdfMlqRVsyQt4PSTDRE","paldinox","מגש מראה אובלי כסוף לשבת קודש","https://paldinox.co.il/product/43x30-%d7%9e%d7%92%d7%a9-%d7%9e%d7%a8%d7%90%d7%94-%d7%90%d7%95%d7%91%d7%9c%d7%99-%d7%9c%d7%9b%d7%91%d7%95%d7%93-%d7%a9%d7%91%d7%aa-%d7%a7%d7%95%d7%93%d7%a9-%d7%a8%d7%a9%d7%aa-%d7%9b%d7%a1%d7%a3/","not_at_supplier","active","https://paldinox.co.il/product/43x30-%d7%9e%d7%92%d7%a9-%d7%9e%d7%a8%d7%90%d7%94-%d7%90%d7%95%d7%91%d7%9c%d7%99-%d7%9c%d7%9b%d7%91%d7%95%d7%93-%d7%a9%d7%91%d7%aa-%d7%a7%d7%95%d7%93%d7%a9-%d7%a8%d7%a9%d7%aa-%d7%9b%d7%a1%d7%a3/"
"xWHBx9rD3NXXMulcwXmg","paldinox","קופסת מצה קריסטל עם עיטור אבנים","https://paldinox.co.il/product/%d7%a7%d7%95%d7%a4%d7%a1%d7%90-%d7%9c%d7%9e%d7%a6%d7%94-h18-%d7%a7%d7%a8%d7%99%d7%a1%d7%98%d7%9c-%d7%a2%d7%99%d7%98%d7%95%d7%a8-%d7%90%d7%91%d7%a0%d7%99%d7%9d-2/","not_at_supplier","active","https://paldinox.co.il/product/%d7%a7%d7%95%d7%a4%d7%a1%d7%90-%d7%9c%d7%9e%d7%a6%d7%94-h18-%d7%a7%d7%a8%d7%99%d7%a1%d7%98%d7%9c-%d7%a2%d7%99%d7%98%d7%95%d7%a8-%d7%90%d7%91%d7%a0%d7%99%d7%9d-2/"
"yndhAN7byJn9Hjqi4mHR","paldinox","מים אחרונים בשילוב כסף וזהב","https://paldinox.co.il/product/%d7%9e%d7%99%d7%9d-%d7%90%d7%97%d7%a8%d7%95%d7%a0%d7%99%d7%9d-%d7%a4%d7%a1%d7%99%d7%9d-%d7%9b%d7%a1%d7%a3-%d7%96%d7%94%d7%91-%d7%a6%d7%99%d7%a4%d7%95%d7%99-%d7%9c%d7%9b%d7%94/","not_at_supplier","active","https://paldinox.co.il/product/%d7%9e%d7%99%d7%9d-%d7%90%d7%97%d7%a8%d7%95%d7%a0%d7%99%d7%9d-%d7%a4%d7%a1%d7%99%d7%9d-%d7%9b%d7%a1%d7%a3-%d7%96%d7%94%d7%91-%d7%a6%d7%99%d7%a4%d7%95%d7%99-%d7%9c%d7%9b%d7%94/"
"z1lFFMeA4iXNRAk7UbBp","paldinox","מחלק יין מכסף לשנים עשר כוסות בעיצוב ענבים","https://paldinox.co.il/product/%d7%9e%d7%97%d7%9c%d7%a7-%d7%99%d7%99%d7%9f-12-%d7%9b%d7%95%d7%a1%d7%95%d7%aa-%d7%a2%d7%a0%d7%91%d7%99%d7%9d-%d7%a6%d7%99%d7%a4%d7%95%d7%99-%d7%9b%d7%a1%d7%a3-%d7%92%d7%95%d7%91%d7%94-52-%d7%a1/","not_at_supplier","active","https://paldinox.co.il/product/%d7%9e%d7%97%d7%9c%d7%a7-%d7%99%d7%99%d7%9f-12-%d7%9b%d7%95%d7%a1%d7%95%d7%aa-%d7%a2%d7%a0%d7%91%d7%99%d7%9d-%d7%a6%d7%99%d7%a4%d7%95%d7%99-%d7%9b%d7%a1%d7%a3-%d7%92%d7%95%d7%91%d7%94-52-%d7%a1/"
"z3hkJghuPPuPLkK7teE2","paldinox","נטלה נירוסטה עם פס שיש מוזהב","https://paldinox.co.il/product/h14-%d7%a0%d7%98%d7%9c%d7%94-%d7%a0%d7%99%d7%a8%d7%95-%d7%a4%d7%a1-%d7%a9%d7%99%d7%a9-%d7%9e%d7%95%d7%96%d7%94%d7%91-2/","not_at_supplier","active","https://paldinox.co.il/product/h14-%d7%a0%d7%98%d7%9c%d7%94-%d7%a0%d7%99%d7%a8%d7%95-%d7%a4%d7%a1-%d7%a9%d7%99%d7%a9-%d7%9e%d7%95%d7%96%d7%94%d7%91-2/"
"zCF55oLwoBRjTwFBGnpR","paldinox","סוכרון דבש זכוכית עם כפית מתכת ניקל","https://paldinox.co.il/product/%d7%a1%d7%95%d7%9b%d7%a8%d7%95%d7%9f-%d7%9b%d7%9c%d7%99-%d7%9c%d7%93%d7%91%d7%a9-%d7%96%d7%9b%d7%95%d7%9b%d7%99%d7%aa-%d7%91%d7%a1%d7%99%d7%a1-%d7%9e%d7%9b%d7%a1%d7%94-%d7%95%d7%9b%d7%a4%d7%99%d7%aa-7/","not_at_supplier","active","https://paldinox.co.il/product/%d7%a1%d7%95%d7%9b%d7%a8%d7%95%d7%9f-%d7%9b%d7%9c%d7%99-%d7%9c%d7%93%d7%91%d7%a9-%d7%96%d7%9b%d7%95%d7%9b%d7%99%d7%aa-%d7%91%d7%a1%d7%99%d7%a1-%d7%9e%d7%9b%d7%a1%d7%94-%d7%95%d7%9b%d7%a4%d7%99%d7%aa-7/"