supplier,holiday,sku,name,price,supplierPrice,variants,images,url
mysiddurname,חנוכה,MSN-823-232,"ספר הקידוש בעיצוב אישי עם כריכה רכה בצבע לבן",34.9,34.9,0,3,https://mysiddurname.co.il/product/%d7%a1%d7%a4%d7%a8-%d7%94%d7%a7%d7%99%d7%93%d7%95%d7%a9-%d7%9b%d7%a8%d7%99%d7%9b%d7%94-%d7%a8%d7%9b%d7%94-%d7%91%d7%a6%d7%91%d7%a2-%d7%9c%d7%91%d7%9f-%d7%91%d7%a2%d7%99%d7%a6%d7%95%d7%91-%d7%90/
mysiddurname,חנוכה,MSN-2f458ef30b46,"סדר הדלקת נרות חנוכה כריכה רכה – לבן",10.9,10.9,0,3,https://mysiddurname.co.il/product/%d7%a1%d7%93%d7%a8-%d7%94%d7%93%d7%9c%d7%a7%d7%aa-%d7%a0%d7%a8%d7%95%d7%aa-%d7%97%d7%a0%d7%95%d7%9b%d7%94-%d7%9b%d7%a8%d7%99%d7%9b%d7%94-%d7%a8%d7%9b%d7%94-%d7%9c%d7%91%d7%9f/
mysiddurname,חנוכה,MSN-970ff30ea15c,"סדר הדלקת נרות חנוכה כריכה רכה – אפור כהה",10.9,10.9,0,3,https://mysiddurname.co.il/product/%d7%a1%d7%93%d7%a8-%d7%94%d7%93%d7%9c%d7%a7%d7%aa-%d7%a0%d7%a8%d7%95%d7%aa-%d7%97%d7%a0%d7%95%d7%9b%d7%94-%d7%9b%d7%a8%d7%99%d7%9b%d7%94-%d7%a8%d7%9b%d7%94-%d7%90%d7%a4%d7%95%d7%a8-%d7%9b%d7%94/
mysiddurname,חנוכה,MSN-529bcf489da3,"סדר הדלקת נרות חנוכה כריכה קשה – שמנת",24.9,24.9,0,3,https://mysiddurname.co.il/product/%d7%a1%d7%93%d7%a8-%d7%94%d7%93%d7%9c%d7%a7%d7%aa-%d7%a0%d7%a8%d7%95%d7%aa-%d7%97%d7%a0%d7%95%d7%9b%d7%94-%d7%9b%d7%a8%d7%99%d7%9b%d7%94-%d7%a7%d7%a9%d7%94-%d7%a9%d7%9e%d7%a0%d7%aa/
mysiddurname,חנוכה,MSN-3725ca632443,"סדר הדלקת נרות חנוכה כריכה קשה – אפור כהה",24.9,24.9,0,3,https://mysiddurname.co.il/product/%d7%a1%d7%93%d7%a8-%d7%94%d7%93%d7%9c%d7%a7%d7%aa-%d7%a0%d7%a8%d7%95%d7%aa-%d7%97%d7%a0%d7%95%d7%9b%d7%94-%d7%9b%d7%a8%d7%99%d7%9b%d7%94-%d7%a7%d7%a9%d7%94-%d7%90%d7%a4%d7%95%d7%a8-%d7%9b%d7%94/
mysiddurname,חנוכה,MSN-ccc5a81c8605,"סדר הדלקת נרות חנוכה כריכה רכה – שמנת",10.9,10.9,0,3,https://mysiddurname.co.il/product/%d7%a1%d7%93%d7%a8-%d7%94%d7%93%d7%9c%d7%a7%d7%aa-%d7%a0%d7%a8%d7%95%d7%aa-%d7%97%d7%a0%d7%95%d7%9b%d7%94-%d7%9b%d7%a8%d7%99%d7%9b%d7%94-%d7%a8%d7%9b%d7%94-%d7%a9%d7%9e%d7%a0%d7%aa/
mysiddurname,חנוכה,MSN-e2c86eb44065,"סדר הדלקת נרות חנוכה כריכה קשה – לבן",24.9,24.9,0,3,https://mysiddurname.co.il/product/%d7%a1%d7%93%d7%a8-%d7%94%d7%93%d7%9c%d7%a7%d7%aa-%d7%a0%d7%a8%d7%95%d7%aa-%d7%97%d7%a0%d7%95%d7%9b%d7%94-%d7%9b%d7%a8%d7%99%d7%9b%d7%94-%d7%a7%d7%a9%d7%94-%d7%9c%d7%91%d7%9f/
mysiddurname,חנוכה,MSN-154,"סדר הדלקת נר חנוכה אקרילי כסף",79,79,0,1,https://mysiddurname.co.il/product/%d7%a1%d7%93%d7%a8-%d7%94%d7%93%d7%9c%d7%a7%d7%aa-%d7%a0%d7%a8-%d7%97%d7%a0%d7%95%d7%9b%d7%94-%d7%90%d7%a7%d7%a8%d7%99%d7%9c%d7%99-%d7%9b%d7%a1%d7%a3/
mysiddurname,חנוכה,MSN-5da48b85f5de,"ברכון חנוכה דגם תלת מימד",7.9,7.9,0,2,https://mysiddurname.co.il/product/%d7%91%d7%a8%d7%9b%d7%95%d7%9f-%d7%97%d7%a0%d7%95%d7%9b%d7%94-%d7%93%d7%92%d7%9d-%d7%aa%d7%9c%d7%aa-%d7%9e%d7%99%d7%9e%d7%93/
mysiddurname,חנוכה,MSN-9207,"ספרון חנוכה דמוי עור כריכה קשה גדול",41.9,41.9,0,2,https://mysiddurname.co.il/product/%d7%a1%d7%a4%d7%a8%d7%95%d7%9f-%d7%97%d7%a0%d7%95%d7%9b%d7%94-%d7%93%d7%9e%d7%95%d7%99-%d7%a2%d7%95%d7%a8-%d7%9b%d7%a8%d7%99%d7%9b%d7%94-%d7%a7%d7%a9%d7%94-%d7%92%d7%93%d7%95%d7%9c/
mysiddurname,חנוכה,MSN-9204,"ספרון חנוכה דמוי עור קשה דגם חלון",39.9,39.9,0,2,https://mysiddurname.co.il/product/%d7%a1%d7%a4%d7%a8%d7%95%d7%9f-%d7%97%d7%a0%d7%95%d7%9b%d7%94-%d7%93%d7%9e%d7%95%d7%99-%d7%a2%d7%95%d7%a8-%d7%a7%d7%a9%d7%94-%d7%93%d7%92%d7%9d-%d7%97%d7%9c%d7%95%d7%9f/
mysiddurname,חנוכה,MSN-9202,"ספרון חנוכה דגם מכבים",11.9,11.9,0,1,https://mysiddurname.co.il/product/%d7%a1%d7%a4%d7%a8%d7%95%d7%9f-%d7%97%d7%a0%d7%95%d7%9b%d7%94-%d7%93%d7%92%d7%9d-%d7%9e%d7%9b%d7%91%d7%99%d7%9d/
mysiddurname,חנוכה,MSN-9200,"ספרון חנוכה דגם מדליה",11.9,11.9,0,1,https://mysiddurname.co.il/product/%d7%a1%d7%a4%d7%a8%d7%95%d7%9f-%d7%97%d7%a0%d7%95%d7%9b%d7%94-%d7%93%d7%92%d7%9d-%d7%9e%d7%93%d7%9c%d7%99%d7%94/
mysiddurname,חנוכה,MSN-9198,"ברכון חנוכה דגם מעוז – כחול",7.9,7.9,0,1,https://mysiddurname.co.il/product/%d7%91%d7%a8%d7%9b%d7%95%d7%9f-%d7%97%d7%a0%d7%95%d7%9b%d7%94-%d7%93%d7%92%d7%9d-%d7%9e%d7%a2%d7%95%d7%96-%d7%9b%d7%97%d7%95%d7%9c/
mysiddurname,חנוכה,MSN-8261,"ספר הקידוש כריכה קשה – לבן כסף",38.9,38.9,0,2,https://mysiddurname.co.il/product/%d7%a1%d7%a4%d7%a8-%d7%94%d7%a7%d7%99%d7%93%d7%95%d7%a9-%d7%9b%d7%a8%d7%99%d7%9b%d7%94-%d7%a7%d7%a9%d7%94-%d7%9c%d7%91%d7%9f-%d7%9b%d7%a1%d7%a3/
mysiddurname,חנוכה,MSN-8269,"ספר הקידוש דמוי עור כריכה קשה צבע לבן זהב",43.9,43.9,0,1,https://mysiddurname.co.il/product/%d7%a1%d7%a4%d7%a8-%d7%94%d7%a7%d7%99%d7%93%d7%95%d7%a9-%d7%93%d7%9e%d7%95%d7%99-%d7%a2%d7%95%d7%a8-%d7%9b%d7%a8%d7%99%d7%9b%d7%94-%d7%a7%d7%a9%d7%94-%d7%a6%d7%91%d7%a2-%d7%96%d7%94%d7%91/
mysiddurname,חנוכה,MSN-8266,"ספר הקידוש דמוי עור כריכה קשה צבע לבן כסף",43.9,43.9,0,2,https://mysiddurname.co.il/product/%d7%a1%d7%a4%d7%a8-%d7%94%d7%a7%d7%99%d7%93%d7%95%d7%a9-%d7%93%d7%9e%d7%95%d7%99-%d7%a2%d7%95%d7%a8-%d7%9b%d7%a8%d7%99%d7%9b%d7%94-%d7%a7%d7%a9%d7%94-%d7%a6%d7%91%d7%a2-%d7%9c%d7%91%d7%9f-%d7%9b%d7%a1/
mysiddurname,חנוכה,MSN-8267,"ספר הקידוש דמוי עור כריכה קשה צבע שחור",43.9,43.9,0,1,https://mysiddurname.co.il/product/%d7%a1%d7%a4%d7%a8-%d7%94%d7%a7%d7%99%d7%93%d7%95%d7%a9-%d7%93%d7%9e%d7%95%d7%99-%d7%a2%d7%95%d7%a8-%d7%9b%d7%a8%d7%99%d7%9b%d7%94-%d7%a7%d7%a9%d7%94-%d7%a6%d7%91%d7%a2-%d7%a9%d7%97%d7%95%d7%a8/
mysiddurname,חנוכה,MSN-8268,"ספר הקידוש דמוי עור כריכה קשה צבע אפור",43.9,43.9,0,1,https://mysiddurname.co.il/product/%d7%a1%d7%a4%d7%a8-%d7%94%d7%a7%d7%99%d7%93%d7%95%d7%a9-%d7%93%d7%9e%d7%95%d7%99-%d7%a2%d7%95%d7%a8-%d7%9b%d7%a8%d7%99%d7%9b%d7%94-%d7%a7%d7%a9%d7%94-%d7%a6%d7%91%d7%a2-%d7%90%d7%a4%d7%95%d7%a8/
mysiddurname,חנוכה,MSN-8270,"ספר הקידוש דמוי עור כריכה קשה צבע אבן",43.9,43.9,0,1,https://mysiddurname.co.il/product/%d7%a1%d7%a4%d7%a8-%d7%94%d7%a7%d7%99%d7%93%d7%95%d7%a9-%d7%93%d7%9e%d7%95%d7%99-%d7%a2%d7%95%d7%a8-%d7%9b%d7%a8%d7%99%d7%9b%d7%94-%d7%a7%d7%a9%d7%94-%d7%a6%d7%91%d7%a2-%d7%90%d7%91%d7%9f/
mysiddurname,חנוכה,MSN-b25072548a70,"ספרון חנוכה דגם כד השמן – שמנת",44.9,44.9,0,2,https://mysiddurname.co.il/product/%d7%a1%d7%a4%d7%a8%d7%95%d7%9f-%d7%97%d7%a0%d7%95%d7%9b%d7%94-%d7%93%d7%92%d7%9d-%d7%9b%d7%93-%d7%94%d7%a9%d7%9e%d7%9f-%d7%a9%d7%9e%d7%a0%d7%aa/
mysiddurname,חנוכה,MSN-0c3d6e7b07e4,"ספרון חנוכה דגם כד השמן – רוז גולד",44.9,44.9,0,1,https://mysiddurname.co.il/product/%d7%a1%d7%a4%d7%a8%d7%95%d7%9f-%d7%97%d7%a0%d7%95%d7%9b%d7%94-%d7%93%d7%92%d7%9d-%d7%9b%d7%93-%d7%94%d7%a9%d7%9e%d7%9f-%d7%a8%d7%95%d7%96-%d7%92%d7%95%d7%9c%d7%93/
mysiddurname,חנוכה,MSN-72ad02eb0149,"ספרון חנוכה דגם כד השמן – לבן",44.9,44.9,0,1,https://mysiddurname.co.il/product/%d7%a1%d7%a4%d7%a8%d7%95%d7%9f-%d7%97%d7%a0%d7%95%d7%9b%d7%94-%d7%93%d7%92%d7%9d-%d7%9b%d7%93-%d7%94%d7%a9%d7%9e%d7%9f-%d7%9c%d7%91%d7%9f/
mysiddurname,חנוכה,MSN-592916f39e67,"ספרון חנוכה דגם כד השמן – חום",44.9,44.9,0,1,https://mysiddurname.co.il/product/%d7%a1%d7%a4%d7%a8%d7%95%d7%9f-%d7%97%d7%a0%d7%95%d7%9b%d7%94-%d7%93%d7%92%d7%9d-%d7%9b%d7%93-%d7%94%d7%a9%d7%9e%d7%9f-%d7%97%d7%95%d7%9d/
mysiddurname,חנוכה,MSN-824,"ספר הקידוש כריכה רכה – שמנת",26.9,26.9,0,3,https://mysiddurname.co.il/product/%d7%a1%d7%a4%d7%a8-%d7%94%d7%a7%d7%99%d7%93%d7%95%d7%a9-%d7%9b%d7%a8%d7%99%d7%9b%d7%94-%d7%a8%d7%9b%d7%94-%d7%a9%d7%9e%d7%a0%d7%aa/
mysiddurname,חנוכה,MSN-825,"ספר הקידוש כריכה רכה – שחור",26.9,26.9,0,3,https://mysiddurname.co.il/product/%d7%a1%d7%a4%d7%a8-%d7%94%d7%a7%d7%99%d7%93%d7%95%d7%a9-%d7%9b%d7%a8%d7%99%d7%9b%d7%94-%d7%a8%d7%9b%d7%94-%d7%a9%d7%97%d7%95%d7%a8/
mysiddurname,חנוכה,MSN-823,"ספר הקידוש כריכה רכה – לבן",26.9,26.9,0,3,https://mysiddurname.co.il/product/%d7%a1%d7%a4%d7%a8-%d7%94%d7%a7%d7%99%d7%93%d7%95%d7%a9-%d7%9b%d7%a8%d7%99%d7%9b%d7%94-%d7%a8%d7%9b%d7%94-%d7%9c%d7%91%d7%9f/
mysiddurname,חנוכה,MSN-827,"ספר הקידוש כריכה קשה – שמנת",38.9,38.9,0,2,https://mysiddurname.co.il/product/%d7%a1%d7%a4%d7%a8-%d7%94%d7%a7%d7%99%d7%93%d7%95%d7%a9-%d7%9b%d7%a8%d7%99%d7%9b%d7%94-%d7%a7%d7%a9%d7%94-%d7%a9%d7%9e%d7%a0%d7%aa/
mysiddurname,חנוכה,MSN-828,"ספר הקידוש כריכה קשה – שחור",38.9,38.9,0,3,https://mysiddurname.co.il/product/%d7%a1%d7%a4%d7%a8-%d7%94%d7%a7%d7%99%d7%93%d7%95%d7%a9-%d7%9b%d7%a8%d7%99%d7%9b%d7%94-%d7%a7%d7%a9%d7%94-%d7%a9%d7%97%d7%95%d7%a8/
mysiddurname,חנוכה,MSN-826,"ספר הקידוש כריכה קשה – לבן",38.9,38.9,0,3,https://mysiddurname.co.il/product/%d7%a1%d7%a4%d7%a8-%d7%94%d7%a7%d7%99%d7%93%d7%95%d7%a9-%d7%9b%d7%a8%d7%99%d7%9b%d7%94-%d7%a7%d7%a9%d7%94-%d7%9c%d7%91%d7%9f/
mysiddurname,חנוכה,MSN-c7af3b52767e,"סדר הדלקת נרות חנוכה עם מזמורים",11.9,11.9,0,2,https://mysiddurname.co.il/product/%d7%a1%d7%93%d7%a8-%d7%94%d7%93%d7%9c%d7%a7%d7%aa-%d7%a0%d7%a8%d7%95%d7%aa-%d7%97%d7%a0%d7%95%d7%9b%d7%94-%d7%a2%d7%9d-%d7%9e%d7%96%d7%9e%d7%95%d7%a8%d7%99%d7%9d/
mysiddurname,חנוכה,MSN-1028,"סדר הדלקת נרות חנוכה יוקרתי זהב",7.9,7.9,0,2,https://mysiddurname.co.il/product/%d7%a1%d7%93%d7%a8-%d7%94%d7%93%d7%9c%d7%a7%d7%aa-%d7%a0%d7%a8%d7%95%d7%aa-%d7%97%d7%a0%d7%95%d7%9b%d7%94-%d7%99%d7%95%d7%a7%d7%a8%d7%aa%d7%99-%d7%96%d7%94%d7%91/
mysiddurname,חנוכה,MSN-1029,"סדר הדלקת נרות חנוכה יוקרתי – כסף",7.9,7.9,0,1,https://mysiddurname.co.il/product/%d7%a1%d7%93%d7%a8-%d7%94%d7%93%d7%9c%d7%a7%d7%aa-%d7%a0%d7%a8%d7%95%d7%aa-%d7%97%d7%a0%d7%95%d7%9b%d7%94-%d7%99%d7%95%d7%a7%d7%a8%d7%aa%d7%99-%d7%9b%d7%a1%d7%a3/
mysiddurname,חנוכה,MSN-1fb8d1f6474d,"סדר הדלקת נרות חנוכה בעיצוב אישי",17.9,17.9,0,2,https://mysiddurname.co.il/product/%d7%a1%d7%93%d7%a8-%d7%94%d7%93%d7%9c%d7%a7%d7%aa-%d7%a0%d7%a8%d7%95%d7%aa-%d7%97%d7%a0%d7%95%d7%9b%d7%94-%d7%91%d7%a2%d7%99%d7%a6%d7%95%d7%91-%d7%90%d7%99%d7%a9%d7%99/
mysiddurname,חנוכה,MSN-1032,"סדר הדלקת נרות חנוכה – דמוי עור שחור זהב",28.9,28.9,0,1,https://mysiddurname.co.il/product/%d7%a1%d7%93%d7%a8-%d7%94%d7%93%d7%9c%d7%a7%d7%aa-%d7%a0%d7%a8%d7%95%d7%aa-%d7%97%d7%a0%d7%95%d7%9b%d7%94-%d7%93%d7%9e%d7%95%d7%99-%d7%a2%d7%95%d7%a8-%d7%a9%d7%97%d7%95%d7%a8-%d7%96%d7%94%d7%91/
mysiddurname,חנוכה,MSN-1031,"סדר הדלקת נרות חנוכה – דמוי עור לבן זהב",28.9,28.9,0,1,https://mysiddurname.co.il/product/%d7%a1%d7%93%d7%a8-%d7%94%d7%93%d7%9c%d7%a7%d7%aa-%d7%a0%d7%a8%d7%95%d7%aa-%d7%97%d7%a0%d7%95%d7%9b%d7%94-%d7%93%d7%9e%d7%95%d7%99-%d7%a2%d7%95%d7%a8-%d7%9c%d7%91%d7%9f-%d7%96%d7%94%d7%91/
mysiddurname,חנוכה,MSN-1033,"סדר הדלקת נרות חנוכה – דמוי עור זהב",28.9,28.9,0,1,https://mysiddurname.co.il/product/%d7%a1%d7%93%d7%a8-%d7%94%d7%93%d7%9c%d7%a7%d7%aa-%d7%a0%d7%a8%d7%95%d7%aa-%d7%97%d7%a0%d7%95%d7%9b%d7%94-%d7%93%d7%9e%d7%95%d7%99-%d7%a2%d7%95%d7%a8-%d7%96%d7%94%d7%91/
mysiddurname,חנוכה,MSN-693218e7afa1,"סדר הדלקת נרות חנוכה",9.9,9.9,0,3,https://mysiddurname.co.il/product/%d7%a1%d7%93%d7%a8-%d7%94%d7%93%d7%9c%d7%a7%d7%aa-%d7%a0%d7%a8%d7%95%d7%aa-%d7%97%d7%a0%d7%95%d7%9b%d7%94/
mysiddurname,חנוכה,MSN-b777a2ca0a26,"מארז סדר הדלקת נרות חנוכה ושוקולדים – שחור",99,99,0,1,https://mysiddurname.co.il/product/%d7%9e%d7%90%d7%a8%d7%96-%d7%a1%d7%93%d7%a8-%d7%94%d7%93%d7%9c%d7%a7%d7%aa-%d7%a0%d7%a8%d7%95%d7%aa-%d7%97%d7%a0%d7%95%d7%9b%d7%94-%d7%95%d7%a9%d7%95%d7%a7%d7%95%d7%9c%d7%93%d7%99%d7%9d-%d7%a9%d7%97/
mysiddurname,חנוכה,MSN-ad182c717a40,"מארז סדר הדלקת נרות חנוכה ושוקולדים – לבן",99,99,0,1,https://mysiddurname.co.il/product/%d7%9e%d7%90%d7%a8%d7%96-%d7%a1%d7%93%d7%a8-%d7%94%d7%93%d7%9c%d7%a7%d7%aa-%d7%a0%d7%a8%d7%95%d7%aa-%d7%97%d7%a0%d7%95%d7%9b%d7%94-%d7%95%d7%a9%d7%95%d7%a7%d7%95%d7%9c%d7%93%d7%99%d7%9d-%d7%9c%d7%91/
mysiddurname,חנוכה,MSN-60d0288911b6,"מארז סדר הדלקת נרות חנוכה ושוקולדים – זהב",99,99,0,1,https://mysiddurname.co.il/product/%d7%9e%d7%90%d7%a8%d7%96-%d7%a1%d7%93%d7%a8-%d7%94%d7%93%d7%9c%d7%a7%d7%aa-%d7%a0%d7%a8%d7%95%d7%aa-%d7%97%d7%a0%d7%95%d7%9b%d7%94-%d7%95%d7%a9%d7%95%d7%a7%d7%95%d7%9c%d7%93%d7%99%d7%9d-%d7%96%d7%94/
mysiddurname,חנוכה,MSN-52b36260f48b,"מארז סדר הדלקת נרות חנוכה ושוקולדים – אפור",99,99,0,1,https://mysiddurname.co.il/product/%d7%9e%d7%90%d7%a8%d7%96-%d7%a1%d7%93%d7%a8-%d7%94%d7%93%d7%9c%d7%a7%d7%aa-%d7%a0%d7%a8%d7%95%d7%aa-%d7%97%d7%a0%d7%95%d7%9b%d7%94-%d7%95%d7%a9%d7%95%d7%a7%d7%95%d7%9c%d7%93%d7%99%d7%9d-%d7%90%d7%a4/
mysiddurname,חנוכה,MSN-1dc2554c5511,"הדלקת נרות חנוכה ומזמורים – ירוק וינטאג'",8.9,8.9,0,1,https://mysiddurname.co.il/product/%d7%94%d7%93%d7%9c%d7%a7%d7%aa-%d7%a0%d7%a8%d7%95%d7%aa-%d7%97%d7%a0%d7%95%d7%9b%d7%94-%d7%95%d7%9e%d7%96%d7%9e%d7%95%d7%a8%d7%99%d7%9d-%d7%99%d7%a8%d7%95%d7%a7-%d7%95%d7%99%d7%a0%d7%98%d7%90%d7%92/
mysiddurname,חנוכה,MSN-885f860fe90d,"הדלקת נרות חנוכה ומזמורים – אדום",8.9,8.9,0,1,https://mysiddurname.co.il/product/%d7%94%d7%93%d7%9c%d7%a7%d7%aa-%d7%a0%d7%a8%d7%95%d7%aa-%d7%97%d7%a0%d7%95%d7%9b%d7%94-%d7%95%d7%9e%d7%96%d7%9e%d7%95%d7%a8%d7%99%d7%9d-%d7%90%d7%93%d7%95%d7%9d/
mysiddurname,חנוכה,MSN-1093,"הדלקת נרות חנוכה דגם שלוש",8.9,8.9,0,2,https://mysiddurname.co.il/product/%d7%94%d7%93%d7%9c%d7%a7%d7%aa-%d7%a0%d7%a8%d7%95%d7%aa-%d7%97%d7%a0%d7%95%d7%9b%d7%94-%d7%93%d7%92%d7%9d-%d7%a9%d7%9c%d7%95%d7%a9/
mysiddurname,חנוכה,MSN-1092,"הדלקת נרות חנוכה דגם אור",29.9,29.9,0,3,https://mysiddurname.co.il/product/%d7%94%d7%93%d7%9c%d7%a7%d7%aa-%d7%a0%d7%a8%d7%95%d7%aa-%d7%97%d7%a0%d7%95%d7%9b%d7%94-%d7%93%d7%92%d7%9d-%d7%90%d7%95%d7%a8/
mysiddurname,חנוכה,MSN-f6349d366b95,"ברכון חנוכה שחור זהב",8,8,0,1,https://mysiddurname.co.il/product/%d7%91%d7%a8%d7%9b%d7%95%d7%9f-%d7%97%d7%a0%d7%95%d7%9b%d7%94-%d7%a9%d7%97%d7%95%d7%a8-%d7%96%d7%94%d7%91/
mysiddurname,חנוכה,MSN-e6817d097576,"ברכון חנוכה כסוף",7.9,7.9,0,3,https://mysiddurname.co.il/product/%d7%91%d7%a8%d7%9b%d7%95%d7%9f-%d7%97%d7%a0%d7%95%d7%9b%d7%94-%d7%9b%d7%a1%d7%95%d7%a3/
mysiddurname,חנוכה,MSN-216a279db63c,"ברכון חנוכה זהב",5.9,5.9,0,3,https://mysiddurname.co.il/product/%d7%91%d7%a8%d7%9b%d7%95%d7%9f-%d7%97%d7%a0%d7%95%d7%9b%d7%94-%d7%96%d7%94%d7%91/
mysiddurname,ראש השנה,MSN-1a9075866afd,"ברכון ראש השנה דגם רימונים לבן כסף",7.9,7.9,0,3,https://mysiddurname.co.il/product/%d7%91%d7%a8%d7%9b%d7%95%d7%9f-%d7%a8%d7%90%d7%a9-%d7%94%d7%a9%d7%a0%d7%94-%d7%93%d7%92%d7%9d-%d7%a8%d7%99%d7%9e%d7%95%d7%a0%d7%99%d7%9d-%d7%9c%d7%91%d7%9f-%d7%9b%d7%a1%d7%a3/
mysiddurname,ראש השנה,MSN-dbae01e97068,"ברכון ראש השנה דגם רימונים לבן זהב",7.9,7.9,0,3,https://mysiddurname.co.il/product/%d7%91%d7%a8%d7%9b%d7%95%d7%9f-%d7%a8%d7%90%d7%a9-%d7%94%d7%a9%d7%a0%d7%94-%d7%93%d7%92%d7%9d-%d7%a8%d7%99%d7%9e%d7%95%d7%a0%d7%99%d7%9d-%d7%9c%d7%91%d7%9f-%d7%96%d7%94%d7%91/
mysiddurname,ראש השנה,MSN-05ac0c138707,"ברכון סדר סימני ראש השנה חדש עלינו – שחור",6.9,6.9,0,3,https://mysiddurname.co.il/product/%d7%91%d7%a8%d7%9b%d7%95%d7%9f-%d7%a1%d7%93%d7%a8-%d7%a1%d7%99%d7%9e%d7%a0%d7%99-%d7%a8%d7%90%d7%a9-%d7%94%d7%a9%d7%a0%d7%94-%d7%97%d7%93%d7%a9-%d7%a2%d7%9c%d7%99%d7%a0%d7%95-%d7%a9%d7%97%d7%95/
mysiddurname,ראש השנה,MSN-7f47331aea44,"ברכון סדר סימני ראש השנה חדש עלינו – לבן",6.9,6.9,0,3,https://mysiddurname.co.il/product/%d7%91%d7%a8%d7%9b%d7%95%d7%9f-%d7%a1%d7%93%d7%a8-%d7%a1%d7%99%d7%9e%d7%a0%d7%99-%d7%a8%d7%90%d7%a9-%d7%94%d7%a9%d7%a0%d7%94-%d7%97%d7%93%d7%a9-%d7%a2%d7%9c%d7%99%d7%a0%d7%95-%d7%9c%d7%91%d7%9f/
mysiddurname,ראש השנה,MSN-223,"סדר ראש השנה ניוד זהב עברית אנגלית",10.9,10.9,0,3,https://mysiddurname.co.il/product/%d7%a1%d7%93%d7%a8-%d7%a8%d7%90%d7%a9-%d7%94%d7%a9%d7%a0%d7%94-%d7%a0%d7%99%d7%95%d7%93-%d7%96%d7%94%d7%91-%d7%a2%d7%91%d7%a8%d7%99%d7%aa-%d7%90%d7%a0%d7%92%d7%9c%d7%99%d7%aa/
mysiddurname,ראש השנה,MSN-1525,"סדר ראש השנה ניוד זהב",9.5,9.5,0,3,https://mysiddurname.co.il/product/%d7%a1%d7%93%d7%a8-%d7%a8%d7%90%d7%a9-%d7%94%d7%a9%d7%a0%d7%94-%d7%a0%d7%99%d7%95%d7%93-%d7%96%d7%94%d7%91/
mysiddurname,ראש השנה,MSN-949,"סדר תשליך לבן כסף בכריכה רכה",7.9,7.9,0,1,https://mysiddurname.co.il/product/%d7%a1%d7%93%d7%a8-%d7%aa%d7%a9%d7%9c%d7%99%d7%9a-%d7%9c%d7%91%d7%9f-%d7%9b%d7%a1%d7%a3/
mysiddurname,ראש השנה,MSN-10152,"סדר ראש השנה דגם אושר אנגלית כריכה קשה דמוי עור- חום",34.9,34.9,0,3,https://mysiddurname.co.il/product/%d7%a1%d7%93%d7%a8-%d7%a8%d7%90%d7%a9-%d7%94%d7%a9%d7%a0%d7%94-%d7%93%d7%92%d7%9d-%d7%90%d7%95%d7%a9%d7%a8-%d7%90%d7%a0%d7%92%d7%9c%d7%99%d7%aa-%d7%9b%d7%a8%d7%99%d7%9b%d7%94-%d7%a7%d7%a9%d7%94-3/
mysiddurname,ראש השנה,MSN-10151,"סדר ראש השנה דגם אושר אנגלית כריכה קשה דמוי עור- ורוד עתיק",34.9,34.9,0,3,https://mysiddurname.co.il/product/%d7%a1%d7%93%d7%a8-%d7%a8%d7%90%d7%a9-%d7%94%d7%a9%d7%a0%d7%94-%d7%93%d7%92%d7%9d-%d7%90%d7%95%d7%a9%d7%a8-%d7%90%d7%a0%d7%92%d7%9c%d7%99%d7%aa-%d7%9b%d7%a8%d7%99%d7%9b%d7%94-%d7%a7%d7%a9%d7%94-2/
mysiddurname,ראש השנה,MSN-10150,"סדר ראש השנה דגם אושר אנגלית כריכה קשה דמוי עור- לבן",34.9,34.9,0,3,https://mysiddurname.co.il/product/%d7%a1%d7%93%d7%a8-%d7%a8%d7%90%d7%a9-%d7%94%d7%a9%d7%a0%d7%94-%d7%93%d7%92%d7%9d-%d7%90%d7%95%d7%a9%d7%a8-%d7%90%d7%a0%d7%92%d7%9c%d7%99%d7%aa-%d7%9b%d7%a8%d7%99%d7%9b%d7%94-%d7%a7%d7%a9%d7%94-%d7%93/
mysiddurname,ראש השנה,MSN-10149,"סדר ראש השנה דגם אושר אנגלית כריכה קשה דמוי עור- אבן",34.9,34.9,0,3,https://mysiddurname.co.il/product/%d7%a1%d7%93%d7%a8-%d7%a8%d7%90%d7%a9-%d7%94%d7%a9%d7%a0%d7%94-%d7%93%d7%92%d7%9d-%d7%90%d7%95%d7%a9%d7%a8-%d7%90%d7%a0%d7%92%d7%9c%d7%99%d7%aa-%d7%9b%d7%a8%d7%99%d7%9b%d7%94-%d7%a7%d7%a9%d7%94/
mysiddurname,ראש השנה,MSN-10148,"סדר ראש השנה דגם אושר כריכה רכה דמוי עור- חום",23.9,23.9,0,1,https://mysiddurname.co.il/product/%d7%a1%d7%93%d7%a8-%d7%a8%d7%90%d7%a9-%d7%94%d7%a9%d7%a0%d7%94-%d7%93%d7%92%d7%9d-%d7%90%d7%95%d7%a9%d7%a8-%d7%9b%d7%a8%d7%99%d7%9b%d7%94-%d7%a8%d7%9b%d7%94-%d7%93%d7%9e%d7%95%d7%99-%d7%a2%d7%95-3/
mysiddurname,ראש השנה,MSN-10147,"סדר ראש השנה דגם אושר כריכה רכה דמוי עור- ורוד עתיק",23.9,23.9,0,1,https://mysiddurname.co.il/product/%d7%a1%d7%93%d7%a8-%d7%a8%d7%90%d7%a9-%d7%94%d7%a9%d7%a0%d7%94-%d7%93%d7%92%d7%9d-%d7%90%d7%95%d7%a9%d7%a8-%d7%9b%d7%a8%d7%99%d7%9b%d7%94-%d7%a8%d7%9b%d7%94-%d7%93%d7%9e%d7%95%d7%99-%d7%a2%d7%95-2/
mysiddurname,ראש השנה,MSN-10146,"סדר ראש השנה דגם אושר כריכה רכה דמוי עור- לבן",23.9,23.9,0,1,https://mysiddurname.co.il/product/%d7%a1%d7%93%d7%a8-%d7%a8%d7%90%d7%a9-%d7%94%d7%a9%d7%a0%d7%94-%d7%93%d7%92%d7%9d-%d7%90%d7%95%d7%a9%d7%a8-%d7%9b%d7%a8%d7%99%d7%9b%d7%94-%d7%a8%d7%9b%d7%94-%d7%93%d7%9e%d7%95%d7%99-%d7%a2%d7%95%d7%a8/
mysiddurname,ראש השנה,MSN-10145,"סדר ראש השנה דגם אושר כריכה רכה דמוי עור- אבן",23.9,23.9,0,1,https://mysiddurname.co.il/product/%d7%a1%d7%93%d7%a8-%d7%a8%d7%90%d7%a9-%d7%94%d7%a9%d7%a0%d7%94-%d7%93%d7%92%d7%9d-%d7%90%d7%95%d7%a9%d7%a8-%d7%90%d7%a0%d7%92%d7%9c%d7%99%d7%aa-%d7%9b%d7%a8%d7%99%d7%9b%d7%94-%d7%a8%d7%9b%d7%94-%d7%93/
mysiddurname,ראש השנה,MSN-10144,"סדר ראש השנה דגם אושר כריכה קשה דמוי עור- חום",33.9,33.9,0,1,https://mysiddurname.co.il/product/%d7%a1%d7%93%d7%a8-%d7%a8%d7%90%d7%a9-%d7%94%d7%a9%d7%a0%d7%94-%d7%93%d7%92%d7%9d-%d7%90%d7%95%d7%a9%d7%a8-%d7%9b%d7%a8%d7%99%d7%9b%d7%94-%d7%a7%d7%a9%d7%94-%d7%93%d7%9e%d7%95%d7%99-%d7%a2%d7%95-4/
mysiddurname,ראש השנה,MSN-10143,"סדר ראש השנה דגם אושר כריכה קשה דמוי עור- ורוד עתיק",33.9,33.9,0,1,https://mysiddurname.co.il/product/%d7%a1%d7%93%d7%a8-%d7%a8%d7%90%d7%a9-%d7%94%d7%a9%d7%a0%d7%94-%d7%93%d7%92%d7%9d-%d7%90%d7%95%d7%a9%d7%a8-%d7%9b%d7%a8%d7%99%d7%9b%d7%94-%d7%a7%d7%a9%d7%94-%d7%93%d7%9e%d7%95%d7%99-%d7%a2%d7%95-3/
mysiddurname,ראש השנה,MSN-10142,"סדר ראש השנה דגם אושר כריכה קשה דמוי עור- לבן",33.9,33.9,0,1,https://mysiddurname.co.il/product/%d7%a1%d7%93%d7%a8-%d7%a8%d7%90%d7%a9-%d7%94%d7%a9%d7%a0%d7%94-%d7%93%d7%92%d7%9d-%d7%90%d7%95%d7%a9%d7%a8-%d7%9b%d7%a8%d7%99%d7%9b%d7%94-%d7%a7%d7%a9%d7%94-%d7%93%d7%9e%d7%95%d7%99-%d7%a2%d7%95-2/
mysiddurname,ראש השנה,MSN-10141,"סדר ראש השנה דגם אושר כריכה קשה דמוי עור- אבן",33.9,33.9,0,1,https://mysiddurname.co.il/product/%d7%a1%d7%93%d7%a8-%d7%a8%d7%90%d7%a9-%d7%94%d7%a9%d7%a0%d7%94-%d7%93%d7%92%d7%9d-%d7%90%d7%95%d7%a9%d7%a8-%d7%9b%d7%a8%d7%99%d7%9b%d7%94-%d7%a7%d7%a9%d7%94-%d7%93%d7%9e%d7%95%d7%99-%d7%a2%d7%95%d7%a8/
mysiddurname,ראש השנה,MSN-ae1b94a5f504,"ספרון יחדש עלינו – ראש השנה – צבע רוז גולד – רכה",11.9,11.9,0,2,https://mysiddurname.co.il/product/%d7%a1%d7%a4%d7%a8%d7%95%d7%9f-%d7%99%d7%97%d7%93%d7%a9-%d7%a2%d7%9c%d7%99%d7%a0%d7%95-%d7%a8%d7%90%d7%a9-%d7%94%d7%a9%d7%a0%d7%94-%d7%a6%d7%91%d7%a2-%d7%a8%d7%95%d7%96-%d7%92%d7%95%d7%9c%d7%93-2/
mysiddurname,ראש השנה,MSN-64fc4a6ed093,"ספרון יחדש עלינו – ראש השנה – צבע לבן – קשה",26.9,26.9,0,3,https://mysiddurname.co.il/product/%d7%a1%d7%a4%d7%a8%d7%95%d7%9f-%d7%99%d7%97%d7%93%d7%a9-%d7%a2%d7%9c%d7%99%d7%a0%d7%95-%d7%a8%d7%90%d7%a9-%d7%94%d7%a9%d7%a0%d7%94-%d7%a6%d7%91%d7%a2-%d7%9c%d7%91%d7%9f-%d7%a7%d7%a9%d7%94/
mysiddurname,ראש השנה,MSN-152,"סדר ראש השנה סימנים אקרילי כסף",79,79,0,3,https://mysiddurname.co.il/product/%d7%a1%d7%93%d7%a8-%d7%a8%d7%90%d7%a9-%d7%94%d7%a9%d7%a0%d7%94-%d7%a1%d7%99%d7%9e%d7%a0%d7%99%d7%9d-%d7%90%d7%a7%d7%a8%d7%99%d7%9c%d7%99-%d7%9b%d7%a1%d7%a3/
mysiddurname,ראש השנה,MSN-1501,"סדר סימנים וברכת המזון",6.5,6.5,0,1,https://mysiddurname.co.il/product/%d7%a1%d7%93%d7%a8-%d7%a1%d7%99%d7%9e%d7%a0%d7%99%d7%9d-%d7%95%d7%91%d7%a8%d7%9b%d7%aa-%d7%94%d7%9e%d7%96%d7%95%d7%9f/
mysiddurname,ראש השנה,MSN-1500,"סדר סימנים דמוי עור דגם אפל",43.9,43.9,0,3,https://mysiddurname.co.il/product/%d7%a1%d7%93%d7%a8-%d7%a1%d7%99%d7%9e%d7%a0%d7%99%d7%9d-%d7%93%d7%9e%d7%95%d7%99-%d7%a2%d7%95%d7%a8-%d7%93%d7%92%d7%9d-%d7%90%d7%a4%d7%9c/
mysiddurname,ראש השנה,MSN-795d59d988da,"סדר סימני ראש השנה דמוי עור – לבן זהב",69,69,0,2,https://mysiddurname.co.il/product/%d7%a1%d7%93%d7%a8-%d7%a1%d7%99%d7%9e%d7%a0%d7%99-%d7%a8%d7%90%d7%a9-%d7%94%d7%a9%d7%a0%d7%94-%d7%93%d7%9e%d7%95%d7%99-%d7%a2%d7%95%d7%a8-%d7%9c%d7%91%d7%9f-%d7%96%d7%94%d7%91/
mysiddurname,ראש השנה,MSN-6e57fc1aa69e,"סדר סימני ראש השנה דמוי עור – חום זהב",69,69,0,2,https://mysiddurname.co.il/product/%d7%a1%d7%93%d7%a8-%d7%a1%d7%99%d7%9e%d7%a0%d7%99-%d7%a8%d7%90%d7%a9-%d7%94%d7%a9%d7%a0%d7%94-%d7%93%d7%9e%d7%95%d7%99-%d7%a2%d7%95%d7%a8-%d7%97%d7%95%d7%9d-%d7%96%d7%94%d7%91/
mysiddurname,ראש השנה,MSN-e74e083118d0,"סדר סימני ראש השנה דמוי עור – זהב",69,69,0,2,https://mysiddurname.co.il/product/%d7%a1%d7%93%d7%a8-%d7%a1%d7%99%d7%9e%d7%a0%d7%99-%d7%a8%d7%90%d7%a9-%d7%94%d7%a9%d7%a0%d7%94-%d7%93%d7%9e%d7%95%d7%99-%d7%a2%d7%95%d7%a8-%d7%96%d7%94%d7%91/
mysiddurname,ראש השנה,MSN-19eda52f96ac,"סדר סימני ראש השנה דמוי עור – ורוד כסף",69,69,0,2,https://mysiddurname.co.il/product/%d7%a1%d7%93%d7%a8-%d7%a1%d7%99%d7%9e%d7%a0%d7%99-%d7%a8%d7%90%d7%a9-%d7%94%d7%a9%d7%a0%d7%94-%d7%93%d7%9e%d7%95%d7%99-%d7%a2%d7%95%d7%a8-%d7%95%d7%a8%d7%95%d7%93-%d7%9b%d7%a1%d7%a3/
mysiddurname,ראש השנה,MSN-1491,"סדר סימני ראש השנה דמוי עור",69,69,0,3,https://mysiddurname.co.il/product/%d7%a1%d7%93%d7%a8-%d7%a1%d7%99%d7%9e%d7%a0%d7%99-%d7%a8%d7%90%d7%a9-%d7%94%d7%a9%d7%a0%d7%94-%d7%93%d7%9e%d7%95%d7%99-%d7%a2%d7%95%d7%a8/
mysiddurname,ראש השנה,MSN-1490,"סדר סימני ראש השנה – דמוי עור יוקרתי דגם דוד",29.9,29.9,0,3,https://mysiddurname.co.il/product/%d7%a1%d7%93%d7%a8-%d7%a1%d7%99%d7%9e%d7%a0%d7%99-%d7%a8%d7%90%d7%a9-%d7%94%d7%a9%d7%a0%d7%94-%d7%93%d7%9e%d7%95%d7%99-%d7%a2%d7%95%d7%a8-%d7%99%d7%95%d7%a7%d7%a8%d7%aa%d7%99-%d7%93%d7%92/
mysiddurname,ראש השנה,MSN-1475,"סדר הסימנים וברכת המזון לראש השנה",7.49,7.49,0,3,https://mysiddurname.co.il/product/%d7%a1%d7%93%d7%a8-%d7%94%d7%a1%d7%99%d7%9e%d7%a0%d7%99%d7%9d-%d7%95%d7%91%d7%a8%d7%9b%d7%aa-%d7%94%d7%9e%d7%96%d7%95%d7%9f-%d7%9c%d7%a8%d7%90%d7%a9-%d7%94%d7%a9%d7%a0%d7%94/
mysiddurname,ראש השנה,MSN-1474,"סדר הסימנים וברכת המזון דמוי עור",41.9,41.9,0,3,https://mysiddurname.co.il/product/%d7%a1%d7%93%d7%a8-%d7%94%d7%a1%d7%99%d7%9e%d7%a0%d7%99%d7%9d-%d7%95%d7%91%d7%a8%d7%9b%d7%aa-%d7%94%d7%9e%d7%96%d7%95%d7%9f-%d7%93%d7%9e%d7%95%d7%99-%d7%a2%d7%95%d7%a8/
mysiddurname,ראש השנה,MSN-411769c29090,"מארז שנה מתוקה",18.9,18.9,0,3,https://mysiddurname.co.il/product/%d7%9e%d7%90%d7%a8%d7%96-%d7%a9%d7%a0%d7%94-%d7%9e%d7%aa%d7%95%d7%a7%d7%94/
mysiddurname,ראש השנה,MSN-1311,"מארז סדר סימנים מאויר עם דבש",38.9,38.9,0,3,https://mysiddurname.co.il/product/%d7%9e%d7%90%d7%a8%d7%96-%d7%a1%d7%93%d7%a8-%d7%a1%d7%99%d7%9e%d7%a0%d7%99%d7%9d-%d7%9e%d7%90%d7%95%d7%99%d7%a8-%d7%a2%d7%9d-%d7%93%d7%91%d7%a9/
mysiddurname,ראש השנה,MSN-1310,"מארז סדר סימני ראש השנה חדש עלינו ושוקולדים – שחור",89,89,0,1,https://mysiddurname.co.il/product/%d7%9e%d7%90%d7%a8%d7%96-%d7%a1%d7%93%d7%a8-%d7%a1%d7%99%d7%9e%d7%a0%d7%99-%d7%a8%d7%90%d7%a9-%d7%94%d7%a9%d7%a0%d7%94-%d7%97%d7%93%d7%a9-%d7%a2%d7%9c%d7%99%d7%a0%d7%95-%d7%95%d7%a9%d7%95%d7%a7%d7%95/
mysiddurname,ראש השנה,MSN-fc4312c50a27,"מארז סדר סימני ראש השנה ושוקולדים – לבן",99,99,0,2,https://mysiddurname.co.il/product/%d7%9e%d7%90%d7%a8%d7%96-%d7%a1%d7%93%d7%a8-%d7%a1%d7%99%d7%9e%d7%a0%d7%99-%d7%a8%d7%90%d7%a9-%d7%94%d7%a9%d7%a0%d7%94-%d7%95%d7%a9%d7%95%d7%a7%d7%95%d7%9c%d7%93%d7%99%d7%9d-%d7%9c%d7%91%d7%9f/
mysiddurname,ראש השנה,MSN-692b95126371,"מארז סדר סימני ראש השנה ושוקולדים – חום",99,99,0,3,https://mysiddurname.co.il/product/%d7%9e%d7%90%d7%a8%d7%96-%d7%a1%d7%93%d7%a8-%d7%a1%d7%99%d7%9e%d7%a0%d7%99-%d7%a8%d7%90%d7%a9-%d7%94%d7%a9%d7%a0%d7%94-%d7%95%d7%a9%d7%95%d7%a7%d7%95%d7%9c%d7%93%d7%99%d7%9d-%d7%97%d7%95%d7%9d/
mysiddurname,ראש השנה,MSN-103335dec964,"מארז סדר סימני ראש השנה ושוקולדים – זהב",99,99,0,2,https://mysiddurname.co.il/product/%d7%9e%d7%90%d7%a8%d7%96-%d7%a1%d7%93%d7%a8-%d7%a1%d7%99%d7%9e%d7%a0%d7%99-%d7%a8%d7%90%d7%a9-%d7%94%d7%a9%d7%a0%d7%94-%d7%95%d7%a9%d7%95%d7%a7%d7%95%d7%9c%d7%93%d7%99%d7%9d-%d7%96%d7%94%d7%91/
mysiddurname,ראש השנה,MSN-f141b3e7ffe8,"מארז סדר סימני ראש השנה ושוקולדים – ורוד",99,99,0,2,https://mysiddurname.co.il/product/%d7%9e%d7%90%d7%a8%d7%96-%d7%a1%d7%93%d7%a8-%d7%a1%d7%99%d7%9e%d7%a0%d7%99-%d7%a8%d7%90%d7%a9-%d7%94%d7%a9%d7%a0%d7%94-%d7%95%d7%a9%d7%95%d7%a7%d7%95%d7%9c%d7%93%d7%99%d7%9d-%d7%95%d7%a8%d7%95%d7%93/
mysiddurname,ראש השנה,MSN-1556,"סט משפחתי ספרון יחדש עלינו כריכה רכה",149,149,0,3,https://mysiddurname.co.il/product/%d7%a1%d7%98-%d7%9e%d7%a9%d7%a4%d7%97%d7%aa%d7%99-%d7%a1%d7%a4%d7%a8%d7%95%d7%9f-%d7%99%d7%97%d7%93%d7%a9-%d7%a2%d7%9c%d7%99%d7%a0%d7%95-%d7%9b%d7%a8%d7%99%d7%9b%d7%94-%d7%a8%d7%9b%d7%94/
mysiddurname,ראש השנה,MSN-96d23fde04c9,"סט משפחתי ספרון יחדש עלינו כריכה קשה",239,239,0,3,https://mysiddurname.co.il/product/%d7%a1%d7%98-%d7%9e%d7%a9%d7%a4%d7%97%d7%aa%d7%99-%d7%a1%d7%a4%d7%a8%d7%95%d7%9f-%d7%99%d7%97%d7%93%d7%a9-%d7%a2%d7%9c%d7%99%d7%a0%d7%95-%d7%9b%d7%a8%d7%99%d7%9b%d7%94-%d7%a7%d7%a9%d7%94/
mysiddurname,ראש השנה,MSN-1554,"סט משפחתי סדר סימני ראש השנה דמוי עור",249,249,0,3,https://mysiddurname.co.il/product/%d7%a1%d7%98-%d7%9e%d7%a9%d7%a4%d7%97%d7%aa%d7%99-%d7%a1%d7%93%d7%a8-%d7%a1%d7%99%d7%9e%d7%a0%d7%99-%d7%a8%d7%90%d7%a9-%d7%94%d7%a9%d7%a0%d7%94-%d7%93%d7%9e%d7%95%d7%99-%d7%a2%d7%95%d7%a8/
mysiddurname,ראש השנה,MSN-fb4bd97bdf85,"ברכון שנה טובה ומתוקה",7.9,7.9,0,1,https://mysiddurname.co.il/product/%d7%91%d7%a8%d7%9b%d7%95%d7%9f-%d7%a9%d7%a0%d7%94-%d7%98%d7%95%d7%91%d7%94-%d7%95%d7%9e%d7%aa%d7%95%d7%a7%d7%94/
mysiddurname,פורים,MSN-10062,"מארז יין עם מגילת אסתר לפורים (יחידה)",129,129,0,3,https://mysiddurname.co.il/product/%d7%9e%d7%90%d7%a8%d7%96-%d7%99%d7%99%d7%9f-%d7%a2%d7%9d-%d7%9e%d7%92%d7%99%d7%9c%d7%aa-%d7%90%d7%a1%d7%aa%d7%a8-%d7%9c%d7%a4%d7%95%d7%a8%d7%99%d7%9d-%d7%99%d7%97%d7%99%d7%93%d7%94/
mysiddurname,פורים,MSN-10056,"מארז יין עם מגילת אסתר לפורים",94.9,94.9,0,3,https://mysiddurname.co.il/product/%d7%9e%d7%90%d7%a8%d7%96-%d7%99%d7%99%d7%9f-%d7%a2%d7%9d-%d7%9e%d7%92%d7%99%d7%9c%d7%aa-%d7%90%d7%a1%d7%aa%d7%a8-%d7%9c%d7%a4%d7%95%d7%a8%d7%99%d7%9d/
mysiddurname,פורים,MSN-de015e0db4c4,"מארז לפורים – מגילת אסתר לצד פרלינים שוויצרים – שחור",64.9,64.9,0,1,https://mysiddurname.co.il/product/%d7%9e%d7%90%d7%a8%d7%96-%d7%9c%d7%a4%d7%95%d7%a8%d7%99%d7%9d-%d7%9e%d7%92%d7%99%d7%9c%d7%aa-%d7%90%d7%a1%d7%aa%d7%a8-%d7%9c%d7%a6%d7%93-%d7%a4%d7%a8%d7%9c%d7%99%d7%a0%d7%99%d7%9d-%d7%a9%d7%95%d7%95/
mysiddurname,פורים,MSN-1285,"מארז לפורים – מגילת אסתר ""אורה ושמחה"" לצד פרלינים שוויצרים",99,99,0,3,https://mysiddurname.co.il/product/%d7%9e%d7%90%d7%a8%d7%96-%d7%9c%d7%a4%d7%95%d7%a8%d7%99%d7%9d-%d7%9e%d7%92%d7%99%d7%9c%d7%aa-%d7%90%d7%a1%d7%aa%d7%a8-%d7%90%d7%95%d7%a8%d7%94-%d7%95%d7%a9%d7%9e%d7%97%d7%94-%d7%9c%d7%a6%d7%93/
mysiddurname,פורים,MSN-065ff946a406,"מארז יוקרתי לפורים – מגילת אסתר ""אורה ושמחה"", יין ושוקולדים",169,169,0,3,https://mysiddurname.co.il/product/%d7%9e%d7%90%d7%a8%d7%96-%d7%99%d7%95%d7%a7%d7%a8%d7%aa%d7%99-%d7%9c%d7%a4%d7%95%d7%a8%d7%99%d7%9d-%d7%9e%d7%92%d7%99%d7%9c%d7%aa-%d7%90%d7%a1%d7%aa%d7%a8-%d7%90%d7%95%d7%a8%d7%94-%d7%95%d7%a9/
mysiddurname,פסח,MSN-5012,"סט מחזורים מעוצב קרטיה בצבע חום",399,399,0,2,https://mysiddurname.co.il/product/%d7%a1%d7%98-%d7%9e%d7%97%d7%96%d7%95%d7%a8%d7%99%d7%9d-%d7%9e%d7%a2%d7%95%d7%a6%d7%91-%d7%a7%d7%a8%d7%98%d7%99%d7%94-%d7%91%d7%a6%d7%91%d7%a2-%d7%97%d7%95%d7%9d/
mysiddurname,פסח,MSN-5010,"סט מחזורים מעוצב קרטיה בצבע אפור",399,399,0,2,https://mysiddurname.co.il/product/%d7%a1%d7%98-%d7%9e%d7%97%d7%96%d7%95%d7%a8%d7%99%d7%9d-%d7%9e%d7%a2%d7%95%d7%a6%d7%91-%d7%a7%d7%a8%d7%98%d7%99%d7%94-%d7%91%d7%a6%d7%91%d7%a2-%d7%90%d7%a4%d7%95%d7%a8/
mysiddurname,פסח,MSN-5011,"סט מחזורים מעוצב קרטיה בצבע ורוד בייבי",399,399,0,2,https://mysiddurname.co.il/product/%d7%a1%d7%98-%d7%9e%d7%97%d7%96%d7%95%d7%a8%d7%99%d7%9d-%d7%9e%d7%a2%d7%95%d7%a6%d7%91-%d7%a7%d7%a8%d7%98%d7%99%d7%94-%d7%91%d7%a6%d7%91%d7%a2-%d7%95%d7%a8%d7%95%d7%93-%d7%91%d7%99%d7%99%d7%91%d7%99/
mysiddurname,פסח,MSN-5013,"סט מחזורים מעוצב קרטיה בצבע לבן",399,399,0,2,https://mysiddurname.co.il/product/%d7%a1%d7%98-%d7%9e%d7%97%d7%96%d7%95%d7%a8%d7%99%d7%9d-%d7%9e%d7%a2%d7%95%d7%a6%d7%91-%d7%a7%d7%a8%d7%98%d7%99%d7%94-%d7%91%d7%a6%d7%91%d7%a2-%d7%9c%d7%91%d7%9f/
mysiddurname,פסח,MSN-5009,"סט מחזורים מעוצב קרטיה בצבע שחור",399,399,0,2,https://mysiddurname.co.il/product/%d7%a1%d7%98-%d7%9e%d7%97%d7%96%d7%95%d7%a8%d7%99%d7%9d-%d7%9e%d7%a2%d7%95%d7%a6%d7%91-%d7%a7%d7%a8%d7%98%d7%99%d7%94-%d7%91%d7%a6%d7%91%d7%a2-%d7%a9%d7%97%d7%95%d7%a8/
mysiddurname,פסח,MSN-5008,"סט מחזורים מעוצב כותל בצבע שחור כסף",399,399,0,3,https://mysiddurname.co.il/product/%d7%a1%d7%98-%d7%9e%d7%97%d7%96%d7%95%d7%a8%d7%99%d7%9d-%d7%9e%d7%a2%d7%95%d7%a6%d7%91-%d7%9b%d7%95%d7%aa%d7%9c-%d7%91%d7%a6%d7%91%d7%a2-%d7%a9%d7%97%d7%95%d7%a8-%d7%9b%d7%a1%d7%a3/
mysiddurname,פסח,MSN-5007,"סט מחזורים מעוצב כותל בצבע ורוד עתיק",399,399,0,3,https://mysiddurname.co.il/product/%d7%a1%d7%98-%d7%9e%d7%97%d7%96%d7%95%d7%a8%d7%99%d7%9d-%d7%9e%d7%a2%d7%95%d7%a6%d7%91-%d7%9b%d7%95%d7%aa%d7%9c-%d7%91%d7%a6%d7%91%d7%a2-%d7%95%d7%a8%d7%95%d7%93-%d7%a2%d7%aa%d7%99%d7%a7/
mysiddurname,פסח,MSN-5006,"סט מחזורים מעוצב כותל בצבע אבן",399,399,0,3,https://mysiddurname.co.il/product/%d7%a1%d7%98-%d7%9e%d7%97%d7%96%d7%95%d7%a8%d7%99%d7%9d-%d7%9e%d7%a2%d7%95%d7%a6%d7%91-%d7%9b%d7%95%d7%aa%d7%9c-%d7%91%d7%a6%d7%91%d7%a2-%d7%90%d7%91%d7%9f/
mysiddurname,פסח,MSN-5005,"סט מחזורים כותל בצבע לבן זהב",399,399,0,2,https://mysiddurname.co.il/product/%d7%a1%d7%98-%d7%9e%d7%97%d7%96%d7%95%d7%a8%d7%99%d7%9d-%d7%9b%d7%95%d7%aa%d7%9c-%d7%91%d7%a6%d7%91%d7%a2-%d7%9c%d7%91%d7%9f-%d7%96%d7%94%d7%91/
mysiddurname,פסח,MSN-5004,"סט מחזורים כותל בצבע לבן כסף",399,399,0,3,https://mysiddurname.co.il/product/%d7%a1%d7%98-%d7%9e%d7%97%d7%96%d7%95%d7%a8%d7%99%d7%9d-%d7%9b%d7%95%d7%aa%d7%9c-%d7%91%d7%a6%d7%91%d7%a2-%d7%9c%d7%91%d7%9f-%d7%9b%d7%a1%d7%a3/
mysiddurname,פסח,MSN-5003,"סט מחזורים קורדורוי בצבע חום חמרה",399,399,0,3,https://mysiddurname.co.il/product/%d7%a1%d7%98-%d7%9e%d7%97%d7%96%d7%95%d7%a8%d7%99%d7%9d-%d7%a7%d7%95%d7%a8%d7%93%d7%95%d7%a8%d7%95%d7%99-%d7%91%d7%a6%d7%91%d7%a2-%d7%97%d7%95%d7%9d-%d7%97%d7%9e%d7%a8%d7%94/
mysiddurname,פסח,MSN-5001,"סט מחזורים קורדורוי בצבע לבן",399,399,0,2,https://mysiddurname.co.il/product/%d7%a1%d7%98-%d7%9e%d7%97%d7%96%d7%95%d7%a8%d7%99%d7%9d-%d7%a7%d7%95%d7%a8%d7%93%d7%95%d7%a8%d7%95%d7%99-%d7%91%d7%a6%d7%91%d7%a2-%d7%9c%d7%91%d7%9f/
mysiddurname,פסח,MSN-5000,"סט מחזורים קורדורוי בצבע ורוד",399,399,0,3,https://mysiddurname.co.il/product/%d7%a1%d7%98-%d7%9e%d7%97%d7%96%d7%95%d7%a8%d7%99%d7%9d-%d7%a7%d7%95%d7%a8%d7%93%d7%95%d7%a8%d7%99-%d7%91%d7%a6%d7%91%d7%a2-%d7%95%d7%a8%d7%95%d7%93/
mysiddurname,פסח,MSN-5002,"סט מחזורים קורדורוי בצבע אבן סהרה",399,399,0,2,https://mysiddurname.co.il/product/%d7%a1%d7%98-%d7%9e%d7%97%d7%96%d7%95%d7%a8%d7%99%d7%9d-%d7%a7%d7%95%d7%a8%d7%93%d7%95%d7%a8%d7%99-%d7%91%d7%a6%d7%91%d7%a2-%d7%90%d7%91%d7%9f-%d7%a1%d7%94%d7%a8%d7%94/
mysiddurname,פסח,MSN-10102,"מארז יין עם הגדה של פסח עם איורים בטכנולוגיית AI דמוי עור יוקרתי (יחידה)",179,179,0,3,https://mysiddurname.co.il/product/%d7%9e%d7%90%d7%a8%d7%96-%d7%99%d7%99%d7%9f-%d7%a2%d7%9d-%d7%94%d7%92%d7%93%d7%94-%d7%a9%d7%9c-%d7%a4%d7%a1%d7%97-%d7%a2%d7%9d-%d7%90%d7%99%d7%95%d7%a8%d7%99%d7%9d-%d7%91%d7%98%d7%9b%d7%a0%d7%95%d7%9c/
mysiddurname,פסח,MSN-10090,"מארז יין עם הגדה של פסח עם איורים בטכנולוגיית AI דמוי עור יוקרתי",114.9,114.9,0,3,https://mysiddurname.co.il/product/%d7%9e%d7%90%d7%a8%d7%96-%d7%99%d7%99%d7%9f-%d7%a2%d7%9d-%d7%94%d7%92%d7%93%d7%94-%d7%a9%d7%9c-%d7%a4%d7%a1%d7%97-%d7%90%d7%99%d7%95%d7%a8%d7%99%d7%9d-%d7%91%d7%98%d7%9b%d7%a0%d7%95%d7%9c%d7%95%d7%92/
mysiddurname,פסח,MSN-10078,"מארז יין עם הגדה של פסח דגם יציאת מצרים בכריכה קשה",94.9,94.9,0,3,https://mysiddurname.co.il/product/%d7%9e%d7%90%d7%a8%d7%96-%d7%99%d7%99%d7%9f-%d7%a2%d7%9d-%d7%94%d7%92%d7%93%d7%94-%d7%a9%d7%9c-%d7%a4%d7%a1%d7%97-%d7%93%d7%92%d7%9d-%d7%99%d7%a6%d7%99%d7%90%d7%aa-%d7%9e%d7%a6%d7%a8%d7%99%d7%9d/
mysiddurname,פסח,MSN-10066,"מארז יין עם הגדה של פסח דגם סימנים",94.9,94.9,0,3,https://mysiddurname.co.il/product/%d7%9e%d7%90%d7%a8%d7%96-%d7%99%d7%99%d7%9f-%d7%a2%d7%9d-%d7%94%d7%92%d7%93%d7%94-%d7%a9%d7%9c-%d7%a4%d7%a1%d7%97-%d7%93%d7%92%d7%9d-%d7%a1%d7%99%d7%9e%d7%a0%d7%99%d7%9d/
mysiddurname,פסח,MSN-347889de23c3,"מארז הגדה לצד פרלינים שוויצרים בכשרות מהודרת – דגם סימנים",64.9,64.9,0,3,https://mysiddurname.co.il/product/%d7%9e%d7%90%d7%a8%d7%96-%d7%94%d7%92%d7%93%d7%94-%d7%9c%d7%a6%d7%93-%d7%a4%d7%a8%d7%9c%d7%99%d7%a0%d7%99%d7%9d-%d7%a9%d7%95%d7%95%d7%99%d7%a6%d7%a8%d7%99%d7%9d-%d7%91%d7%9b%d7%a9%d7%a8%d7%95%d7%aa/
mysiddurname,פסח,MSN-7519,"סט משפחתי של הגדות אביב לפסח",149,149,0,2,https://mysiddurname.co.il/product/%d7%a1%d7%98-%d7%9e%d7%a9%d7%a4%d7%97%d7%aa%d7%99-%d7%a9%d7%9c-%d7%94%d7%92%d7%93%d7%95%d7%aa-%d7%90%d7%91%d7%99%d7%91-%d7%9c%d7%a4%d7%a1%d7%97/
mysiddurname,פסח,MSN-1558,"סט משפחתי של הגדות יוקרתיות לפסח – כסף",149,149,0,3,https://mysiddurname.co.il/product/%d7%a1%d7%98-%d7%9e%d7%a9%d7%a4%d7%97%d7%aa%d7%99-%d7%a9%d7%9c-%d7%94%d7%92%d7%93%d7%95%d7%aa-%d7%99%d7%95%d7%a7%d7%a8%d7%aa%d7%99%d7%95%d7%aa-%d7%9c%d7%a4%d7%a1%d7%97-%d7%9b%d7%a1%d7%a3/
mysiddurname,פסח,MSN-1557,"סט משפחתי של הגדות יוקרתיות לפסח – זהב",149,149,0,3,https://mysiddurname.co.il/product/%d7%a1%d7%98-%d7%9e%d7%a9%d7%a4%d7%97%d7%aa%d7%99-%d7%a9%d7%9c-%d7%94%d7%92%d7%93%d7%95%d7%aa-%d7%99%d7%95%d7%a7%d7%a8%d7%aa%d7%99%d7%95%d7%aa-%d7%9c%d7%a4%d7%a1%d7%97-%d7%96%d7%94%d7%91/
mysiddurname,פסח,MSN-1543,"סט לפסח דגם מתארחים",199,199,0,1,https://mysiddurname.co.il/product/%d7%a1%d7%98-%d7%9c%d7%a4%d7%a1%d7%97-%d7%93%d7%92%d7%9d-%d7%9e%d7%aa%d7%90%d7%a8%d7%97%d7%99%d7%9d/
mysiddurname,פסח,MSN-1531,"סט הגדות משפחתי לפסח עם איורים בטכנולוגיית AI דמוי עור",479,479,0,3,https://mysiddurname.co.il/product/%d7%a1%d7%98-%d7%94%d7%92%d7%93%d7%95%d7%aa-%d7%9e%d7%a9%d7%a4%d7%97%d7%aa%d7%99-%d7%9c%d7%a4%d7%a1%d7%97-%d7%a2%d7%9d-%d7%90%d7%99%d7%95%d7%a8%d7%99%d7%9d-%d7%91%d7%98%d7%9b%d7%a0%d7%95%d7%9c%d7%95/
mysiddurname,פסח,MSN-7665,"מארז הגדות כריכה קשה עם יין",299,299,0,1,https://mysiddurname.co.il/product/%d7%9e%d7%90%d7%a8%d7%96-%d7%94%d7%92%d7%93%d7%95%d7%aa-%d7%9b%d7%a8%d7%99%d7%9b%d7%94-%d7%a7%d7%a9%d7%94-%d7%a2%d7%9d-%d7%99%d7%99%d7%9f/
mysiddurname,פסח,MSN-7660,"מארז מעבדות לחירות הגדה AI וקופסא למצות – זהב",219,219,0,3,https://mysiddurname.co.il/product/%d7%9e%d7%90%d7%a8%d7%96-%d7%9e%d7%a2%d7%91%d7%93%d7%95%d7%aa-%d7%9c%d7%97%d7%99%d7%a8%d7%95%d7%aa-%d7%94%d7%92%d7%93%d7%94-ai-%d7%95%d7%a7%d7%95%d7%a4%d7%a1%d7%90-%d7%9c%d7%9e%d7%a6%d7%95%d7%aa/
mysiddurname,פסח,MSN-7656,"מארז מעבדות לחירות הגדה AI וקופסא למצות – כסף",219,219,0,3,https://mysiddurname.co.il/product/%d7%9e%d7%90%d7%a8%d7%96-%d7%9e%d7%a2%d7%91%d7%93%d7%95%d7%aa-%d7%9c%d7%97%d7%99%d7%a8%d7%95%d7%aa-%d7%94%d7%92%d7%93%d7%94-ai-%d7%95%d7%a7%d7%95%d7%a4%d7%a1%d7%90-%d7%9c%d7%9e%d7%a6%d7%95%d7%aa-2/
mysiddurname,פסח,MSN-7556,"סט משפחתי הגדה לפסח דגם יציאת מצרים כריכה קשה – ירוק",279,279,0,1,https://mysiddurname.co.il/product/%d7%a1%d7%98-%d7%9e%d7%a9%d7%a4%d7%97%d7%aa%d7%99-%d7%94%d7%92%d7%93%d7%94-%d7%9c%d7%a4%d7%a1%d7%97-%d7%93%d7%92%d7%9d-%d7%99%d7%a6%d7%99%d7%90%d7%aa-%d7%9e%d7%a6%d7%a8%d7%99%d7%9d-%d7%9b%d7%a8-3/
mysiddurname,פסח,MSN-7552,"סט משפחתי הגדה לפסח דגם יציאת מצרים כריכה רכה – שחור",179,179,0,1,https://mysiddurname.co.il/product/%d7%a1%d7%98-%d7%9e%d7%a9%d7%a4%d7%97%d7%aa%d7%99-%d7%94%d7%92%d7%93%d7%94-%d7%9c%d7%a4%d7%a1%d7%97-%d7%93%d7%92%d7%9d-%d7%99%d7%a6%d7%99%d7%90%d7%aa-%d7%9e%d7%a6%d7%a8%d7%99%d7%9d-%d7%9b%d7%a8-2/
mysiddurname,פסח,MSN-7548,"סט משפחתי הגדה לפסח דגם יציאת מצרים כריכה רכה – לבן",179,179,0,1,https://mysiddurname.co.il/product/%d7%a1%d7%98-%d7%9e%d7%a9%d7%a4%d7%97%d7%aa%d7%99-%d7%94%d7%92%d7%93%d7%94-%d7%9c%d7%a4%d7%a1%d7%97-%d7%93%d7%92%d7%9d-%d7%99%d7%a6%d7%99%d7%90%d7%aa-%d7%9e%d7%a6%d7%a8%d7%99%d7%9d-%d7%9b%d7%a8%d7%99/
mysiddurname,פסח,MSN-7617,"סט פסח מלא 6 הגדות, קופסא למצות וכיסוי סאטן",319,319,0,3,https://mysiddurname.co.il/product/%d7%a1%d7%98-%d7%a4%d7%a1%d7%97-%d7%9e%d7%9c%d7%90-6-%d7%94%d7%92%d7%93%d7%95%d7%aa-%d7%a7%d7%95%d7%a4%d7%a1%d7%90-%d7%9c%d7%9e%d7%a6%d7%95%d7%aa-%d7%95%d7%9b%d7%99%d7%a1%d7%95%d7%99-%d7%a1%d7%90/
mysiddurname,פסח,MSN-7612,"סט שולחן פסח 6 הגדות וקופסא למצות",269,269,0,3,https://mysiddurname.co.il/product/%d7%a1%d7%98-%d7%a9%d7%95%d7%9c%d7%97%d7%9f-%d7%a4%d7%a1%d7%97-6-%d7%94%d7%92%d7%93%d7%95%d7%aa-%d7%95%d7%a7%d7%95%d7%a4%d7%a1%d7%90-%d7%9c%d7%9e%d7%a6%d7%95%d7%aa/
mysiddurname,פסח,MSN-7523,"סט משפחתי של הגדות דגם ליין",149,149,0,2,https://mysiddurname.co.il/product/%d7%a1%d7%98-%d7%9e%d7%a9%d7%a4%d7%97%d7%aa%d7%99-%d7%a9%d7%9c-%d7%94%d7%92%d7%93%d7%95%d7%aa-%d7%93%d7%92%d7%9d-%d7%9c%d7%99%d7%99%d7%9f/
mysiddurname,פסח,MSN-7607,"סט משפחתי הגדה לפסח דגם יציאת מצרים כריכה רכה – שמנת",179,179,0,2,https://mysiddurname.co.il/product/%d7%a1%d7%98-%d7%9e%d7%a9%d7%a4%d7%97%d7%aa%d7%99-%d7%94%d7%92%d7%93%d7%94-%d7%9c%d7%a4%d7%a1%d7%97-%d7%93%d7%92%d7%9d-%d7%99%d7%a6%d7%99%d7%90%d7%aa-%d7%9e%d7%a6%d7%a8%d7%99%d7%9d-%d7%9b%d7%a8-4/
mysiddurname,פסח,MSN-854ad825089f,"מארז משפחתי לפסח – הגדות לחג ויין",229,229,0,3,https://mysiddurname.co.il/product/%d7%9e%d7%90%d7%a8%d7%96-%d7%9e%d7%a9%d7%a4%d7%97%d7%aa%d7%99-%d7%9c%d7%a4%d7%a1%d7%97-%d7%94%d7%92%d7%93%d7%95%d7%aa-%d7%9c%d7%97%d7%92-%d7%95%d7%99%d7%99%d7%9f/
mysiddurname,פסח,MSN-d013f1a356da,"מארז משפחתי לפסח",169,169,0,3,https://mysiddurname.co.il/product/%d7%9e%d7%90%d7%a8%d7%96-%d7%9e%d7%a9%d7%a4%d7%97%d7%aa%d7%99-%d7%9c%d7%a4%d7%a1%d7%97/
mysiddurname,פסח,MSN-1299,"מארז משפחתי הגדה קלאסית כריכה קשה- כסף",209,209,0,3,https://mysiddurname.co.il/product/%d7%9e%d7%90%d7%a8%d7%96-%d7%9e%d7%a9%d7%a4%d7%97%d7%aa%d7%99-%d7%94%d7%92%d7%93%d7%94-%d7%a7%d7%9c%d7%90%d7%a1%d7%99%d7%aa-%d7%9b%d7%a8%d7%99%d7%9b%d7%94-%d7%a7%d7%a9%d7%94-%d7%9b%d7%a1%d7%a3/
mysiddurname,פסח,MSN-1298,"מארז משפחתי הגדה קלאסית כריכה קשה- זהב",209,209,0,3,https://mysiddurname.co.il/product/%d7%9e%d7%90%d7%a8%d7%96-%d7%9e%d7%a9%d7%a4%d7%97%d7%aa%d7%99-%d7%94%d7%92%d7%93%d7%94-%d7%a7%d7%9c%d7%90%d7%a1%d7%99%d7%aa-%d7%9b%d7%a8%d7%99%d7%9b%d7%94-%d7%a7%d7%a9%d7%94-%d7%96%d7%94%d7%91/
mysiddurname,פסח,MSN-1296,"מארז משפחתי דגם קריעת ים סוף כריכה רכה",149,149,0,3,https://mysiddurname.co.il/product/%d7%9e%d7%90%d7%a8%d7%96-%d7%9e%d7%a9%d7%a4%d7%97%d7%aa%d7%99-%d7%93%d7%92%d7%9d-%d7%a7%d7%a8%d7%99%d7%a2%d7%aa-%d7%99%d7%9d-%d7%a1%d7%95%d7%a3-%d7%9b%d7%a8%d7%99%d7%9b%d7%94-%d7%a8%d7%9b%d7%94/
mysiddurname,פסח,MSN-1293,"מארז לפסח למתנה לועדי עובדים",179,179,0,3,https://mysiddurname.co.il/product/%d7%9e%d7%90%d7%a8%d7%96-%d7%9c%d7%a4%d7%a1%d7%97-%d7%9c%d7%9e%d7%aa%d7%a0%d7%94-%d7%9c%d7%95%d7%a2%d7%93%d7%99-%d7%a2%d7%95%d7%91%d7%93%d7%99%d7%9d/
mysiddurname,פסח,MSN-1292,"מארז לפסח למתנה – הגדה לפסח, יין, כיסוי מצה ושוקולדים",219,219,0,3,https://mysiddurname.co.il/product/%d7%9e%d7%90%d7%a8%d7%96-%d7%9c%d7%a4%d7%a1%d7%97-%d7%9c%d7%9e%d7%aa%d7%a0%d7%94-%d7%94%d7%92%d7%93%d7%94-%d7%9c%d7%a4%d7%a1%d7%97-%d7%99%d7%99%d7%9f-%d7%9b%d7%99%d7%a1%d7%95%d7%99-%d7%9e%d7%a6/
mysiddurname,פסח,MSN-ed476c9ea443,"מארז לפסח יוקרתי – הגדות של פסח, יין, כוס קידוש ושוקולדים",349,349,0,3,https://mysiddurname.co.il/product/%d7%9e%d7%90%d7%a8%d7%96-%d7%9c%d7%a4%d7%a1%d7%97-%d7%99%d7%95%d7%a7%d7%a8%d7%aa%d7%99-%d7%94%d7%92%d7%93%d7%95%d7%aa-%d7%a9%d7%9c-%d7%a4%d7%a1%d7%97-%d7%99%d7%99%d7%9f-%d7%9b%d7%95%d7%a1-%d7%a7/
mysiddurname,פסח,MSN-1290,"מארז לפסח דגם מזוודה – שוקולד ויין",169,169,0,1,https://mysiddurname.co.il/product/%d7%9e%d7%90%d7%a8%d7%96-%d7%9c%d7%a4%d7%a1%d7%97-%d7%93%d7%92%d7%9d-%d7%9e%d7%96%d7%95%d7%95%d7%93%d7%94-%d7%a9%d7%95%d7%a7%d7%95%d7%9c%d7%93-%d7%95%d7%99%d7%99%d7%9f/
mysiddurname,פסח,MSN-90fa374570df,"מארז לפסח – הגדה של פסח, יין ושוקולדים",139,139,0,3,https://mysiddurname.co.il/product/%d7%9e%d7%90%d7%a8%d7%96-%d7%9c%d7%a4%d7%a1%d7%97-%d7%94%d7%92%d7%93%d7%94-%d7%a9%d7%9c-%d7%a4%d7%a1%d7%97-%d7%99%d7%99%d7%9f-%d7%95%d7%a9%d7%95%d7%a7%d7%95%d7%9c%d7%93%d7%99%d7%9d/
mysiddurname,פסח,MSN-e9467820d813,"מארז לפסח – הגדה של פסח לצד פרלינים שוויצרים – שמנת",99,99,0,2,https://mysiddurname.co.il/product/%d7%9e%d7%90%d7%a8%d7%96-%d7%9c%d7%a4%d7%a1%d7%97-%d7%94%d7%92%d7%93%d7%94-%d7%a9%d7%9c-%d7%a4%d7%a1%d7%97-%d7%9c%d7%a6%d7%93-%d7%a4%d7%a8%d7%9c%d7%99%d7%a0%d7%99%d7%9d-%d7%a9%d7%95%d7%95%d7%99/
mysiddurname,פסח,MSN-c432ee58ed33,"מארז הגדה לצד פרלינים שוויצרים בכשרות מהודרת – כסף",64.9,64.9,0,2,https://mysiddurname.co.il/product/haggadah-pearls-kosher/
mysiddurname,פסח,MSN-5f74a1775c6b,"מארז 4 הגדות לצד פרלינים שוויצרים בכשרות מהדורת",99,99,0,1,https://mysiddurname.co.il/product/%d7%9e%d7%90%d7%a8%d7%96-4-%d7%94%d7%92%d7%93%d7%95%d7%aa-%d7%9c%d7%a6%d7%93-%d7%a4%d7%a8%d7%9c%d7%99%d7%a0%d7%99%d7%9d-%d7%a9%d7%95%d7%95%d7%99%d7%a6%d7%a8%d7%99%d7%9d-%d7%91%d7%9b%d7%a9%d7%a8%d7%95/
mysiddurname,פסח,MSN-7379,"מעמד הגדות דגם קריסטל – כסף",549,549,0,1,https://mysiddurname.co.il/product/%d7%9e%d7%a2%d7%9e%d7%93-%d7%94%d7%92%d7%93%d7%95%d7%aa-%d7%93%d7%92%d7%9d-%d7%a7%d7%a8%d7%99%d7%a1%d7%98%d7%9c-%d7%9b%d7%a1%d7%a3/
mysiddurname,פסח,MSN-7378,"מעמד הגדות דגם קריסטל – לבן",549,549,0,1,https://mysiddurname.co.il/product/%d7%9e%d7%a2%d7%9e%d7%93-%d7%94%d7%92%d7%93%d7%95%d7%aa-%d7%93%d7%92%d7%9d-%d7%a7%d7%a8%d7%99%d7%a1%d7%98%d7%9c-%d7%9c%d7%91%d7%9f/
mysiddurname,פסח,MSN-7374,"מעמד הגדות דגם קריסטל – שמנת",549,549,0,1,https://mysiddurname.co.il/product/%d7%9e%d7%a2%d7%9e%d7%93-%d7%94%d7%92%d7%93%d7%95%d7%aa-%d7%93%d7%92%d7%9d-%d7%a7%d7%a8%d7%99%d7%a1%d7%98%d7%9c-%d7%a9%d7%9e%d7%a0%d7%aa/
mysiddurname,פסח,MSN-7372,"מעמד הגדות דגם קריסטל – שחור",549,549,0,1,https://mysiddurname.co.il/product/%d7%9e%d7%a2%d7%9e%d7%93-%d7%94%d7%92%d7%93%d7%95%d7%aa-%d7%93%d7%92%d7%9d-%d7%a7%d7%a8%d7%99%d7%a1%d7%98%d7%9c-%d7%a9%d7%97%d7%95%d7%a8/
mysiddurname,פסח,MSN-9fd209ecff08,"מארז לפסח סופר יוקרתי – הגדות של פסח, יין, כוס קידוש, כיסוי מצה ושוקולדים",379,379,0,3,https://mysiddurname.co.il/product/%d7%9e%d7%90%d7%a8%d7%96-%d7%9c%d7%a4%d7%a1%d7%97-%d7%a1%d7%95%d7%a4%d7%a8-%d7%99%d7%95%d7%a7%d7%a8%d7%aa%d7%99-%d7%94%d7%92%d7%93%d7%95%d7%aa-%d7%a9%d7%9c-%d7%a4%d7%a1%d7%97-%d7%99%d7%99%d7%9f/
mysiddurname,פסח,MSN-1081,"הגדות לפסח דמוי עור – מארז מפואר",309,309,0,3,https://mysiddurname.co.il/product/%d7%94%d7%92%d7%93%d7%95%d7%aa-%d7%9c%d7%a4%d7%a1%d7%97-%d7%93%d7%9e%d7%95%d7%99-%d7%a2%d7%95%d7%a8-%d7%9e%d7%90%d7%a8%d7%96-%d7%9e%d7%a4%d7%95%d7%90%d7%a8/
mysiddurname,פסח,MSN-1065,"הגדה של פסח דמוי עור דגם סימנים סט משפחתי – מגוון צבעים",249,249,0,3,https://mysiddurname.co.il/product/%d7%94%d7%92%d7%93%d7%94-%d7%a9%d7%9c-%d7%a4%d7%a1%d7%97-%d7%93%d7%9e%d7%95%d7%99-%d7%a2%d7%95%d7%a8-%d7%93%d7%92%d7%9d-%d7%a1%d7%99%d7%9e%d7%a0%d7%99%d7%9d-%d7%a1%d7%98-%d7%9e%d7%a9%d7%a4%d7%97%d7%aa/
mysiddurname,ראש השנה,MSN-8847,"מארז יין שנה טובה בכריכה קשה",94.9,94.9,0,3,https://mysiddurname.co.il/product/%d7%9e%d7%90%d7%a8%d7%96-%d7%99%d7%99%d7%9f-%d7%a9%d7%a0%d7%94-%d7%98%d7%95%d7%91%d7%94-%d7%91%d7%9b%d7%a8%d7%99%d7%9b%d7%94-%d7%a7%d7%a9%d7%94/
mysiddurname,ראש השנה,MSN-8845,"מארז יין שנה טובה דמוי עור",149,149,0,3,https://mysiddurname.co.il/product/%d7%9e%d7%90%d7%a8%d7%96-%d7%99%d7%99%d7%9f-%d7%a9%d7%a0%d7%94-%d7%98%d7%95%d7%91%d7%94-%d7%93%d7%9e%d7%95%d7%99-%d7%a2%d7%95%d7%a8/
simchonim,פורים,SIM-9184,"מארז מעטפת ושוקולד לפורים אומנותי",58,58,2,3,https://simchonim.co.il/products-catalog/%d7%9e%d7%aa%d7%a0%d7%95%d7%aa/%d7%9e%d7%90%d7%a8%d7%96%d7%99%d7%9d/%d7%9e%d7%90%d7%a8%d7%96-%d7%9e%d7%a2%d7%98%d7%a4%d7%aa-%d7%95%d7%a9%d7%95%d7%a7%d7%95%d7%9c%d7%93-%d7%9c%d7%a4%d7%95%d7%a8%d7%99%d7%9d-%d7%90%d7%95%d7%9e%d7%a0%d7%95%d7%aa%d7%99/
simchonim,פורים,SIM-99193,"מארז מעטפת ושוקולד לפורים שחור",58,58,2,3,https://simchonim.co.il/products-catalog/%d7%9e%d7%aa%d7%a0%d7%95%d7%aa/%d7%9e%d7%90%d7%a8%d7%96%d7%99%d7%9d/%d7%9e%d7%90%d7%a8%d7%96-%d7%9e%d7%a2%d7%98%d7%a4%d7%aa-%d7%a9%d7%97%d7%95%d7%a8-%d7%9c%d7%a4%d7%95%d7%a8%d7%99%d7%9d/
simchonim,פורים,SIM-36609,"מארז הרמוניה צבעוני לפורים",98,98,1,3,https://simchonim.co.il/products-catalog/%d7%97%d7%93%d7%a9-%d7%91%d7%a9%d7%9e%d7%97%d7%95%d7%a0%d7%99%d7%9d/%d7%9b%d7%9c-%d7%94%d7%9e%d7%95%d7%a6%d7%a8%d7%99%d7%9d-%d7%97%d7%93%d7%a9%d7%99%d7%9d/%d7%9e%d7%90%d7%a8%d7%96-%d7%94%d7%a8%d7%9e%d7%95%d7%a0%d7%99%d7%94-%d7%a6%d7%91%d7%a2%d7%95%d7%a0%d7%99-%d7%9c%d7%a4%d7%95%d7%a8%d7%99%d7%9d/
simchonim,פורים,SIM-4312,"מארז הרמוניה שחור לפורים",98,98,1,3,https://simchonim.co.il/products-catalog/%d7%97%d7%93%d7%a9-%d7%91%d7%a9%d7%9e%d7%97%d7%95%d7%a0%d7%99%d7%9d/%d7%9b%d7%9c-%d7%94%d7%9e%d7%95%d7%a6%d7%a8%d7%99%d7%9d-%d7%97%d7%93%d7%a9%d7%99%d7%9d/%d7%9e%d7%90%d7%a8%d7%96-%d7%94%d7%a8%d7%9e%d7%95%d7%a0%d7%99%d7%94-%d7%a9%d7%97%d7%95%d7%a8-%d7%9c%d7%a4%d7%95%d7%a8%d7%99%d7%9d/
simchonim,פורים,SIM-4309,"מארז ריחני אורה ושמחה לפורים",89,89,1,3,https://simchonim.co.il/products-catalog/%d7%9e%d7%aa%d7%a0%d7%95%d7%aa/%d7%9e%d7%90%d7%a8%d7%96%d7%99%d7%9d/%d7%9e%d7%90%d7%a8%d7%96-%d7%a8%d7%99%d7%97%d7%a0%d7%99-%d7%9c%d7%a4%d7%95%d7%a8%d7%99%d7%9d/
simchonim,פורים,SIM-4311,"מארז ברכונים מגנטי עם ליקר",72,72,2,3,https://simchonim.co.il/products-catalog/%d7%9e%d7%aa%d7%a0%d7%95%d7%aa/%d7%9e%d7%90%d7%a8%d7%96%d7%99%d7%9d/%d7%9e%d7%90%d7%a8%d7%96-%d7%91%d7%a8%d7%9b%d7%95%d7%a0%d7%99%d7%9d-%d7%9e%d7%92%d7%a0%d7%98%d7%99/
simchonim,פורים,SIM-4310,"מארז ליהודים היתה לפורים",136,136,1,3,https://simchonim.co.il/products-catalog/%d7%9e%d7%aa%d7%a0%d7%95%d7%aa/%d7%9e%d7%90%d7%a8%d7%96%d7%99%d7%9d/%d7%9e%d7%90%d7%a8%d7%96-%d7%9c%d7%99%d7%94%d7%95%d7%93%d7%99%d7%9d-%d7%94%d7%99%d7%aa%d7%94-%d7%9c%d7%a4%d7%95%d7%a8%d7%99%d7%9d/
simchonim,פורים,SIM-99196,"מארז פורים יוקרתי",155,155,1,3,https://simchonim.co.il/products-catalog/%d7%9e%d7%aa%d7%a0%d7%95%d7%aa/%d7%9e%d7%90%d7%a8%d7%96%d7%99%d7%9d/%d7%9e%d7%90%d7%a8%d7%96-%d7%a4%d7%95%d7%a8%d7%99%d7%9d-%d7%99%d7%95%d7%a7%d7%a8%d7%aa%d7%99/
simchonim,פורים,SIM-99195,"מארז אישי מגילת אסתר",98,98,1,3,https://simchonim.co.il/products-catalog/%d7%9e%d7%aa%d7%a0%d7%95%d7%aa/%d7%9e%d7%90%d7%a8%d7%96%d7%99%d7%9d/%d7%9e%d7%90%d7%a8%d7%96-%d7%90%d7%99%d7%a9%d7%99-%d7%9e%d7%92%d7%99%d7%9c%d7%aa-%d7%90%d7%a1%d7%aa%d7%a8/
simchonim,פורים,SIM-4319,"מארז ברכונים מגנטי לוסייט",325,325,2,3,https://simchonim.co.il/products-catalog/%d7%9e%d7%aa%d7%a0%d7%95%d7%aa/%d7%9e%d7%90%d7%a8%d7%96%d7%99%d7%9d/%d7%9e%d7%90%d7%a8%d7%96-%d7%91%d7%a8%d7%9b%d7%95%d7%a0%d7%99%d7%9d-%d7%9e%d7%92%d7%a0%d7%98%d7%99-%d7%9c%d7%95%d7%a1%d7%99%d7%99%d7%98/
simchonim,פורים,SIM-4320,"מארז זמירות דגם תחרה",380,380,2,3,https://simchonim.co.il/products-catalog/%d7%9e%d7%aa%d7%a0%d7%95%d7%aa/%d7%9e%d7%90%d7%a8%d7%96%d7%99%d7%9d/%d7%9e%d7%90%d7%a8%d7%96-%d7%96%d7%9e%d7%99%d7%a8%d7%95%d7%aa-%d7%93%d7%92%d7%9d-%d7%aa%d7%97%d7%a8%d7%94/
simchonim,ראש השנה,SIM-99824,"מארז הרמוניה אומנותי",98,98,2,3,https://simchonim.co.il/products-catalog/%d7%9e%d7%aa%d7%a0%d7%95%d7%aa/%d7%9e%d7%90%d7%a8%d7%96%d7%99%d7%9d/%d7%9e%d7%90%d7%a8%d7%96-%d7%94%d7%a8%d7%9e%d7%95%d7%a0%d7%99%d7%94-%d7%90%d7%95%d7%9e%d7%a0%d7%95%d7%aa%d7%99/
simchonim,ראש השנה,SIM-998141,"מארז הרמוניה דגם תפוח",98,98,3,3,https://simchonim.co.il/products-catalog/%d7%9e%d7%aa%d7%a0%d7%95%d7%aa/%d7%9e%d7%90%d7%a8%d7%96%d7%99%d7%9d/%d7%9e%d7%90%d7%a8%d7%96-%d7%94%d7%a8%d7%9e%d7%95%d7%a0%d7%99%d7%94-%d7%93%d7%92%d7%9d-%d7%aa%d7%a4%d7%95%d7%97/
simchonim,ראש השנה,SIM-810003,"מארז פסיפס רכה",79,79,2,3,https://simchonim.co.il/products-catalog/%d7%9e%d7%aa%d7%a0%d7%95%d7%aa/%d7%9e%d7%90%d7%a8%d7%96%d7%99%d7%9d/%d7%9e%d7%90%d7%a8%d7%96-%d7%a9%d7%a0%d7%94-%d7%93%d7%91%d7%a9/
simchonim,ראש השנה,SIM-9954,"מארז מעטפת דבש",58,58,2,3,https://simchonim.co.il/products-catalog/%d7%9e%d7%aa%d7%a0%d7%95%d7%aa/%d7%9e%d7%90%d7%a8%d7%96%d7%99%d7%9d/%d7%9e%d7%90%d7%a8%d7%96-%d7%9e%d7%a2%d7%98%d7%a4%d7%aa-%d7%93%d7%91%d7%a9/
simchonim,ראש השנה,SIM-999141,"מארז מעטפת פסיפס ושוקולד",58,58,2,3,https://simchonim.co.il/products-catalog/%d7%9e%d7%aa%d7%a0%d7%95%d7%aa/%d7%9e%d7%90%d7%a8%d7%96%d7%99%d7%9d/%d7%9e%d7%90%d7%a8%d7%96-%d7%9e%d7%a2%d7%98%d7%a4%d7%aa-%d7%a4%d7%a1%d7%99%d7%a4%d7%a1-%d7%95%d7%a9%d7%95%d7%a7%d7%95%d7%9c%d7%93/
simchonim,ראש השנה,SIM-954,"מארז דבש",78,78,2,3,https://simchonim.co.il/products-catalog/%d7%9e%d7%aa%d7%a0%d7%95%d7%aa/%d7%9e%d7%90%d7%a8%d7%96%d7%99%d7%9d/%d7%9e%d7%90%d7%a8%d7%96-%d7%93%d7%91%d7%a9/
simchonim,ראש השנה,SIM-810002,"מארז פסיפס קשה",78,78,2,3,https://simchonim.co.il/products-catalog/%d7%9e%d7%aa%d7%a0%d7%95%d7%aa/%d7%9e%d7%90%d7%a8%d7%96%d7%99%d7%9d/%d7%9e%d7%90%d7%a8%d7%96-%d7%a4%d7%a1%d7%99%d7%a4%d7%a1-%d7%95%d7%93%d7%91%d7%a9/
simchonim,ראש השנה,SIM-810001,"מארז כרטיס אומנותי",138,138,0,3,https://simchonim.co.il/products-catalog/%d7%9e%d7%aa%d7%a0%d7%95%d7%aa/%d7%9e%d7%90%d7%a8%d7%96%d7%99%d7%9d/%d7%9e%d7%90%d7%a8%d7%96-%d7%9b%d7%a8%d7%98%d7%99%d7%a1-%d7%90%d7%95%d7%9e%d7%a0%d7%95%d7%aa%d7%99-2/
simchonim,ראש השנה,SIM-99833201,"מארז אישי הדלקת נרות",98,98,1,3,https://simchonim.co.il/products-catalog/%d7%9e%d7%aa%d7%a0%d7%95%d7%aa/%d7%9e%d7%90%d7%a8%d7%96%d7%99%d7%9d/%d7%9e%d7%90%d7%a8%d7%96-%d7%90%d7%99%d7%a9%d7%99-%d7%94%d7%93%d7%9c%d7%a7%d7%aa-%d7%a0%d7%a8%d7%95%d7%aa/