קוד UK,שם,מחיר ספק,מחיר אצלנו,מחיר מחוק,מגיע בקרוב,תאריך צפי,כמות באריזה,קטגוריה,תת-קטגוריה,תמונה
UK41267,"כלי לדבש פיליגרין ""עיטורים"" גימור זהב 10 ס""מ",16.99,27,33,,,1,חגים,דבשיות לראש השנה,https://www.israel-judaica.com/big/41267.jpg
UK41390,"כלי לדבש פיליגרין ""עיטורים"" גימור כסף 10 ס""מ",16.99,27,33,,,1,חגים,דבשיות לראש השנה,https://www.israel-judaica.com/big/41390.jpg
UK41391,"כלי לדבש פיליגרין ""עיטורים"" גימור כסף 10 ס""מ",16.99,27,33,,,1,חגים,דבשיות לראש השנה,https://www.israel-judaica.com/big/41391.jpg
UK83542,"כלי לדבש ""במבוק טבעי"" ""שנה טובה"" 6.5 ס""מ",10.99,17,22,,,1,חגים,דבשיות לראש השנה,https://www.israel-judaica.com/webp/83542.webp
UK83543,"כלי לדבש ""במבוק טבעי"" ""שנה טובה"" 6.5 ס""מ",10.99,17,22,,,1,חגים,דבשיות לראש השנה,https://www.israel-judaica.com/webp/83543.webp
UK83538,"כלי לדבש ""במבוק טבעי"" ""שנה טובה"" 6.5 ס""מ",10.99,17,22,,,1,חגים,דבשיות לראש השנה,https://www.israel-judaica.com/webp/83538.webp
UK83541,"כלי לדבש ""במבוק טבעי"" ""שנה טובה"" 6.5 ס""מ",10.99,17,22,,,1,חגים,דבשיות לראש השנה,https://www.israel-judaica.com/webp/83541.webp
UK83544,"כלי לדבש ""במבוק טבעי"" ""שנה טובה"" 6.5 ס""מ",10.99,17,22,,,1,חגים,דבשיות לראש השנה,https://www.israel-judaica.com/webp/83544.webp
UK83943,"כלי לדבש אקריליק גימור זהב 7 ס""מ",10.99,17,22,,,1,חגים,דבשיות לראש השנה,https://www.israel-judaica.com/webp/83943.webp
UK83944,"כלי לדבש אקריליק 8 ס""מ",10.99,17,22,,,1,חגים,דבשיות לראש השנה,https://www.israel-judaica.com/webp/83944.webp
UK59565,כלי לדבש אקריליק כוורת בזהב,39.99,63,78,,,1,חגים,דבשיות לראש השנה,https://www.israel-judaica.com/webp/59565.webp
UK59566,כלי לדבש אקריליק פסים בזהב,39.99,63,78,,,1,חגים,דבשיות לראש השנה,https://www.israel-judaica.com/webp/59566.webp
UK59567,כלי לדבש אקריליק מודפסת בזהב,39.99,63,78,,,1,חגים,דבשיות לראש השנה,https://www.israel-judaica.com/webp/59567.webp
UK83443,"כלי לדבש אקריליק גימור זהב 8.5 ס""מ",39.99,63,78,,,1,חגים,דבשיות לראש השנה,https://www.israel-judaica.com/webp/83443.webp
UK83444,"כלי לדבש אקריליק גימור כסף 9.5 ס""מ",39.99,63,78,,,1,חגים,דבשיות לראש השנה,https://www.israel-judaica.com/webp/83444.webp
UK50056,"כלי לדבש אקריליק גימור זהב 8.5 ס""מ",49.99,78,98,,,1,חגים,דבשיות לראש השנה,https://www.israel-judaica.com/webp/50056.webp
UK83429,"כלי לדבש אקריליק גימור כסף 9.5 ס""מ",49.99,78,98,,,1,חגים,דבשיות לראש השנה,https://www.israel-judaica.com/webp/83429.webp
UK83445,"כלי לדבש אקריליק גימור זהב 8.5 ס""מ",39.99,63,78,,,1,חגים,דבשיות לראש השנה,https://www.israel-judaica.com/webp/83445.webp
UK83446,"כלי לדבש אקריליק גימור כסף 9.5 ס""מ",39.99,63,78,,,1,חגים,דבשיות לראש השנה,https://www.israel-judaica.com/webp/83446.webp
UK58052,"כלי לדבש אקריליק גימור זהב 9 ס""מ",49.99,78,98,,,1,חגים,דבשיות לראש השנה,https://www.israel-judaica.com/webp/58052.webp
UK59834,"כלי לדבש אקריליק גימור כסף 9 ס""מ",49.99,78,98,,,1,חגים,דבשיות לראש השנה,https://www.israel-judaica.com/webp/59834.webp
UK59835,"כלי לדבש אקריליק מרובע גימור כסף 9.5 ס""מ",49.99,78,98,,,1,חגים,דבשיות לראש השנה,https://www.israel-judaica.com/webp/59835.webp
UK88755,"כלי לדבש אקריליק מרובע גימור זהב 9.5 ס""מ",49.99,78,98,,,1,חגים,דבשיות לראש השנה,https://www.israel-judaica.com/webp/88755.webp
UK53136,"כלי לדבש אקריליק גימור כסף 13 ס""מ",49.99,78,98,,,1,חגים,דבשיות לראש השנה,https://www.israel-judaica.com/webp/53136.webp
UK53176,"כלי לדבש אקריליק גימור כסף 13 ס""מ",49.99,78,98,,,1,חגים,דבשיות לראש השנה,https://www.israel-judaica.com/webp/53176.webp
UK53200,"כלי לדבש אקריליק גימור זהב 13 ס""מ",49.99,78,98,,,1,חגים,דבשיות לראש השנה,https://www.israel-judaica.com/webp/53200.webp
UK53201,"כלי לדבש אקריליק גימור זהב 13 ס""מ",49.99,78,98,,,1,חגים,דבשיות לראש השנה,https://www.israel-judaica.com/webp/53201.webp
UK53203,"כלי קריסטל מהודר לדבש רימון ""שקוף"" 10 ס""מ",54.99,86,108,,,1,חגים,דבשיות לראש השנה,https://www.israel-judaica.com/webp/53203.webp
UK53204,"כלי קריסטל מהודר לדבש רימון ""זהב"" 10 ס""מ",54.99,86,108,,,1,חגים,דבשיות לראש השנה,https://www.israel-judaica.com/webp/53204.webp
UK57688,"כלי קריסטל מהודר לדבש רימון ""רוז גולד"" 10 ס""מ",54.99,86,108,,,1,חגים,דבשיות לראש השנה,https://www.israel-judaica.com/webp/57688.webp
UK83288,"כלי מהודר לדבש מקריסטל 10x6 ס""מ - שקוף",54.99,86,108,,,1,חגים,דבשיות לראש השנה,https://www.israel-judaica.com/webp/83288.webp
UK83289,"כלי מהודר לדבש מקריסטל 10x6 ס""מ - זהב",54.99,86,108,,,1,חגים,דבשיות לראש השנה,https://www.israel-judaica.com/webp/83289.webp
UK83290,"כלי מהודר לדבש מקריסטל 10x6 ס""מ - רוז גולד",54.99,86,108,,,1,חגים,דבשיות לראש השנה,https://www.israel-judaica.com/webp/83290.webp
UK57905,"כלי מהודר לדבש מקריסטל ""רוז גולד"" 11 ס""מ",64.99,102,127,,,1,חגים,דבשיות לראש השנה,https://www.israel-judaica.com/webp/57905.webp
UK58001,"כלי מהודר לדבש מקריסטל ""שקוף"" 11 ס""מ",64.99,102,127,,,1,חגים,דבשיות לראש השנה,https://www.israel-judaica.com/webp/58001.webp
UK83046,"כלי מהודר לדבש מקריסטל ""זהב"" 11 ס""מ",64.99,102,127,,,1,חגים,דבשיות לראש השנה,https://www.israel-judaica.com/webp/83046.webp
UK55746,"כלי מהודר לדבש מקריסטל 10x6.5 ס""מ - רוז גולד",64.99,102,127,,,1,חגים,דבשיות לראש השנה,https://www.israel-judaica.com/webp/55746.webp
UK83295,"כלי מהודר לדבש מקריסטל 10x6.5 ס""מ - זהב",64.99,102,127,,,1,חגים,דבשיות לראש השנה,https://www.israel-judaica.com/webp/83295.webp
UK58002,"כלי מהודר לדבש מקריסטל ""שקוף"" 7 ס""מ",54.99,86,108,,,1,חגים,דבשיות לראש השנה,https://www.israel-judaica.com/webp/58002.webp
UK83045,"כלי מהודר לדבש מקריסטל ""זהב"" 7 ס""מ",54.99,86,108,,,1,חגים,דבשיות לראש השנה,https://www.israel-judaica.com/webp/83045.webp
UK81563,"כלי מהודר לדבש מקריסטל עם פלקטה 7X7 ס""מ",36.99,58,73,,,1,חגים,דבשיות לראש השנה,https://www.israel-judaica.com/webp/81563.webp
UK81564,"כלי מהודר לדבש מקריסטל עם פלקטה 7X7 ס""מ",36.99,58,73,,,1,חגים,דבשיות לראש השנה,https://www.israel-judaica.com/webp/81564.webp
UK81565,"כלי מהודר לדבש מקריסטל עם פלקטה 7X7 ס""מ",36.99,58,73,,,1,חגים,דבשיות לראש השנה,https://www.israel-judaica.com/webp/81565.webp
UK81566,"כלי מהודר לדבש מקריסטל עם פלקטה 7X7 ס""מ",36.99,58,73,,,1,חגים,דבשיות לראש השנה,https://www.israel-judaica.com/webp/81566.webp
UK41370,"כלי מהודר לדבש מקריסטל עם פלקטה 7x7 ס""מ",36.99,58,73,,,1,חגים,דבשיות לראש השנה,https://www.israel-judaica.com/webp/41370.webp
UK82763,"כלי מהודר לדבש מקריסטל עם פלקטה 6 ס""מ",36.99,58,73,,,1,חגים,דבשיות לראש השנה,https://www.israel-judaica.com/webp/82763.webp
UK82764,"כלי מהודר לדבש מקריסטל עם פלקטה 6 ס""מ",36.99,58,73,,,1,חגים,דבשיות לראש השנה,https://www.israel-judaica.com/webp/82764.webp
UK81534,"צלחת זכוכית לדבש עם הדפסה 19 ס""מ",29.99,47,59,,,1,חגים,דבשיות לראש השנה,https://www.israel-judaica.com/big/81534.jpg
UK41350,"צלחת זכוכית מהודרת לתפוח בדבש 19 ס""מ",29.99,47,59,,,1,חגים,דבשיות לראש השנה,https://www.israel-judaica.com/webp/41350.webp
UK81793,"צלחת זכוכית מהודרת לתפוח בדבש 19 ס""מ",29.99,47,59,,,1,חגים,דבשיות לראש השנה,https://www.israel-judaica.com/big/81793.jpg
UK83547,"סט להגשת תפוח בדבש זכוכית בלתי שבירה 19 ס""מ - כחול",16.99,27,33,כן,30/07/2026,1,חגים,דבשיות לראש השנה,https://www.israel-judaica.com/webp/83547.webp
UK83528,"צלחת מלמין מהודרת לראש השנה עלים כחול 35 ס""מ",26.99,42,53,,,1,חגים,צלחות סימני ראש השנה,https://www.israel-judaica.com/webp/83528.webp
UK83529,"צלחת מלמין מהודרת לראש השנה ציור רימונים 35 ס""מ",26.99,42,53,,,1,חגים,צלחות סימני ראש השנה,https://www.israel-judaica.com/webp/83529.webp
UK83510,"צלחת מלמין מהודרת לראש השנה פרחים 35 ס""מ",26.99,42,53,,,1,חגים,צלחות סימני ראש השנה,https://www.israel-judaica.com/webp/83510.webp
UK83537,"צלחת מלמין מהודרת לראש השנה רימונים בורדו 35 ס""מ",26.99,42,53,,,1,חגים,צלחות סימני ראש השנה,https://www.israel-judaica.com/webp/83537.webp
UK83531,"צלחת זכוכית מהודרת לראש השנה, רימונים 35 ס""מ",44.99,71,88,,,1,חגים,צלחות סימני ראש השנה,https://www.israel-judaica.com/webp/83531.webp
UK83533,"צלחת זכוכית מהודרת לראש השנה, רימונים כחול 35 ס""מ",44.99,71,88,,,1,חגים,צלחות סימני ראש השנה,https://www.israel-judaica.com/webp/83533.webp
UK83532,"צלחת זכוכית מהודרת לראש השנה, פרחים 35 ס""מ",44.99,71,88,,,1,חגים,צלחות סימני ראש השנה,https://www.israel-judaica.com/webp/83532.webp
UK81500,"צלחת עגולה מהודרת לראש השנה מזכוכית וקריסטל 40 ס""מ",119.99,188,235,,,1,חגים,צלחות סימני ראש השנה,https://www.israel-judaica.com/big/81500.jpg
UK81792,"צלחת עגולה מהודרת לראש השנה מזכוכית וקריסטל 40 ס""מ",119.99,188,235,,,1,חגים,צלחות סימני ראש השנה,https://www.israel-judaica.com/big/81792.jpg
UK55799,"צלחת עגולה מהודרת לראש השנה אקריליק עם כלי לדבש 38 ס""מ - כסף",199.99,314,392,,,1,חגים,צלחות סימני ראש השנה,https://www.israel-judaica.com/webp/55799.webp
UK55801,"צלחת עגולה מהודרת לראש השנה אקריליק עם כלי לדבש 38 ס""מ - זהב",199.99,314,392,,,1,חגים,צלחות סימני ראש השנה,https://www.israel-judaica.com/webp/55801.webp
UK80957,"צלחת עגולה מהודרת לראש השנה אקריליק עם כלי לדבש 38 ס""מ - כסף",199.99,314,392,,,1,חגים,צלחות סימני ראש השנה,https://www.israel-judaica.com/webp/80957.webp
UK83042,"צלחת עגולה מהודרת לראש השנה אקריליק עם כלי לדבש - ברכות זהב 38 ס""מ",199.99,314,392,,,1,חגים,צלחות סימני ראש השנה,https://www.israel-judaica.com/webp/83042.webp
UK80999,"צלחת עגולה מהודרת לראש השנה אקריליק עם כלי לדבש 38 ס""מ - זהב",199.99,314,392,,,1,חגים,צלחות סימני ראש השנה,https://www.israel-judaica.com/webp/80999.webp
UK83733,סט מגש וכלי לדבש מאקריליק - שנה טובה זהב,129.99,204,255,,,1,חגים,צלחות סימני ראש השנה,https://www.israel-judaica.com/webp/83733.webp
UK83741,סט מגש וכלי לדבש מאקריליק - רימון שנה טובה זהב,129.99,204,255,,,1,חגים,צלחות סימני ראש השנה,https://www.israel-judaica.com/webp/83741.webp
UK83742,סט מגש וכלי לדבש מאקריליק - רימונים צבעוני,129.99,204,255,,,1,חגים,צלחות סימני ראש השנה,https://www.israel-judaica.com/webp/83742.webp
UK81350,"סכין עם הדפסה ""שבת ויום טוב"" 34 ס""מ",19.99,31,39,כן,22/07/2026,1,חגים,סכיני חלה לראש השנה,https://www.israel-judaica.com/big/81350.jpg
UK59202,"סכין מהודרת עם ידית מתכת להב חלק סגולה לפרנסה 35 ס""מ - ציפוי כסף",39.99,63,78,כן,22/07/2026,1,חגים,סכיני חלה לראש השנה,https://www.israel-judaica.com/webp/59202.webp
UK59213,"סכין מהודרת להב חלק עם ידית מתכת סגולה לפרנסה 35 ס""מ - ציפוי כסף",39.99,63,78,כן,22/07/2026,1,חגים,סכיני חלה לראש השנה,https://www.israel-judaica.com/webp/59213.webp
UK59254,"סכין מהודרת להב חלק עם ידית מתכת סגולה לפרנסה 35 ס""מ - ציפוי כסף",39.99,63,78,כן,22/07/2026,1,חגים,סכיני חלה לראש השנה,https://www.israel-judaica.com/webp/59254.webp
UK86041,"סכין נירוסטה להב חלק סגולה לפרנסה 32 ס""מ - זהב",21.99,34,43,כן,09/08/2026,1,חגים,סכיני חלה לראש השנה,https://www.israel-judaica.com/webp/86041.webp
UK86359,"סכין נירוסטה להב חלק סגולה לפרנסה 32 ס""מ - זהב",21.99,34,43,כן,09/08/2026,1,חגים,סכיני חלה לראש השנה,https://www.israel-judaica.com/webp/86359.webp
UK59217,"סכין מהודרת עם ידית מתכת להב חלק ""שבת ויום טוב"" 35 ס""מ - ציפוי כסף",39.99,63,78,כן,22/07/2026,1,חגים,סכיני חלה לראש השנה,https://www.israel-judaica.com/webp/59217.webp
UK59236,"סכין מהודרת עם ידית מתכת להב חלק סגולה לפרנסה 35 ס""מ - ציפוי כסף",39.99,63,78,כן,22/07/2026,1,חגים,סכיני חלה לראש השנה,https://www.israel-judaica.com/webp/59236.webp
UK59255,"סכין מהודרת עם ידית מתכת להב חלק ""שבת ויום טוב"" 35 ס""מ - ציפוי זהב",44.99,71,88,כן,22/07/2026,1,חגים,סכיני חלה לראש השנה,https://www.israel-judaica.com/webp/59255.webp
UK59256,"סכין מהודרת עם ידית מתכת להב חלק סגולה לפרנסה 35 ס""מ - ציפוי זהב",44.99,71,88,כן,22/07/2026,1,חגים,סכיני חלה לראש השנה,https://www.israel-judaica.com/webp/59256.webp
UK59272,"סכין מהודרת עם ידית מתכת להב חלק ""שבת ויום טוב"" 35 ס""מ - ציפוי זהב",44.99,71,88,כן,22/07/2026,1,חגים,סכיני חלה לראש השנה,https://www.israel-judaica.com/webp/59272.webp
UK59149,"סכין מהודרת עם ידית מתכת להב משונן ""שבת ויום טוב"" 35 ס""מ - ציפוי כסף",39.99,63,78,כן,22/07/2026,1,חגים,סכיני חלה לראש השנה,https://www.israel-judaica.com/webp/59149.webp
UK59165,"סכין מהודרת עם ידית מתכת להב משונן ""שבת ויום טוב"" 35 ס""מ - ציפוי כסף",39.99,63,78,כן,22/07/2026,1,חגים,סכיני חלה לראש השנה,https://www.israel-judaica.com/webp/59165.webp
UK59166,"סכין מהודרת עם ידית מתכת להב משונן ""שבת ויום טוב"" 35 ס""מ - ציפוי כסף",39.99,63,78,כן,22/07/2026,1,חגים,סכיני חלה לראש השנה,https://www.israel-judaica.com/webp/59166.webp
UK85733,"סכין נירוסטה ""שבת ויום טוב"" 32 ס""מ - זהב",21.99,34,43,כן,09/08/2026,1,חגים,סכיני חלה לראש השנה,https://www.israel-judaica.com/webp/85733.webp
UK86296,"סכין נירוסטה ""שבת ויום טוב"" 32 ס""מ - זהב",21.99,34,43,כן,09/08/2026,1,חגים,סכיני חלה לראש השנה,https://www.israel-judaica.com/webp/86296.webp
UK59167,"סכין מהודרת עם ידית מתכת להב משונן ""שבת ויום טוב"" 35 ס""מ - ציפוי כסף",39.99,63,78,כן,22/07/2026,1,חגים,סכיני חלה לראש השנה,https://www.israel-judaica.com/webp/59167.webp
UK59168,"סכין מהודרת עם ידית מתכת להב משונן ""שבת ויום טוב"" 35 ס""מ - ציפוי כסף",39.99,63,78,כן,22/07/2026,1,חגים,סכיני חלה לראש השנה,https://www.israel-judaica.com/webp/59168.webp
UK59170,"סכין מהודרת עם ידית מתכת להב משונן ""שבת ויום טוב"" 35 ס""מ - ציפוי כסף",39.99,63,78,כן,22/07/2026,1,חגים,סכיני חלה לראש השנה,https://www.israel-judaica.com/webp/59170.webp
UK59198,"סכין מהודרת עם ידית מתכת להב משונן ""שבת ויום טוב"" 35 ס""מ - ציפוי זהב",44.99,71,88,כן,22/07/2026,1,חגים,סכיני חלה לראש השנה,https://www.israel-judaica.com/webp/59198.webp
UK59201,"סכין מהודרת עם ידית מתכת להב משונן ""שבת ויום טוב"" 35 ס""מ - ציפוי זהב",44.99,71,88,כן,22/07/2026,1,חגים,סכיני חלה לראש השנה,https://www.israel-judaica.com/webp/59201.webp
UK59172,"סכין מהודרת עם ידית מתכת להב משונן ""שבת ויום טוב"" 35 ס""מ - ציפוי זהב",44.99,71,88,כן,22/07/2026,1,חגים,סכיני חלה לראש השנה,https://www.israel-judaica.com/webp/59172.webp
UK59180,"סכין מהודרת עם ידית מתכת להב משונן ""שבת ויום טוב"" 35 ס""מ - ציפוי זהב",44.99,71,88,כן,22/07/2026,1,חגים,סכיני חלה לראש השנה,https://www.israel-judaica.com/webp/59180.webp
UK59181,"סכין מהודרת עם ידית מתכת להב משונן ""שבת ויום טוב"" 35 ס""מ - ציפוי זהב",44.99,71,88,כן,22/07/2026,1,חגים,סכיני חלה לראש השנה,https://www.israel-judaica.com/webp/59181.webp
UK55763,"סכין מהודרת שבת ויום טוב ציפוי כסף 32 ס""מ",79.99,125,157,,,1,חגים,סכיני חלה לראש השנה,https://www.israel-judaica.com/webp/55763.webp
UK81121,"סכין מהודרת עם ידית מתכת 35 ס""מ",39.99,63,78,,,1,חגים,סכיני חלה לראש השנה,https://www.israel-judaica.com/webp/81121.webp
UK82788,"סכין מהודרת עם ידית מתכת 35 ס""מ",44.99,71,88,,,1,חגים,סכיני חלה לראש השנה,https://www.israel-judaica.com/webp/82788.webp
UK82789,"סכין מהודרת עם ידית מתכת להב חלק 35 ס""מ",39.99,63,78,,,1,חגים,סכיני חלה לראש השנה,https://www.israel-judaica.com/webp/82789.webp
UK49327,סכין שבת אלומיניום מהודר עם מעמד רימון -בורדו 30 ס,49.99,78,98,,,1,חגים,סכיני חלה לראש השנה,https://www.israel-judaica.com/big/49327.jpg
UK47447,"סכין מהודרת מתקפלת להב חלק ""שבת ויום טוב"" עם פלקטה 35",44.99,71,88,,,1,חגים,סכיני חלה לראש השנה,https://www.israel-judaica.com/big/47447.jpg
UK83449,"סכין מהודרת ומתקפלת להב חלק ""שבת ויום טוב"" 35 ס""מ",44.99,71,88,,,1,חגים,סכיני חלה לראש השנה,https://www.israel-judaica.com/webp/83449.webp
UK67951,"נרתיק מהודר לאתרוג דמוי עור בטון 16x21 ס""מ",19.99,31,39,כן,30/07/2026,1,חגים,סוכות,https://www.israel-judaica.com/webp/67951.webp
UK66943,נרתיק מהודר לאתרוג דמוי עור שחור,19.99,31,39,כן,30/07/2026,1,חגים,סוכות,https://www.israel-judaica.com/big/66943.jpg
UK66945,נרתיק מהודר לאתרוג דמוי עור כחול,19.99,31,39,כן,30/07/2026,1,חגים,סוכות,https://www.israel-judaica.com/big/66945.jpg
UK81703,"כלי לאתרוג דמוי עור הדפסה כסף 11X19X13 ס""מ",16.99,27,33,,,1,חגים,סוכות,https://www.israel-judaica.com/big/81703.jpg
UK67876,"תיק לאתרוג דמוי עור חום כהה 11X19 ס""מ",69.99,110,137,,,1,חגים,סוכות,https://www.israel-judaica.com/webp/67876.webp
UK67912,"תיק לאתרוג דמוי עור שחור 11X19 ס""מ",69.99,110,137,,,1,חגים,סוכות,https://www.israel-judaica.com/webp/67912.webp
UK67913,"תיק לאתרוג דמוי עור בטון 11X19 ס""מ",69.99,110,137,,,1,חגים,סוכות,https://www.israel-judaica.com/webp/67913.webp
UK67948,"תיק לאתרוג דמוי עור נחש שחור 11X19 ס""מ",69.99,110,137,,,1,חגים,סוכות,https://www.israel-judaica.com/webp/67948.webp
UK67932,"נרתיק מהודר ללולב ואתרוג דמוי עור שחור 116x19 ס""מ",79.99,125,157,כן,30/07/2026,1,חגים,סוכות,https://www.israel-judaica.com/webp/67932.webp
UK67950,"סט נרתיקים מהודרים ללולב ואתרוג דמוי עור בטון 116x19 ס""מ",79.99,125,157,כן,30/07/2026,1,חגים,סוכות,https://www.israel-judaica.com/webp/67950.webp
UK67910,"נרתיק מהודר ללולב דמוי עור בטון 116x19 ס""מ",99.99,157,196,,,1,חגים,סוכות,https://www.israel-judaica.com/webp/67910.webp
UK67947,"נרתיק מהודר ללולב דמוי עור נחש שחור 116x19 ס""מ",99.99,157,196,,,1,חגים,סוכות,https://www.israel-judaica.com/webp/67947.webp
UK67949,"נרתיק מהודר ללולב ואתרוג דמוי עור שחור 116x19 ס""מ",99.99,157,196,,,1,חגים,סוכות,https://www.israel-judaica.com/webp/67949.webp
UK68004,"נרתיק מהודר ללולב קטיפה בז' עם חריטת לייזר 125X19 ס""מ",99.99,157,196,,,1,חגים,סוכות,https://www.israel-judaica.com/webp/68004.webp
UK68090,"נרתיק מהודר ללולב קטיפה חום עם חריטת לייזר 125X19 ס""מ",99.99,157,196,,,1,חגים,סוכות,https://www.israel-judaica.com/webp/68090.webp
UK67875,"נרתיק מהודר ללולב דמוי עור חום 116x19 ס""מ",99.99,157,196,,,1,חגים,סוכות,https://www.israel-judaica.com/webp/67875.webp
UK67911,"נרתיק מהודר ללולב דמוי עור שחור 116x19 ס""מ",99.99,157,196,,,1,חגים,סוכות,https://www.israel-judaica.com/webp/67911.webp
UK67085,"נרתיק מהודר ללולב דמוי עור 116x19 ס""מ",99.99,157,196,,,1,חגים,סוכות,https://www.israel-judaica.com/big/67085.jpg
UK67086,"נרתיק מהודר ללולב דמוי עור 116x19 ס""מ",99.99,157,196,,,1,חגים,סוכות,https://www.israel-judaica.com/big/67086.jpg
UK67762,"נרתיק מהודר ללולב דמוי עור 116x19 ס""מ",99.99,157,196,,,1,חגים,סוכות,https://www.israel-judaica.com/big/67762.jpg
UK68080,"נרתיק לתפילין עור מהודר 27x25 ס""מ - כחול כהה",139.99,220,274,כן,02/08/2026,1,תיקי טלית ותפילין,סטים לטלית מעור אמיתי,https://www.israel-judaica.com/webp/68080.webp
UK68081,"נרתיק לתפילין עור מהודר 27x25 ס""מ - גווני חום",139.99,220,274,כן,02/08/2026,1,תיקי טלית ותפילין,סטים לטלית מעור אמיתי,https://www.israel-judaica.com/webp/68081.webp
UK68082,"נרתיק לתפילין עור מהודר 27x25 ס""מ - שחור",139.99,220,274,כן,02/08/2026,1,תיקי טלית ותפילין,סטים לטלית מעור אמיתי,https://www.israel-judaica.com/webp/68082.webp
UK68083,"נרתיק לתפילין עור מהודר 27x25 ס""מ - עור נחש",139.99,220,274,כן,02/08/2026,1,תיקי טלית ותפילין,סטים לטלית מעור אמיתי,https://www.israel-judaica.com/webp/68083.webp
UK68084,"נרתיק לתפילין עור מהודר 27x25 ס""מ - שחור",139.99,220,274,כן,02/08/2026,1,תיקי טלית ותפילין,סטים לטלית מעור אמיתי,https://www.israel-judaica.com/webp/68084.webp
UK68085,"נרתיק לתפילין עור מהודר 27x25 ס""מ - עור נחש חום",139.99,220,274,כן,02/08/2026,1,תיקי טלית ותפילין,סטים לטלית מעור אמיתי,https://www.israel-judaica.com/webp/68085.webp
UK68058,נרתיק קלאצ' האש שלי עור מהודר 26.5x20.5 - שחור,119.99,188,235,כן,02/08/2026,1,תיקי טלית ותפילין,סטים לטלית מעור אמיתי,https://www.israel-judaica.com/webp/68058.webp
UK68059,נרתיק קלאצ' האש שלי עור מהודר 26.5x20.5 - שחור,119.99,188,235,כן,02/08/2026,1,תיקי טלית ותפילין,סטים לטלית מעור אמיתי,https://www.israel-judaica.com/webp/68059.webp
UK68051,"סט טלית תפילין עור מהודר ""האש שלי"" 29x38 ס""מ - שחור",269.99,423,529,כן,02/08/2026,1,תיקי טלית ותפילין,סטים לטלית מעור אמיתי,https://www.israel-judaica.com/webp/68051.webp
UK68052,"סט טלית תפילין עור מהודר ""יברכך"" 29x38 ס""מ - שחור",269.99,423,529,כן,02/08/2026,1,תיקי טלית ותפילין,סטים לטלית מעור אמיתי,https://www.israel-judaica.com/webp/68052.webp
UK68053,"סט טלית תפילין עור מהודר 29x38 ס""מ - שחור",269.99,423,529,כן,02/08/2026,1,תיקי טלית ותפילין,סטים לטלית מעור אמיתי,https://www.israel-judaica.com/webp/68053.webp
UK68054,"סט טלית תפילין עור מהודר ""יברכך"" 29x38 ס""מ - לבן",269.99,423,529,כן,02/08/2026,1,תיקי טלית ותפילין,סטים לטלית מעור אמיתי,https://www.israel-judaica.com/webp/68054.webp
UK68055,"סט טלית תפילין עור מהודר 29x38 ס""מ - שחור",269.99,423,529,כן,02/08/2026,1,תיקי טלית ותפילין,סטים לטלית מעור אמיתי,https://www.israel-judaica.com/webp/68055.webp
UK68077,"סט טלית תפילין עור מהודר 29x38 ס""מ - חום",269.99,423,529,כן,02/08/2026,1,תיקי טלית ותפילין,סטים לטלית מעור אמיתי,https://www.israel-judaica.com/webp/68077.webp
UK67820,סט טלית תפילין עור אמיתי איכותי,269.99,423,529,כן,02/08/2026,1,תיקי טלית ותפילין,סטים לטלית מעור אמיתי,https://www.israel-judaica.com/webp/67820.webp
UK67821,סט טלית תפילין עור אמיתי איכותי,269.99,423,529,כן,02/08/2026,1,תיקי טלית ותפילין,סטים לטלית מעור אמיתי,https://www.israel-judaica.com/webp/67821.webp
UK67823,סט טלית תפילין עור אמיתי איכותי,269.99,423,529,כן,02/08/2026,1,תיקי טלית ותפילין,סטים לטלית מעור אמיתי,https://www.israel-judaica.com/webp/67823.webp
UK68069,"סט טלית תפילין עור מהודר 33x37 ס""מ - שחור",269.99,423,529,כן,02/08/2026,1,תיקי טלית ותפילין,סטים לטלית מעור אמיתי,https://www.israel-judaica.com/webp/68069.webp
UK68071,"סט טלית תפילין עור מהודר 33x37 ס""מ - אפור",269.99,423,529,כן,02/08/2026,1,תיקי טלית ותפילין,סטים לטלית מעור אמיתי,https://www.israel-judaica.com/webp/68071.webp
UK68072,"סט טלית תפילין עור מהודר 33x37 ס""מ - חום",269.99,423,529,כן,02/08/2026,1,תיקי טלית ותפילין,סטים לטלית מעור אמיתי,https://www.israel-judaica.com/webp/68072.webp
UK68050,"סט טלית תפילין עור מהודר ""יברכך"" 33x37 ס""מ - לבן",269.99,423,529,כן,02/08/2026,1,תיקי טלית ותפילין,סטים לטלית מעור אמיתי,https://www.israel-judaica.com/webp/68050.webp
UK68066,"סט טלית תפילין עור מהודר 33x37 ס""מ - כחול כהה",269.99,423,529,כן,02/08/2026,1,תיקי טלית ותפילין,סטים לטלית מעור אמיתי,https://www.israel-judaica.com/webp/68066.webp
UK68067,"סט טלית תפילין עור מהודר 33x37 ס""מ - אפור",269.99,423,529,כן,02/08/2026,1,תיקי טלית ותפילין,סטים לטלית מעור אמיתי,https://www.israel-judaica.com/webp/68067.webp
UK68070,"סט טלית תפילין עור מהודר 33x37 ס""מ - כחול כהה",269.99,423,529,כן,02/08/2026,1,תיקי טלית ותפילין,סטים לטלית מעור אמיתי,https://www.israel-judaica.com/webp/68070.webp
UK68062,"סט טלית תפילין עור מהודר 33x37 ס""מ - כחול כהה",269.99,423,529,כן,02/08/2026,1,תיקי טלית ותפילין,סטים לטלית מעור אמיתי,https://www.israel-judaica.com/webp/68062.webp
UK68063,"סט טלית תפילין עור מהודר 33x37 ס""מ - אפור",269.99,423,529,כן,02/08/2026,1,תיקי טלית ותפילין,סטים לטלית מעור אמיתי,https://www.israel-judaica.com/webp/68063.webp
UK68065,"סט טלית תפילין עור מהודר 33x37 ס""מ - שחור",269.99,423,529,כן,02/08/2026,1,תיקי טלית ותפילין,סטים לטלית מעור אמיתי,https://www.israel-judaica.com/webp/68065.webp
UK68068,"סט טלית תפילין עור מהודר 33x37 ס""מ - חום",269.99,423,529,כן,02/08/2026,1,תיקי טלית ותפילין,סטים לטלית מעור אמיתי,https://www.israel-judaica.com/webp/68068.webp
UK68045,"סט טלית תפילין עור מהודר ""יברכך"" 33x37 ס""מ - שחור",269.99,423,529,כן,02/08/2026,1,תיקי טלית ותפילין,סטים לטלית מעור אמיתי,https://www.israel-judaica.com/webp/68045.webp
UK68048,"סט טלית תפילין עור מהודר ""יברכך"" 33x37 ס""מ - שחור",269.99,423,529,כן,02/08/2026,1,תיקי טלית ותפילין,סטים לטלית מעור אמיתי,https://www.israel-judaica.com/webp/68048.webp
UK68061,"סט טלית תפילין עור מהודר 33x37 ס""מ - שחור",269.99,423,529,כן,02/08/2026,1,תיקי טלית ותפילין,סטים לטלית מעור אמיתי,https://www.israel-judaica.com/webp/68061.webp
UK68064,"סט טלית תפילין עור מהודר 33x37 ס""מ - חום",269.99,423,529,כן,02/08/2026,1,תיקי טלית ותפילין,סטים לטלית מעור אמיתי,https://www.israel-judaica.com/webp/68064.webp
UK68076,"סט טלית תפילין עור מהודר ""יברכך"" 33x37 ס""מ - אפור",269.99,423,529,כן,02/08/2026,1,תיקי טלית ותפילין,סטים לטלית מעור אמיתי,https://www.israel-judaica.com/webp/68076.webp
UK68078,"סט טלית תפילין עור מהודר ""האש שלי"" 29x38 ס""מ - שחור",269.99,423,529,כן,02/08/2026,1,תיקי טלית ותפילין,סטים לטלית מעור אמיתי,https://www.israel-judaica.com/webp/68078.webp
UK67816,סט טלית תפילין עור אמיתי איכותי,269.99,423,529,כן,02/08/2026,1,תיקי טלית ותפילין,סטים לטלית מעור אמיתי,https://www.israel-judaica.com/webp/67816.webp
UK67818,סט טלית תפילין עור אמיתי איכותי,269.99,423,529,כן,02/08/2026,1,תיקי טלית ותפילין,סטים לטלית מעור אמיתי,https://www.israel-judaica.com/webp/67818.webp
UK67822,סט טלית תפילין עור אמיתי איכותי,269.99,423,529,כן,02/08/2026,1,תיקי טלית ותפילין,סטים לטלית מעור אמיתי,https://www.israel-judaica.com/webp/67822.webp
UK68073,"סט טלית תפילין עור מהודר 33x37 ס""מ - גווני חום",269.99,423,529,כן,02/08/2026,1,תיקי טלית ותפילין,סטים לטלית מעור אמיתי,https://www.israel-judaica.com/webp/68073.webp
UK68074,"סט טלית תפילין עור מהודר 33x37 ס""מ - לבן",269.99,423,529,כן,02/08/2026,1,תיקי טלית ותפילין,סטים לטלית מעור אמיתי,https://www.israel-judaica.com/webp/68074.webp
UK68075,"סט טלית תפילין עור מהודר 33x37 ס""מ - שחור",269.99,423,529,כן,02/08/2026,1,תיקי טלית ותפילין,סטים לטלית מעור אמיתי,https://www.israel-judaica.com/webp/68075.webp
UK56166,"תוף מרים עם הדפסה ירושלים 25 ס""מ",32.99,52,65,כן,30/07/2026,1,שבת,הפרשת חלה,https://www.israel-judaica.com/webp/56166.webp
UK57129,"תוף מרים עם הדפסה מזמור לתודה 25 ס""מ",32.99,52,65,כן,30/07/2026,1,שבת,הפרשת חלה,https://www.israel-judaica.com/webp/57129.webp
UK83426,"ברכה לכלה אקריליק כסף, עיגול 2220 ס""מ",32.99,52,65,,,1,שבת,הפרשת חלה,https://www.israel-judaica.com/webp/83426.webp
UK83427,"ברכה לכלה אקריליק כסף, מלבן 2218 ס""מ",32.99,52,65,,,1,שבת,הפרשת חלה,https://www.israel-judaica.com/webp/83427.webp
UK82774,"תפילה לכלה ""לב"" אקריליק 24 ס""מ",36.99,58,73,כן,21/08/2026,1,שבת,הפרשת חלה,https://www.israel-judaica.com/big/82774.jpg
UK81947,"ברכה לכלה אקריליק זהב 25X14 ס""מ",36.99,58,73,כן,21/08/2026,1,שבת,הפרשת חלה,https://www.israel-judaica.com/big/81947.jpg
UK83609,"ברכה לכלה אקריליק כסף 25X14 ס""מ",36.99,58,73,,,1,שבת,הפרשת חלה,https://www.israel-judaica.com/webp/83609.webp
UK59495,"תפילה לכלה אקריליק מהודרת 21x16 ס""מ - כסף",34.99,55,69,,,1,שבת,הפרשת חלה,https://www.israel-judaica.com/webp/59495.webp
UK86197,"תפילה לכלה אקריליק מהודרת 21x16 ס""מ - זהב",34.99,55,69,,,1,שבת,הפרשת חלה,https://www.israel-judaica.com/webp/86197.webp
UK59000,"סט לחתן כלה 4 חלקים לבן רקמה זהב, הסט מכיל 2 מגבות פנים, 2 מגבות גוף.",149.99,235,294,כן,30/07/2026,1,שבת,הפרשת חלה,https://www.israel-judaica.com/webp/59000.webp
UK59080,"סט לחתן כלה 4 חלקים לבן רקמה כסף, הסט מכיל 2 מגבות פנים, 2 מגבות גוף.",149.99,235,294,כן,30/07/2026,1,שבת,הפרשת חלה,https://www.israel-judaica.com/webp/59080.webp
UK58937,"סט לחתן כלה 4 חלקים לבן רקמה כסף, הסט מכיל 2 מגבות פנים, 2 מגבות גוף.",149.99,235,294,כן,30/07/2026,1,שבת,הפרשת חלה,https://www.israel-judaica.com/webp/58937.webp
UK59101,"סט לחתן כלה 4 חלקים לבן רקמה זהב, הסט מכיל 2 מגבות פנים, 2 מגבות גוף.",149.99,235,294,כן,30/07/2026,1,שבת,הפרשת חלה,https://www.israel-judaica.com/webp/59101.webp
UK86200,"סט לחתן כלה 6 חלקים לבן רקמה כסף, הסט מכיל 2 מגבות פנים, 2 מגבות גוף, כרית לטבעות וברכת כלה",179.99,282,353,כן,30/07/2026,1,שבת,הפרשת חלה,https://www.israel-judaica.com/webp/86200.webp
UK86295,"סט לחתן כלה 6 חלקים לבן רקמה זהב, הסט מכיל 2 מגבות פנים, 2 מגבות גוף, כרית לטבעות וברכת כלה",179.99,282,353,כן,30/07/2026,1,שבת,הפרשת חלה,https://www.israel-judaica.com/webp/86295.webp
UK59817,אגרטל קריסטל זר פרחים זהב 11סמ,39.99,63,78,,,1,יודאיקה,ברכונים,https://www.israel-judaica.com/webp/59817.webp
UK59818,אגרטל קריסטל זר פרחים זהב 11סמ,39.99,63,78,,,1,יודאיקה,ברכונים,https://www.israel-judaica.com/webp/59818.webp
UK59819,אגרטל קריסטל זר פרחים כחול 11סמ,39.99,63,78,,,1,יודאיקה,ברכונים,https://www.israel-judaica.com/webp/59819.webp
UK83599,אגרטל קריסטל זר פרחים זהב 11סמ,44.99,71,88,,,1,יודאיקה,ברכונים,https://www.israel-judaica.com/webp/83599.webp
UK82329,"ברכה לתלייה זכוכית בלתי שבירה ברכת הבית 16x19 ס""מ",15.99,25,31,כן,30/07/2026,1,יודאיקה,ברכונים,https://www.israel-judaica.com/big/82329.jpg
UK82330,"ברכה לתלייה זכוכית בלתי שבירה ברכת העסק 16x19 ס""מ",15.99,25,31,כן,30/07/2026,1,יודאיקה,ברכונים,https://www.israel-judaica.com/webp/82330.webp
UK82331,"ברכה לתלייה זכוכית בלתי שבירה מזמור לתודה 16x19 ס""מ",15.99,25,31,כן,30/07/2026,1,יודאיקה,ברכונים,https://www.israel-judaica.com/big/82331.jpg
UK82332,"ברכה לתלייה זכוכית בלתי שבירה הדלקת נרות 16x20 ס""מ",15.99,25,31,כן,30/07/2026,1,יודאיקה,ברכונים,https://www.israel-judaica.com/webp/82332.webp
UK82333,"ברכה לתלייה זכוכית בלתי שבירה אשר יצר ספרדי 16x19 ס""מ",15.99,25,31,כן,30/07/2026,1,יודאיקה,ברכונים,https://www.israel-judaica.com/big/82333.jpg
UK82334,"ברכה לתלייה זכוכית בלתי שבירה אשר יצר אשכנזי 16x19 ס""מ",15.99,25,31,כן,30/07/2026,1,יודאיקה,ברכונים,https://www.israel-judaica.com/big/82334.jpg
UK82335,"ברכה לתלייה זכוכית בלתי שבירה אשת חיל 16x21 ס""מ",15.99,25,31,כן,30/07/2026,1,יודאיקה,ברכונים,https://www.israel-judaica.com/webp/82335.webp
UK82337,"ברכה לתלייה זכוכית בלתי שבירה ברכת העסק 28x23 ס""מ",19.99,31,39,כן,30/07/2026,1,יודאיקה,ברכונים,https://www.israel-judaica.com/webp/82337.webp
UK82341,"ברכה לתלייה זכוכית בלתי שבירה אשר יצר אשכנזי 28x23 ס""מ",19.99,31,39,כן,30/07/2026,1,יודאיקה,ברכונים,https://www.israel-judaica.com/big/82341.jpg
UK82342,"ברכה לתלייה זכוכית בלתי שבירה אשת חיל 28x23 ס""מ",19.99,31,39,כן,30/07/2026,1,יודאיקה,ברכונים,https://www.israel-judaica.com/big/82342.jpg
UK82338,"ברכה לתלייה זכוכית בלתי שבירה מזמור לתודה 28x23 ס""מ",19.99,31,39,כן,30/07/2026,1,יודאיקה,ברכונים,https://www.israel-judaica.com/big/82338.jpg
UK40743,"ברכה לתלייה זכוכית מזמור לתודה 13x21 ס""מ",16.99,27,33,,,1,יודאיקה,ברכונים,https://www.israel-judaica.com/big/40743.jpg
UK42482,"ברכה לתלייה זכוכית אשר יצר אשכנזי 13x21 ס""מ",16.99,27,33,,,1,יודאיקה,ברכונים,https://www.israel-judaica.com/big/42482.jpg
UK42483,"ברכה לתלייה זכוכית שיר מעלות 13x21 ס""מ",16.99,27,33,,,1,יודאיקה,ברכונים,https://www.israel-judaica.com/big/42483.jpg
UK59399,"סדר הדלקת נרות שבת אקריליק עומד זהב 13X22 ס""מ - עם הדפסה",24.99,39,49,,,1,יודאיקה,ברכונים,https://www.israel-judaica.com/webp/59399.webp
UK82793,אשר יצר ספרדי מלבן אקריליק מסגרת זהב,44.99,71,88,כן,22/07/2026,1,יודאיקה,ברכונים,https://www.israel-judaica.com/big/82793.jpg
UK82794,אשר יצר אשכנזי מלבן אקריליק מסגרת זהב,44.99,71,88,כן,22/07/2026,1,יודאיקה,ברכונים,https://www.israel-judaica.com/big/82794.jpg
UK82796,מזמור לתורה מלבן אקריליק מסגרת זהב,44.99,71,88,כן,22/07/2026,1,יודאיקה,ברכונים,https://www.israel-judaica.com/big/82796.jpg
UK55944,"ברכת מעין שלוש מאקריליק נוסח עדות המזרח 22X15 ס""מ",49.99,78,98,,,1,יודאיקה,ברכונים,https://www.israel-judaica.com/webp/55944.webp
UK55946,"ברכת מעין שלוש מאקריליק נוסח אשכנזי 22X15 ס""מ",49.99,78,98,,,1,יודאיקה,ברכונים,https://www.israel-judaica.com/webp/55946.webp
UK82177,"מזמור לתודה אקריליק 29X35 ס""מ",99.99,157,196,,,1,יודאיקה,ברכונים,https://www.israel-judaica.com/webp/82177.webp
UK89672,"ברכת הבית אקריליק 21x13 ס""מ - עלים ומסגרת זהב",39.99,63,78,,,1,יודאיקה,ברכונים,https://www.israel-judaica.com/webp/89672.webp
UK89673,"ברכת הבית אנגלית אקריליק 21x13 ס""מ - עלים ומסגרת זהב",39.99,63,78,,,1,יודאיקה,ברכונים,https://www.israel-judaica.com/webp/89673.webp
UK89674,"ברכת העסק אקריליק 21x13 ס""מ - עלים ומסגרת זהב",39.99,63,78,,,1,יודאיקה,ברכונים,https://www.israel-judaica.com/webp/89674.webp
UK89675,"מזמור לתודה אקריליק 21x13 ס""מ - עלים ומסגרת זהב",39.99,63,78,,,1,יודאיקה,ברכונים,https://www.israel-judaica.com/webp/89675.webp
UK55797,"הדלקת נרות אקריליק בלוק עם עיצוב נרות מובלטים כסף 23X20 ס""מ",99.99,157,196,,,1,יודאיקה,ברכונים,https://www.israel-judaica.com/webp/55797.webp
UK55798,"הדלקת נרות אקריליק בלוק עם עיצוב נרות מובלטים והדפסה זהב 23X20 ס""מ",99.99,157,196,,,1,יודאיקה,ברכונים,https://www.israel-judaica.com/webp/55798.webp
UK83349,"הדלקת נרות אקריליק בלוק עם עיצוב נרות מובלטים זהב 23X20 ס""מ",99.99,157,196,,,1,יודאיקה,ברכונים,https://www.israel-judaica.com/webp/83349.webp
UK55794,"בלוק מזמור לתודה אקריליק אותיות חתוכות כסף 25X20 ס""מ",99.99,157,196,,,1,יודאיקה,ברכונים,https://www.israel-judaica.com/webp/55794.webp
UK55795,"מזמור לתודה אקריליק לתליה אותיות חתוכות כסף 25X20 ס""מ",89.99,141,176,,,1,יודאיקה,ברכונים,https://www.israel-judaica.com/webp/55795.webp
UK55796,"מזמור לתודה אקריליק לתליה אותיות חתוכות זהב 25X20 ס""מ",89.99,141,176,,,1,יודאיקה,ברכונים,https://www.israel-judaica.com/webp/55796.webp
UK83359,"בלוק מזמור לתודה אקריליק אותיות חתוכות זהב 25X20 ס""מ",99.99,157,196,,,1,יודאיקה,ברכונים,https://www.israel-judaica.com/webp/83359.webp
UK57576,"ברכת הבית אקריליק בלוק ירושלים 2416 ס""מ",99.99,157,196,,,1,יודאיקה,ברכונים,https://www.israel-judaica.com/webp/57576.webp
UK57579,"ברכת העסק אקריליק בלוק ירושלים 2416 ס""מ",99.99,157,196,,,1,יודאיקה,ברכונים,https://www.israel-judaica.com/webp/57579.webp
UK57580,"הדלקת נרות אקריליק בלוק ירושלים 2416 ס""מ",99.99,157,196,,,1,יודאיקה,ברכונים,https://www.israel-judaica.com/webp/57580.webp
UK57581,"מזמור לתודה אקריליק בלוק ירושלים 2416 ס""מ",99.99,157,196,,,1,יודאיקה,ברכונים,https://www.israel-judaica.com/webp/57581.webp
UK82930,"הדלקת נרות אקריליק 21 ס""מ - דגם שיש ורוד",89.99,141,176,,,1,יודאיקה,ברכונים,https://www.israel-judaica.com/webp/82930.webp
UK82931,"הדלקת נרות אקריליק 21 ס""מ - דגם שיש תכלת",89.99,141,176,,,1,יודאיקה,ברכונים,https://www.israel-judaica.com/webp/82931.webp
UK82932,"מזמור לתודה אקריליק 21 ס""מ - דגם שיש ורוד",89.99,141,176,,,1,יודאיקה,ברכונים,https://www.israel-judaica.com/webp/82932.webp
UK82933,"מזמור לתודה אקריליק 21 ס""מ - דגם שיש תכלת",89.99,141,176,,,1,יודאיקה,ברכונים,https://www.israel-judaica.com/webp/82933.webp
UK81518,"מעמד קריסטל זהב מהודר עם מזמור לתודה 21 ס""מ",89.99,141,176,,,1,יודאיקה,ברכונים,https://www.israel-judaica.com/big/81518.jpg
UK84219,"מסגרת זכוכית מהודרת הדלקת נרות 22X17 ס""מ",17.99,28,35,,,1,יודאיקה,ברכונים,https://www.israel-judaica.com/webp/84219.webp
UK84372,"מסגרת זכוכית מהודרת ברכת הבית 22X17 ס""מ",17.99,28,35,,,1,יודאיקה,ברכונים,https://www.israel-judaica.com/webp/84372.webp
UK84374,"מסגרת זכוכית מהודרת אשת חיל 22X17 ס""מ",17.99,28,35,,,1,יודאיקה,ברכונים,https://www.israel-judaica.com/webp/84374.webp
UK84321,"מסגרת זכוכית מהודרת אשר יצר נוסח אשכנזי 22X17 ס""מ",17.99,28,35,,,1,יודאיקה,ברכונים,https://www.israel-judaica.com/webp/84321.webp
UK84351,"מסגרת זכוכית מהודרת מזמור לתודה 22X17 ס""מ",17.99,28,35,,,1,יודאיקה,ברכונים,https://www.israel-judaica.com/webp/84351.webp
UK84939,"מסגרת זכוכית נצנצים עיצוב ""קווים"" רוז גולד אשת חיל 22x17 ס""מ",17.99,28,35,,,1,יודאיקה,ברכונים,https://www.israel-judaica.com/webp/84939.webp
UK85100,"מסגרת זכוכית נצנצים עיצוב ""קווים"" רוז גולד הדלקת נרות 22x17 ס""מ",17.99,28,35,,,1,יודאיקה,ברכונים,https://www.israel-judaica.com/webp/85100.webp
UK85275,"מסגרת זכוכית נצנצים עיצוב ""קווים"" רוז גולד ברכת הבית 22x17 ס""מ",17.99,28,35,,,1,יודאיקה,ברכונים,https://www.israel-judaica.com/webp/85275.webp
UK85347,"מסגרת זכוכית נצנצים עיצוב ""קווים"" רוז גולד מזמור לתודה 22x17 ס""מ",17.99,28,35,,,1,יודאיקה,ברכונים,https://www.israel-judaica.com/webp/85347.webp
UK81924,"תמונה ""פיטום הקטורת"" עם מסגרת 4017 ס""מ",59.99,94,118,,,1,יודאיקה,ברכונים,https://www.israel-judaica.com/webp/81924.webp
UK81925,"תמונה ""פיטום הקטורת"" עם מסגרת 6430 ס""מ",69.99,110,137,,,1,יודאיקה,ברכונים,https://www.israel-judaica.com/webp/81925.webp
UK81886,"ברכת הבית בלוק פולימר בטון 22X16 ס""מ לבן",89.99,141,176,כן,18/07/2026,1,יודאיקה,ברכונים,https://www.israel-judaica.com/big/81886.jpg
UK82391,"ברכת הבית בלוק פולימר 22X16 ס""מ",89.99,141,176,כן,09/08/2026,1,יודאיקה,ברכונים,https://www.israel-judaica.com/big/82391.jpg
UK83923,"מזמור לתודה בלוק פולימר בטון 22X16 ס""מ",89.99,141,176,כן,18/07/2026,1,יודאיקה,ברכונים,https://www.israel-judaica.com/webp/83923.webp
UK83924,"מזמור לתודה בלוק פולימר בטון 22X16 ס""מ לבן",89.99,141,176,כן,18/07/2026,1,יודאיקה,ברכונים,https://www.israel-judaica.com/webp/83924.webp
UK83921,"מזמור לתודה בלוק פולימר בטון דמוי אבן לבן 22X16 ס""מ",89.99,141,176,כן,18/07/2026,1,יודאיקה,ברכונים,https://www.israel-judaica.com/webp/83921.webp
UK83951,"מזמור לתודה בלוק פולימר בטון 22X16 ס""מ",89.99,141,176,כן,18/07/2026,1,יודאיקה,ברכונים,https://www.israel-judaica.com/webp/83951.webp
UK83952,"ברכת הבית בלוק פולימר בטון לבן 22X16 ס""מ",89.99,141,176,כן,18/07/2026,1,יודאיקה,ברכונים,https://www.israel-judaica.com/webp/83952.webp
UK83292,"ברכת הבית בלוק פולימר בטון 19X14.5 ס""מ",99.99,157,196,כן,18/07/2026,1,יודאיקה,ברכונים,https://www.israel-judaica.com/webp/83292.webp
UK83324,"מזמור לתודה בלוק פולימר בטון 23X15 ס""מ",99.99,157,196,כן,18/07/2026,1,יודאיקה,ברכונים,https://www.israel-judaica.com/webp/83324.webp
UK83395,"הדלקת נרות פולימר בטון בלוק 23.518.5 ס""מ",99.99,157,196,כן,18/07/2026,1,יודאיקה,ברכונים,https://www.israel-judaica.com/webp/83395.webp
UK85348,"הדלקת נרות פוליריזן בלוק 23.518.5 ס""מ",109.99,172,216,כן,09/08/2026,1,יודאיקה,ברכונים,https://www.israel-judaica.com/webp/85348.webp
UK83079,"תמונת קנווס ""אותיות בולטות "" ברכת הבית 35x25 ס""מ",32.99,52,65,כן,22/07/2026,1,יודאיקה,ברכונים,https://www.israel-judaica.com/webp/83079.webp
UK83080,"תמונת קנווס ""אותיות בולטות "" ברכת העסק 35x25 ס""מ",32.99,52,65,כן,22/07/2026,1,יודאיקה,ברכונים,https://www.israel-judaica.com/webp/83080.webp
UK83084,"תמונת קנווס ""אותיות בולטות "" מזמור לתודה 35x25 ס""מ",32.99,52,65,כן,22/07/2026,1,יודאיקה,ברכונים,https://www.israel-judaica.com/webp/83084.webp
UK83091,"תמונת קנווס ""אותיות בולטות "" אשר יצר נוסח ע.מ. 35x",32.99,52,65,כן,22/07/2026,1,יודאיקה,ברכונים,https://www.israel-judaica.com/webp/83091.webp
UK59653,"תמונת קנווס ""אותיות בולטות "" ברכת הבית אנגלית 35x25 ס""מ",32.99,52,65,כן,22/07/2026,1,יודאיקה,ברכונים,https://www.israel-judaica.com/webp/59653.webp
UK83092,"תמונת קנווס ""אותיות בולטות "" ברכת הבית הבבא סאלי 3",32.99,52,65,כן,22/07/2026,1,יודאיקה,ברכונים,https://www.israel-judaica.com/webp/83092.webp
UK47267,"חמסה מתכת ברכת הבית אנגלית מט 13 ס""מ",32.99,52,65,,,1,יודאיקה,חמסות וסגולות,https://www.israel-judaica.com/big/47267.jpg
UK49450,"סט נד 24 יח מעורב של חמסות אקריליק לרכב 8 ס""מ",10.99,17,22,כן,21/08/2026,1,יודאיקה,חמסות וסגולות,https://www.israel-judaica.com/webp/49450.webp
UK83230,סטנד 24 יח חמסה לרכב מזמור לתודה ותפילת הדרך,10.99,17,22,,,1,יודאיקה,חמסות וסגולות,https://www.israel-judaica.com/webp/83230.webp
UK83231,סטנד 24 יח ברכה מלבנית לרכב מזמור לתודה ותפילת הדרך,10.99,17,22,,,1,יודאיקה,חמסות וסגולות,https://www.israel-judaica.com/webp/83231.webp
UK47374,"חמסה ""פולימר בטון "" ""ברכת העסק"" עברית 19 ס""מ",39.99,63,78,כן,18/07/2026,1,יודאיקה,חמסות וסגולות,https://www.israel-judaica.com/big/47374.jpg
UK55852,"חמסה ""סמנט בטון"" ברכת העסק עברית 19 ס""מ",39.99,63,78,כן,09/08/2026,1,יודאיקה,חמסות וסגולות,https://www.israel-judaica.com/webp/55852.webp
UK81496,"חמסה ""סמנט בטון"" ברכת הבית עברית 19 ס""מ",39.99,63,78,כן,09/08/2026,1,יודאיקה,חמסות וסגולות,https://www.israel-judaica.com/big/81496.jpg
UK82782,"חמסה ""סמנט בטון"" ברכת הבית עברית 19 ס""מ",39.99,63,78,כן,09/08/2026,1,יודאיקה,חמסות וסגולות,https://www.israel-judaica.com/big/82782.jpg
UK81586,פקק רב פעמי לבקבוק יין מקריסטל עם פלקטה,21.99,34,43,,,1,שבת,כוסות קידוש,https://www.israel-judaica.com/big/81586.jpg
UK81831,"פקק ליין קריסטל עם פלקטה ""עיטור""",21.99,34,43,,,1,שבת,כוסות קידוש,https://www.israel-judaica.com/big/81831.jpg
UK81833,"פקק ליין קריסטל עם פלקטה ""פיליגרין"" בורא פרי הגפן",21.99,34,43,,,1,שבת,כוסות קידוש,https://www.israel-judaica.com/big/81833.jpg
UK82146,"פקק ליין קריסטל עם פלקטה ""פסים"" בורא פרי הגפן",21.99,34,43,,,1,שבת,כוסות קידוש,https://www.israel-judaica.com/big/82146.jpg
UK82147,"פקק ליין קריסטל עם פלקטה ""פרחים"" בורא פרי הגפן",21.99,34,43,,,1,שבת,כוסות קידוש,https://www.israel-judaica.com/big/82147.jpg
UK82888,פקק רב פעמי לבקבוק יין מקריסטל עם פלקטה,21.99,34,43,,,1,שבת,כוסות קידוש,https://www.israel-judaica.com/big/82888.jpg
UK82889,פקק רב פעמי לבקבוק יין מקריסטל עם פלקטה,21.99,34,43,,,1,שבת,כוסות קידוש,https://www.israel-judaica.com/big/82889.jpg
UK46232,סטנד מעורב פקק לבקבוק יין 12 יח,19.99,31,39,,,1,שבת,כוסות קידוש,https://www.israel-judaica.com/big/46232.jpg
UK41098,סט בקבוק קריסטל ליין עם פלקטה מהודרת עם 6 כוסות,149.99,235,294,,,1,שבת,כוסות קידוש,https://www.israel-judaica.com/big/41098.jpg
UK47089,"גביע קידוש ירושלים בורא פרי הגפן 12 ס""מ תכולה 100",49.99,78,98,,,1,שבת,כוסות קידוש,https://www.israel-judaica.com/big/47089.jpg
UK40641,"גביע קידוש פיוטר עם רגל ""ירושלים"" 16 ס""מ עם תחת",79.99,125,157,כן,22/07/2026,1,שבת,כוסות קידוש,https://www.israel-judaica.com/webp/40641.webp
UK42484,"גביע קידוש מהודר מנירוסטה 10 ס""מ עם חריטה ורגל",29.99,47,59,,,1,שבת,כוסות קידוש,https://www.israel-judaica.com/big/42484.jpg
UK42485,"גביע קידוש מהודר נירוסטה עם רגל 9.5 ס""מ תכולה 210",29.99,47,59,,,1,שבת,כוסות קידוש,https://www.israel-judaica.com/big/42485.jpg
UK82738,"גביע קידוש אלומיניום מהודר עם תחתית שחור 9 ס""מ",49.99,78,98,,,1,שבת,כוסות קידוש,https://www.israel-judaica.com/webp/82738.webp
UK41048,"גביע קידוש מהודר מפולימר בטון כהה עם תחתית 8 ס""מ",69.99,110,137,כן,09/08/2026,1,שבת,כוסות קידוש,https://www.israel-judaica.com/webp/41048.webp
UK41060,"גביע קידוש מהודר מפולימר צבע חול עם תחתית 8 ס""מ",69.99,110,137,כן,09/08/2026,1,שבת,כוסות קידוש,https://www.israel-judaica.com/webp/41060.webp
UK83441,"גביע קידוש מהודר פולימר בטון עם תחתית 8 ס""מ",69.99,110,137,כן,18/07/2026,1,שבת,כוסות קידוש,https://www.israel-judaica.com/webp/83441.webp
UK41046,"גביע קידוש מהודר מפולימר בטון כהה עם תחתית 8 ס""מ",69.99,110,137,כן,09/08/2026,1,שבת,כוסות קידוש,https://www.israel-judaica.com/webp/41046.webp
UK41047,"גביע קידוש מהודר מפולימר בטון כהה עם תחתית 8 ס""מ",69.99,110,137,כן,09/08/2026,1,שבת,כוסות קידוש,https://www.israel-judaica.com/webp/41047.webp
UK41061,"גביע קידוש מהודר מפולימר צבע חול עם תחתית 8 ס""מ",69.99,110,137,כן,09/08/2026,1,שבת,כוסות קידוש,https://www.israel-judaica.com/webp/41061.webp
UK41062,"גביע קידוש מהודר מפולימר בטון כהה עם תחתית 10 ס""מ",69.99,110,137,כן,09/08/2026,1,שבת,כוסות קידוש,https://www.israel-judaica.com/webp/41062.webp
UK86402,"גביע קידוש מהודר מפולימר עם תחתית 15 ס""מ",69.99,110,137,כן,09/08/2026,1,שבת,כוסות קידוש,https://www.israel-judaica.com/webp/86402.webp
UK40873,"גביע קידוש מהודר מפולימר ""בורא"" בטון בהיר עם רגל ותחתית 15 ס""מ",69.99,110,137,כן,09/08/2026,1,שבת,כוסות קידוש,https://www.israel-judaica.com/webp/40873.webp
UK40876,"גביע קידוש מהודר מפולימר ""האש שלי"" עם רגל ותחתית 15 ס""מ",69.99,110,137,כן,09/08/2026,1,שבת,כוסות קידוש,https://www.israel-judaica.com/webp/40876.webp
UK41017,"גביע קידוש מהודר מפולימר בטון כהה ""בורא"" עם רגל ותחתית 15 ס""מ",69.99,110,137,כן,09/08/2026,1,שבת,כוסות קידוש,https://www.israel-judaica.com/webp/41017.webp
UK41021,"גביע קידוש מהודר מפולימר בטון כהה ""בורא"" עם רגל ותחתית 15 ס""מ",69.99,110,137,כן,09/08/2026,1,שבת,כוסות קידוש,https://www.israel-judaica.com/webp/41021.webp
UK40863,"גביע קידוש מהודר מפולימר לבן עם רגל ותחתית 15 ס""מ",69.99,110,137,כן,09/08/2026,1,שבת,כוסות קידוש,https://www.israel-judaica.com/webp/40863.webp
UK41012,"גביע קידוש מהודר מפולימר צבע חול ""בורא"" עם רגל ותחתית 15 ס""מ",69.99,110,137,כן,09/08/2026,1,שבת,כוסות קידוש,https://www.israel-judaica.com/webp/41012.webp
UK41038,"גביע קידוש מהודר מפולימר בטון כהה ""בורא"" עם רגל ותחתית 15 ס""מ",69.99,110,137,כן,09/08/2026,1,שבת,כוסות קידוש,https://www.israel-judaica.com/webp/41038.webp
UK41045,"גביע קידוש מהודר מפולימר בטון כהה ""האש שלי"" עם רגל ותחתית 15 ס""מ",69.99,110,137,כן,09/08/2026,1,שבת,כוסות קידוש,https://www.israel-judaica.com/webp/41045.webp
UK40886,"גביע קידוש מהודר מפולימר ""בורא"" צבע חול עם רגל ותחתית 15 ס""מ",69.99,110,137,כן,09/08/2026,1,שבת,כוסות קידוש,https://www.israel-judaica.com/webp/40886.webp
UK41015,"גביע קידוש מהודר מפולימר בטון כהה ""בורא"" עם רגל ותחתית 15 ס""מ",69.99,110,137,כן,09/08/2026,1,שבת,כוסות קידוש,https://www.israel-judaica.com/webp/41015.webp
UK59691,"גביע קידוש קריסטל זהב מהודר - 8 ס""מ",59.99,94,118,,,1,שבת,כוסות קידוש,https://www.israel-judaica.com/webp/59691.webp
UK59703,"גביע קידוש קריסטל מהודר - 8 ס""מ",59.99,94,118,,,1,שבת,כוסות קידוש,https://www.israel-judaica.com/webp/59703.webp
UK59690,"גביע קידוש קריסטל מהודר ""נהרות"" - 16 ס""מ תכולה 100 מ""ל",64.99,102,127,,,1,שבת,כוסות קידוש,https://www.israel-judaica.com/webp/59690.webp
UK59688,"גביע קידוש קריסטל מט מהודר ""ברכה"" - 16 ס""מ",64.99,102,127,,,1,שבת,כוסות קידוש,https://www.israel-judaica.com/webp/59688.webp
UK50788,"גביע קידוש קריסטל מהודר 16 ס""מ",64.99,102,127,כן,21/08/2026,1,שבת,כוסות קידוש,https://www.israel-judaica.com/webp/50788.webp
UK59689,"גביע קידוש קריסטל זהב מהודר ""נהרות"" - 16 ס""מ תכולה 100 מ""ל",64.99,102,127,,,1,שבת,כוסות קידוש,https://www.israel-judaica.com/webp/59689.webp
UK50787,"גביע קידוש קריסטל מהודר ""האש שלי"" 16 ס""מ",64.99,102,127,,,1,שבת,כוסות קידוש,https://www.israel-judaica.com/webp/50787.webp
UK50562,"גביע קידוש קריסטל עם רגל 14.5 ס""מ כיתוב זהב",44.99,71,88,,,1,שבת,כוסות קידוש,https://www.israel-judaica.com/webp/50562.webp
UK59563,"גביע קידוש קריסטל עם רגל 14.5 ס""מ כיתוב כסוף",44.99,71,88,,,1,שבת,כוסות קידוש,https://www.israel-judaica.com/webp/59563.webp
UK59705,"גביע קריסטל מהודר ללא רגל 9 ס""מ תכולה 100 מ""ל",59.99,94,118,,,1,שבת,כוסות קידוש,https://www.israel-judaica.com/webp/59705.webp
UK81185,"גביע קריסטל מהודר ללא רגל 9 ס""מ תכולה 100 מ",39.99,63,78,,,1,שבת,כוסות קידוש,https://www.israel-judaica.com/big/81185.jpg
UK86403,"גביע קידוש מהודר מפולימר עם תחתית 15 ס""מ",69.99,110,137,כן,09/08/2026,1,שבת,כוסות קידוש,https://www.israel-judaica.com/webp/86403.webp
UK86404,"גביע קידוש מהודר מפולימר עם תחתית 8 ס""מ",69.99,110,137,כן,09/08/2026,1,שבת,כוסות קידוש,https://www.israel-judaica.com/webp/86404.webp
UK86407,"גביע קידוש מהודר מפולימר עם תחתית 8 ס""מ",69.99,110,137,כן,09/08/2026,1,שבת,כוסות קידוש,https://www.israel-judaica.com/webp/86407.webp
UK55120,"גביע קידוש נירוסטה מרוקע 8 ס""מ תכולה 135 מ""ל",7.99,13,16,,,1,חגים,פסח,https://www.israel-judaica.com/big/55120.jpg
UK55121,"גביע קידוש נירוסטה ""פסים"" מט מבריק 8 ס""מ",7.99,13,16,,,1,חגים,פסח,https://www.israel-judaica.com/big/55121.jpg
UK83846,"ברכון מאקריליק לראש השנה 22X13 ס""מ רימונים צבעוני",29.99,47,59,,,1,חגים,ראש השנה,https://www.israel-judaica.com/webp/83846.webp
UK83844,"ברכון מאקריליק לראש השנה 22X13 ס""מ זהב",29.99,47,59,,,1,חגים,ראש השנה,https://www.israel-judaica.com/webp/83844.webp
UK83845,"ברכון מאקריליק לראש השנה 22X13 ס""מ כסף",29.99,47,59,,,1,חגים,ראש השנה,https://www.israel-judaica.com/webp/83845.webp
UK60461,תיק תפילין דמוי עור שחור פיו מפואר עם רקמה 23X2,109.99,172,216,כן,22/07/2026,1,טליתות,תיקי טלית,https://www.israel-judaica.com/big/60461.jpg
UK68007,"תיק טלית דמוי עור גוון עור נחש שחור 40X32 ס""מ",119.99,188,235,כן,22/07/2026,1,טליתות,תיקי טלית,https://www.israel-judaica.com/webp/68007.webp
UK61682,"תיק טלית תפילין פיו יברכך 40X32 ס""מ בטון",109.99,172,216,,,1,טליתות,תיקי טלית,https://www.israel-judaica.com/big/61682.jpg
UK60551,"תיק טלית תפילין פיו יברכך 40X32 ס""מ שחור",109.99,172,216,,,1,טליתות,תיקי טלית,https://www.israel-judaica.com/big/60551.jpg
UK61619,"תיק טלית תפילין פיו יברכך 40X32 ס""מלבן",109.99,172,216,,,1,טליתות,תיקי טלית,https://www.israel-judaica.com/big/61619.jpg
UK60457,"תיק מפואר לטלית תפילין דמוי עור אפור ""יברכך"" 38X33",109.99,172,216,,,1,טליתות,תיקי טלית,https://www.israel-judaica.com/big/60457.jpg
UK68023,"תיק מפואר לטלית דמוי עור לבן אותיות בולטות 38x31 ס""מ",109.99,172,216,,,1,טליתות,תיקי טלית,https://www.israel-judaica.com/webp/68023.webp
UK60570,"תיק מפואר לטלית תפילין דמוי עור אפור כהה ""יברכך"" 38X33 ס""מ",109.99,172,216,,,1,טליתות,תיקי טלית,https://www.israel-judaica.com/big/60570.jpg
UK60308,תיק מפואר לטלית דמוי עור לבן אותיות בולטות,109.99,172,216,כן,22/07/2026,1,טליתות,תיקי טלית,https://www.israel-judaica.com/big/60308.jpg
UK60312,"תיק מפואר לטלית דמוי עור אותיות בולטות ""יברכך""",109.99,172,216,כן,22/07/2026,1,טליתות,תיקי טלית,https://www.israel-judaica.com/big/60312.jpg
UK60298,"תיק טלית תפילין רש""י פיו שחור משבצות",119.99,188,235,כן,22/07/2026,1,טליתות,תיקי טלית,https://www.israel-judaica.com/big/60298.jpg
UK68030,"תיק תפילין דמוי עור לבן 25X22 ס""מ",24.99,39,49,,,1,טליתות,תיקי טלית,https://www.israel-judaica.com/webp/68030.webp
UK68031,"תיק תפילין דמוי עור בטון 25X22 ס""מ",24.99,39,49,,,1,טליתות,תיקי טלית,https://www.israel-judaica.com/webp/68031.webp
UK68032,"תיק תפילין דמוי עור שחור 25X22 ס""מ",24.99,39,49,,,1,טליתות,תיקי טלית,https://www.israel-judaica.com/webp/68032.webp
UK68027,"תיק טלית דמוי עור לבן 36X29 ס""מ",32.99,52,65,,,1,טליתות,תיקי טלית,https://www.israel-judaica.com/webp/68027.webp
UK68028,"תיק טלית דמוי עור בטון 36X29 ס""מ",32.99,52,65,,,1,טליתות,תיקי טלית,https://www.israel-judaica.com/webp/68028.webp
UK68029,"תיק טלית דמוי עור שחור 36X29 ס""מ",32.99,52,65,,,1,טליתות,תיקי טלית,https://www.israel-judaica.com/webp/68029.webp
UK45979,"קליפס לטלית ניקל אבני החושן עם שרשרת 9 ס""מ",19.99,31,39,,,1,טליתות,מחזיקי טלית,https://www.israel-judaica.com/big/45979.jpg
UK67519,"תיק תפילין דמוי עור 25X22 ס""מ",24.99,39,49,,,1,טליתות,סט טלית תפילין,https://www.israel-judaica.com/big/67519.jpg
UK67955,"נרתיק קלאצ' האש שלי דמוי עור כתום הבלטה""האש שלי"" 26.520.5סמ",39.99,63,78,כן,09/08/2026,1,טליתות,סט טלית תפילין,https://www.israel-judaica.com/webp/67955.webp
UK67956,"נרתיק קלאצ' האש שלי דמוי עור ירוק הבלטה""האש שלי"" 26.520.5סמ",39.99,63,78,כן,09/08/2026,1,טליתות,סט טלית תפילין,https://www.israel-judaica.com/webp/67956.webp
UK60222,"תיק לתפילין כחול כהה 27X22 ס""מ",12.99,20,25,,,1,טליתות,סט טלית תפילין,https://www.israel-judaica.com/big/60222.jpg
UK67953,"נרתיק קלאצ' האש שלי דמוי עור שחור הטבעה ""יברכך"" 26.520.5סמ",39.99,63,78,כן,09/08/2026,1,טליתות,סט טלית תפילין,https://www.israel-judaica.com/webp/67953.webp
UK67954,"נרתיק קלאצ' האש שלי דמוי עור בטון הטבעה ""יברכך"" 26.520.5סמ",39.99,63,78,כן,09/08/2026,1,טליתות,סט טלית תפילין,https://www.israel-judaica.com/webp/67954.webp
UK68008,"סט טלית תפילין קטיפה + כיפה תכלת חריטת לייזר ""יברכך"" 36X29 ס""מ",109.99,172,216,כן,09/08/2026,1,טליתות,סט טלית תפילין,https://www.israel-judaica.com/webp/68008.webp
UK68009,"סט טלית תפילין קטיפה + כיפה כחול כהה חריטת לייזר ""יברכך"" 36X29 ס""מ",109.99,172,216,כן,09/08/2026,1,טליתות,סט טלית תפילין,https://www.israel-judaica.com/webp/68009.webp
UK68010,"סט טלית תפילין קטיפה + כיפה אפור בהיר חריטת לייזר ""יברכך"" 36X29 ס""מ",109.99,172,216,כן,09/08/2026,1,טליתות,סט טלית תפילין,https://www.israel-judaica.com/webp/68010.webp
UK68011,"סט טלית תפילין קטיפה + כיפה ירוק חריטת לייזר ""יברכך"" 36X29 ס""מ",109.99,172,216,כן,09/08/2026,1,טליתות,סט טלית תפילין,https://www.israel-judaica.com/webp/68011.webp
UK68012,"סט טלית תפילין קטיפה + כיפה לבן חריטת לייזר ""יברכך"" 36X29 ס""מ",109.99,172,216,כן,09/08/2026,1,טליתות,סט טלית תפילין,https://www.israel-judaica.com/webp/68012.webp
UK68013,"סט טלית תפילין קטיפה + כיפה חום חריטת לייזר ""יברכך"" 36X29 ס""מ",109.99,172,216,כן,09/08/2026,1,טליתות,סט טלית תפילין,https://www.israel-judaica.com/webp/68013.webp
UK67979,"סט טלית תפילין קטיפה + כיפה חום חריטת לייזר ""האש שלי"" 36X29 ס""מ",109.99,172,216,כן,09/08/2026,1,טליתות,סט טלית תפילין,https://www.israel-judaica.com/webp/67979.webp
UK67980,"סט טלית תפילין קטיפה + כיפה אפור בהיר חריטת לייזר ""האש שלי"" 36X29 ס""מ",109.99,172,216,כן,09/08/2026,1,טליתות,סט טלית תפילין,https://www.israel-judaica.com/webp/67980.webp
UK67981,"סט טלית תפילין קטיפה + כיפה תכלת חריטת לייזר ""האש שלי"" 36X29 ס""מ",109.99,172,216,כן,09/08/2026,1,טליתות,סט טלית תפילין,https://www.israel-judaica.com/webp/67981.webp
UK67982,"סט טלית תפילין קטיפה + כיפה כחול כהה חריטת לייזר ""האש שלי"" 36X29 ס""מ",109.99,172,216,כן,09/08/2026,1,טליתות,סט טלית תפילין,https://www.israel-judaica.com/webp/67982.webp
UK67983,"סט טלית תפילין קטיפה + כיפה ירוק כהה חריטת לייזר ""האש שלי"" 36X29 ס""מ",109.99,172,216,כן,09/08/2026,1,טליתות,סט טלית תפילין,https://www.israel-judaica.com/webp/67983.webp
UK67984,"סט טלית תפילין קטיפה + כיפה לבן חריטת לייזר ""האש שלי"" 36X29 ס""מ",109.99,172,216,כן,09/08/2026,1,טליתות,סט טלית תפילין,https://www.israel-judaica.com/webp/67984.webp
UK67934,"סט טלית תפילין + כיפה קטיפה חום בהיר חריטת לייזר ""האש שלי"" 36X29 ס""מ",109.99,172,216,כן,09/08/2026,1,טליתות,סט טלית תפילין,https://www.israel-judaica.com/webp/67934.webp
UK67935,"סט טלית תפילין קטיפה + כיפה חום בהיר חריטת לייזר ""טלית תפילין"" 36X29 ס""מ",79.99,125,157,כן,09/08/2026,1,טליתות,סט טלית תפילין,https://www.israel-judaica.com/webp/67935.webp
UK67936,"סט טלית תפילין קטיפה + כיפה חום בהיר חריטת לייזר ""יברכך"" 36X29 ס""מ",89.99,141,176,כן,09/08/2026,1,טליתות,סט טלית תפילין,https://www.israel-judaica.com/webp/67936.webp
UK67962,"סט טלית תפילין קטיפה + כיפה חום בהיר חריטת לייזר ""בבא סאלי"" 36X29 ס""מ",89.99,141,176,כן,09/08/2026,1,טליתות,סט טלית תפילין,https://www.israel-judaica.com/webp/67962.webp
UK68001,"סט טלית תפילין קטיפה + כיפה אפור חריטת לייזר ""יברכך"" 36X29 ס""מ",89.99,141,176,כן,09/08/2026,1,טליתות,סט טלית תפילין,https://www.israel-judaica.com/webp/68001.webp
UK68005,"סט טלית תפילין מפואר דמוי עור וקטיפה בז' ""יברכך"" 38x29 ס""מ",79.99,125,157,כן,09/08/2026,1,טליתות,סט טלית תפילין,https://www.israel-judaica.com/webp/68005.webp
UK68006,"סט טלית תפילין מפואר דמוי עור וקטיפה חום ""יברכך"" 38x29 ס""מ",79.99,125,157,כן,09/08/2026,1,טליתות,סט טלית תפילין,https://www.israel-judaica.com/webp/68006.webp
UK68086,"סט טלית תפילין מפואר דמוי עור וקטיפה אפור ""יברכך"" 38x29 ס""מ",89.99,141,176,כן,09/08/2026,1,טליתות,סט טלית תפילין,https://www.israel-judaica.com/webp/68086.webp
UK68087,"סט טלית תפילין מפואר דמוי עור וקטיפה חום בהיר ""יברכך"" 38x29 ס""מ",89.99,141,176,כן,09/08/2026,1,טליתות,סט טלית תפילין,https://www.israel-judaica.com/webp/68087.webp
UK68088,"סט טלית תפילין מפואר דמוי עור וקטיפה חום ""יברכך"" 38x29 ס""מ",79.99,125,157,כן,09/08/2026,1,טליתות,סט טלית תפילין,https://www.israel-judaica.com/webp/68088.webp
UK68089,"סט טלית תפילין מפואר דמוי עור וקטיפה שחור ""יברכך"" 38x29 ס""מ",79.99,125,157,כן,09/08/2026,1,טליתות,סט טלית תפילין,https://www.israel-judaica.com/webp/68089.webp
UK67629,סט טלית תפילין מהודר בד ארוג כחול כהה וכחול בהי,69.99,110,137,,,1,טליתות,סט טלית תפילין,https://www.israel-judaica.com/webp/67629.webp
UK68024,"סט טלית תפילין דמוי עור שחור ואפור עם ריקמה 36X29 ס""מ",59.99,94,118,,,1,טליתות,סט טלית תפילין,https://www.israel-judaica.com/webp/68024.webp
UK68025,"סט טלית תפילין דמוי עור שחור עם ריקמה 36X29 ס""מ",59.99,94,118,,,1,טליתות,סט טלית תפילין,https://www.israel-judaica.com/webp/68025.webp
UK68026,"סט טלית תפילין דמוי עור לבן עם ריקמה 36X29 ס""מ",59.99,94,118,,,1,טליתות,סט טלית תפילין,https://www.israel-judaica.com/webp/68026.webp
UK68035,"סט טלית תפילין דמוי עור עם ריקמה אפור 36X29 ס""מ",59.99,94,118,,,1,טליתות,סט טלית תפילין,https://www.israel-judaica.com/webp/68035.webp
UK65055,"סט טלית תפילין דמוי עור עם ריקמה 36X29 ס""מ",59.99,94,118,כן,22/07/2026,1,טליתות,סט טלית תפילין,https://www.israel-judaica.com/webp/65055.webp
UK61240,"סט טלית תפילין דמוי עור וקטיפה ריקמה + רצועה 36x34 ס""מ",109.99,172,216,,,1,טליתות,סט טלית תפילין,https://www.israel-judaica.com/webp/61240.webp
UK17385,"כיפה סרוגה שטיח 20 ס""מ כחול כהה כחול בהיר ובז",5.99,9,12,,,1,כיפות,סרוגות,https://www.israel-judaica.com/webp/17385.webp
UK17156,"כיפה סטן לבן 20 ס""מ עם עיטור ריקמה",2.99,5,6,,,1,כיפות,סאטן וטריקלין,https://www.israel-judaica.com/webp/17156.webp
UK00336,"כיפה סטן לבן ""עיטורים""19 ס""מ",2.99,5,6,,,1,כיפות,סאטן וטריקלין,https://www.israel-judaica.com/webp/336.webp
UK12411,"כיפה קטיפה ""ארט-מן"" עם חריטה בלייזר האש שלי גודל 3 - פנינה",17.99,28,35,כן,09/08/2026,1,כיפות,קטיפה,https://www.israel-judaica.com/webp/12411.webp
UK12424,"כיפה קטיפה ""ארט-מן"" עם חריטה בלייזר האש שלי גודל 3 - זהב",17.99,28,35,כן,09/08/2026,1,כיפות,קטיפה,https://www.israel-judaica.com/webp/12424.webp
UK12429,"כיפה קטיפה ""ארט-מן"" עם חריטה בלייזר האש שלי גודל 3 - תכלת",17.99,28,35,כן,09/08/2026,1,כיפות,קטיפה,https://www.israel-judaica.com/webp/12429.webp
UK12430,"כיפה קטיפה ""ארט-מן"" עם חריטה בלייזר האש שלי גודל 3 - כחול",17.99,28,35,כן,09/08/2026,1,כיפות,קטיפה,https://www.israel-judaica.com/webp/12430.webp
UK12414,"כיפה קטיפה ""ארט-מן"" עם חריטה בלייזר האש שלי גודל 3 - אפור",17.99,28,35,כן,09/08/2026,1,כיפות,קטיפה,https://www.israel-judaica.com/webp/12414.webp
UK12422,"כיפה קטיפה ""ארט-מן"" עם חריטה בלייזר האש שלי גודל 3 - שחור",17.99,28,35,כן,09/08/2026,1,כיפות,קטיפה,https://www.israel-judaica.com/webp/12422.webp
UK12513,"כיפה קטיפה ""ארט-מן"" עם חריטה בלייזר האש שלי גודל 3 - אפור",17.99,28,35,כן,09/08/2026,1,כיפות,קטיפה,https://www.israel-judaica.com/webp/12513.webp
UK12533,"כיפה קטיפה ""ארט-מן"" עם חריטה בלייזר האש שלי גודל 3 - חום",17.99,28,35,כן,09/08/2026,1,כיפות,קטיפה,https://www.israel-judaica.com/webp/12533.webp
UK12473,"כיפה קטיפה ""ארט-מן"" עם חריטה בלייזר יברכך גודל 3 - כחול",17.99,28,35,כן,09/08/2026,1,כיפות,קטיפה,https://www.israel-judaica.com/webp/12473.webp
UK12474,"כיפה קטיפה ""ארט-מן"" עם חריטה בלייזר יברכך גודל 3 - זהב",17.99,28,35,כן,09/08/2026,1,כיפות,קטיפה,https://www.israel-judaica.com/webp/12474.webp
UK12479,"כיפה קטיפה ""ארט-מן"" עם חריטה בלייזר יברכך גודל 3 - פנינה",17.99,28,35,כן,09/08/2026,1,כיפות,קטיפה,https://www.israel-judaica.com/webp/12479.webp
UK12500,"כיפה קטיפה ""ארט-מן"" עם חריטה בלייזר יברכך גודל 3 - תכלת",17.99,28,35,כן,09/08/2026,1,כיפות,קטיפה,https://www.israel-judaica.com/webp/12500.webp
UK12415,"כיפה קטיפה ""ארט-מן"" עם חריטה בלייזר יברכך גודל 3 - חום",17.99,28,35,כן,09/08/2026,1,כיפות,קטיפה,https://www.israel-judaica.com/webp/12415.webp
UK12475,"כיפה קטיפה ""ארט-מן"" עם חריטה בלייזר יברכך גודל 3 - אפור",17.99,28,35,כן,09/08/2026,1,כיפות,קטיפה,https://www.israel-judaica.com/webp/12475.webp
UK12476,"כיפה קטיפה ""ארט-מן"" עם חריטה בלייזר יברכך גודל 3 - אפור",17.99,28,35,כן,09/08/2026,1,כיפות,קטיפה,https://www.israel-judaica.com/webp/12476.webp
UK12502,"כיפה קטיפה ""ארט-מן"" עם חריטה בלייזר יברכך גודל 3 - שחור",17.99,28,35,כן,09/08/2026,1,כיפות,קטיפה,https://www.israel-judaica.com/webp/12502.webp
UK12403,"כיפה קטיפה ""ארט-מן"" עם חריטה בלייזר סידנא בבא סאלי גודל 3 - זהב",17.99,28,35,כן,09/08/2026,1,כיפות,קטיפה,https://www.israel-judaica.com/webp/12403.webp
UK12504,"כיפה קטיפה ""ארט-מן"" עם חריטה בלייזר סידנא בבא סאלי גודל 3 - פנינה",17.99,28,35,כן,09/08/2026,1,כיפות,קטיפה,https://www.israel-judaica.com/webp/12504.webp
UK12510,"כיפה קטיפה ""ארט-מן"" עם חריטה בלייזר סידנא בבא סאלי גודל 3 - כחול",17.99,28,35,כן,09/08/2026,1,כיפות,קטיפה,https://www.israel-judaica.com/webp/12510.webp
UK12521,"כיפה קטיפה ""ארט-מן"" עם חריטה בלייזר סידנא בבא סאלי גודל 3 - תכלת",17.99,28,35,כן,09/08/2026,1,כיפות,קטיפה,https://www.israel-judaica.com/webp/12521.webp
UK12410,"כיפה קטיפה ""ארט-מן"" עם חריטה בלייזר סידנא בבא סאלי גודל 3 - שחור",17.99,28,35,כן,09/08/2026,1,כיפות,קטיפה,https://www.israel-judaica.com/webp/12410.webp
UK12507,"כיפה קטיפה ""ארט-מן"" עם חריטה בלייזר סידנא בבא סאלי גודל 3 - אפור",17.99,28,35,כן,09/08/2026,1,כיפות,קטיפה,https://www.israel-judaica.com/webp/12507.webp
UK12512,"כיפה קטיפה ""ארט-מן"" עם חריטה בלייזר סידנא בבא סאלי גודל 3 - אפור",17.99,28,35,כן,09/08/2026,1,כיפות,קטיפה,https://www.israel-judaica.com/webp/12512.webp
UK12531,"כיפה קטיפה ""ארט-מן"" עם חריטה בלייזר סידנא בבא סאלי גודל 3 - חום",17.99,28,35,כן,09/08/2026,1,כיפות,קטיפה,https://www.israel-judaica.com/webp/12531.webp
UK10265,"כיפה קטיפה ""ארט-מן"" עם ריקמה האש שלי גודל 3 - ח",19.99,31,39,,,1,כיפות,קטיפה,https://www.israel-judaica.com/webp/10265.webp
UK12024,"כיפה פשתן ארטמן לבן 20 ס""מ",11.99,19,24,,,1,כיפות,כיפות מיוחדות,https://www.israel-judaica.com/webp/12024.webp
UK12025,"כיפה פשתן ארטמן בז' 20 ס""מ",11.99,19,24,,,1,כיפות,כיפות מיוחדות,https://www.israel-judaica.com/webp/12025.webp
UK12026,"כיפה פשתן ארטמן בז' 20 ס""מ",11.99,19,24,,,1,כיפות,כיפות מיוחדות,https://www.israel-judaica.com/webp/12026.webp
UK12027,"כיפה פשתן ארטמן לבן 18 ס""מ",11.99,19,24,,,1,כיפות,כיפות מיוחדות,https://www.israel-judaica.com/webp/12027.webp
UK12028,"כיפה פשתן ארטמן בז' 18 ס""מ",11.99,19,24,,,1,כיפות,כיפות מיוחדות,https://www.israel-judaica.com/webp/12028.webp
UK12036,"כיפה פשתן ארטמן בז' 18 ס""מ",11.99,19,24,,,1,כיפות,כיפות מיוחדות,https://www.israel-judaica.com/webp/12036.webp
UK10307,"כיפה ירושלמית לבן חלק 19.5 ס""מ",17.99,28,35,,,1,כיפות,כיפות מיוחדות,https://www.israel-judaica.com/big/10307.jpg
UK10308,"כיפה פריק לבן חלק 19.5 ס""מ",7.99,13,16,,,1,כיפות,פריק,https://www.israel-judaica.com/big/10308.jpg
UK10759,"כיפה פריק שחורה 23 ס""מ ""נחמן מאומן""",7.99,13,16,,,1,כיפות,פריק,https://www.israel-judaica.com/webp/10759.webp
UK11022,"כיפה פריק לבן חלק 24 ס""מ",7.99,13,16,,,1,כיפות,פריק,https://www.israel-judaica.com/big/11022.jpg
UK15677,"כיפה נחמן לבן חלק 22 ס""מ",7.99,13,16,,,1,כיפות,פריק,https://www.israel-judaica.com/big/15677.jpg
UK17667,"כיפה פריק צהוב ""נחמן מאומן"" 24 ס""מ",7.99,13,16,,,1,כיפות,פריק,https://www.israel-judaica.com/big/17667.jpg
UK17668,"כיפה פריק ירוק ""נחמן מאומן"" 24 ס""מ",7.99,13,16,,,1,כיפות,פריק,https://www.israel-judaica.com/webp/17668.webp
UK24931,"מזוזה אלומיניום 10 ס""מ לבן ""ש"" מתכת",10.99,17,22,כן,22/07/2026,1,בתי מזוזה,מזוזות אלומיניום,https://www.israel-judaica.com/webp/24931.webp
UK24954,"מזוזה אלומיניום 7 ס""מ לבנה ""ש"" מתכת פרופיל מיוח",10.99,17,22,כן,22/07/2026,1,בתי מזוזה,מזוזות אלומיניום,https://www.israel-judaica.com/webp/24954.webp
UK24930,"מזוזה אלומיניום 15 ס""מ שחור מט ""ש"" מודפסת",13.99,22,27,כן,22/07/2026,1,בתי מזוזה,מזוזות אלומיניום,https://www.israel-judaica.com/webp/24930.webp
UK24953,"מזוזה אלומיניום 12 ס""מ צבועה בתלת מימד - פסים",18.99,30,37,כן,22/07/2026,1,בתי מזוזה,מזוזות אלומיניום,https://www.israel-judaica.com/webp/24953.webp
UK21665,"מזוזה אלומיניום ""סגירה גומי"" 15 ס""מ לבן ""ש"" מת",13.99,22,27,כן,22/07/2026,1,בתי מזוזה,מזוזות אלומיניום,https://www.israel-judaica.com/big/21665.jpg
UK21671,"מזוזה אלומיניום ""סגירה גומי"" 12 ס""מ רוז גולד """,13.99,22,27,כן,22/07/2026,1,בתי מזוזה,מזוזות אלומיניום,https://www.israel-judaica.com/big/21671.jpg
UK21672,"מזוזה אלומיניום ""סגירה גומי"" 15 ס""מ רוז גולד """,13.99,22,27,כן,22/07/2026,1,בתי מזוזה,מזוזות אלומיניום,https://www.israel-judaica.com/big/21672.jpg
UK21673,"מזוזה אלומיניום ""סגירה גומי"" 12 ס""מ אפור כהה ""ש ל",13.99,22,27,כן,22/07/2026,1,בתי מזוזה,מזוזות אלומיניום,https://www.israel-judaica.com/webp/21673.webp
UK21674,"מזוזה אלומיניום ""סגירה גומי"" 15 ס""מ אפור כהה ""ש ל",13.99,22,27,כן,22/07/2026,1,בתי מזוזה,מזוזות אלומיניום,https://www.israel-judaica.com/big/21674.jpg
UK21675,"מזוזה אלומיניום ""סגירה גומי"" 12 ס""מ כסף ""ש להבה""",13.99,22,27,כן,22/07/2026,1,בתי מזוזה,מזוזות אלומיניום,https://www.israel-judaica.com/big/21675.jpg
UK21676,"מזוזה אלומיניום ""סגירה גומי"" 15 ס""מ כסף ""ש להבה""",13.99,22,27,כן,22/07/2026,1,בתי מזוזה,מזוזות אלומיניום,https://www.israel-judaica.com/big/21676.jpg
UK21684,"מזוזה אלומיניום ""סגירה גומי"" 12 ס""מ לבן ""ש להבה""",13.99,22,27,כן,22/07/2026,1,בתי מזוזה,מזוזות אלומיניום,https://www.israel-judaica.com/big/21684.jpg
UK21685,"מזוזה אלומיניום ""סגירה גומי"" 15 ס""מ לבן ""ש להבה""",13.99,22,27,כן,22/07/2026,1,בתי מזוזה,מזוזות אלומיניום,https://www.israel-judaica.com/big/21685.jpg
UK21689,"מזוזה אלומיניום ""סגירה גומי"" 15 ס""מ זהב ""ש להבה""",13.99,22,27,כן,22/07/2026,1,בתי מזוזה,מזוזות אלומיניום,https://www.israel-judaica.com/big/21689.jpg
UK24613,"מזוזה אלומיניום 15 ס""מ זהב מט ""ש"" חרוטה",44.99,71,88,כן,21/08/2026,1,בתי מזוזה,מזוזות אלומיניום,https://www.israel-judaica.com/webp/24613.webp
UK24614,"מזוזה אלומיניום 12 ס""מ כסף מט ""ש"" חרוטה",44.99,71,88,כן,21/08/2026,1,בתי מזוזה,מזוזות אלומיניום,https://www.israel-judaica.com/webp/24614.webp
UK24637,"מזוזה אלומיניום 12 ס""מ זהב מט ""ש"" חרוטה",44.99,71,88,כן,21/08/2026,1,בתי מזוזה,מזוזות אלומיניום,https://www.israel-judaica.com/webp/24637.webp
UK24638,"מזוזה אלומיניום 15 ס""מ כסף מט ""ש"" חרוטה",44.99,71,88,כן,21/08/2026,1,בתי מזוזה,מזוזות אלומיניום,https://www.israel-judaica.com/webp/24638.webp
UK24639,"מזוזה אלומיניום 15 ס""מ שחור מט ""ש"" חרוטה",44.99,71,88,כן,21/08/2026,1,בתי מזוזה,מזוזות אלומיניום,https://www.israel-judaica.com/webp/24639.webp
UK24743,"מזוזה אלומיניום 12 ס""מ שחור מט ""ש"" חרוטה",44.99,71,88,כן,21/08/2026,1,בתי מזוזה,מזוזות אלומיניום,https://www.israel-judaica.com/webp/24743.webp
UK50453,"מזוזה לרכב ניקל עם אקריליק 6 ס""מ",13.99,22,27,כן,22/07/2026,1,בתי מזוזה,מזוזות לרכב,https://www.israel-judaica.com/big/50453.jpg
UK21963,"מזוזה אלומיניום ""סגירה גומי"" 12 ס""מ שחור מט ""ש לה",13.99,22,27,כן,22/07/2026,1,בתי מזוזה,מזוזות עץ,https://www.israel-judaica.com/big/21963.jpg
UK21964,"מזוזה אלומיניום ""סגירה גומי"" 15 ס""מ שחור מט ""ש לה",13.99,22,27,כן,22/07/2026,1,בתי מזוזה,מזוזות עץ,https://www.israel-judaica.com/big/21964.jpg
UK24876,מזוזה פולימר עץ עם אפוקסי צבע טורקיז גודל 20,69.99,110,137,כן,09/08/2026,1,בתי מזוזה,מזוזות עץ,https://www.israel-judaica.com/webp/24876.webp
UK24877,מזוזה פולימר עץ עם אפוקסי צבע טורקיז גודל 15,59.99,94,118,כן,09/08/2026,1,בתי מזוזה,מזוזות עץ,https://www.israel-judaica.com/webp/24877.webp
UK24878,מזוזה פולימר עץ עם אפוקסי צבע כחול גודל 25,79.99,125,157,כן,09/08/2026,1,בתי מזוזה,מזוזות עץ,https://www.israel-judaica.com/webp/24878.webp
UK24879,מזוזה פולימר עץ עם אפוקסי צבע כחול גודל 20,69.99,110,137,כן,09/08/2026,1,בתי מזוזה,מזוזות עץ,https://www.israel-judaica.com/webp/24879.webp
UK24880,מזוזה פולימר עץ עם אפוקסי צבע כחול גודל 15,59.99,94,118,כן,09/08/2026,1,בתי מזוזה,מזוזות עץ,https://www.israel-judaica.com/webp/24880.webp
UK24883,מזוזה פולימר עץ עם אפוקסי צבע תכלת גודל 15,59.99,94,118,כן,09/08/2026,1,בתי מזוזה,מזוזות עץ,https://www.israel-judaica.com/webp/24883.webp
UK24873,מזוזה פולימר עץ עם אפוקסי צבע שחור גודל 20,69.99,110,137,כן,09/08/2026,1,בתי מזוזה,מזוזות עץ,https://www.israel-judaica.com/webp/24873.webp
UK24874,מזוזה פולימר עץ עם אפוקסי צבע שחור גודל 15,59.99,94,118,כן,09/08/2026,1,בתי מזוזה,מזוזות עץ,https://www.israel-judaica.com/webp/24874.webp
UK24885,מזוזה פולימר עץ עם אפוקסי צבע זהב גודל 20,69.99,110,137,כן,09/08/2026,1,בתי מזוזה,מזוזות עץ,https://www.israel-judaica.com/webp/24885.webp
UK24886,מזוזה פולימר עץ עם אפוקסי צבע זהב גודל 15,59.99,94,118,כן,09/08/2026,1,בתי מזוזה,מזוזות עץ,https://www.israel-judaica.com/webp/24886.webp
UK24872,מזוזה פולימר עץ עם אפוקסי צבע שחור גודל 25,79.99,125,157,כן,09/08/2026,1,בתי מזוזה,מזוזות עץ,https://www.israel-judaica.com/webp/24872.webp
UK24875,מזוזה פולימר עץ עם אפוקסי צבע טורקיז גודל 25,79.99,125,157,כן,09/08/2026,1,בתי מזוזה,מזוזות עץ,https://www.israel-judaica.com/webp/24875.webp
UK24881,מזוזה פולימר עץ עם אפוקסי צבע תכלת גודל 25,79.99,125,157,כן,09/08/2026,1,בתי מזוזה,מזוזות עץ,https://www.israel-judaica.com/webp/24881.webp
UK24882,מזוזה פולימר עץ עם אפוקסי צבע תכלת גודל 20,69.99,110,137,כן,09/08/2026,1,בתי מזוזה,מזוזות עץ,https://www.israel-judaica.com/webp/24882.webp
UK24884,מזוזה פולימר עץ עם אפוקסי צבע זהב גודל 25,79.99,125,157,כן,09/08/2026,1,בתי מזוזה,מזוזות עץ,https://www.israel-judaica.com/webp/24884.webp
UK24870,"מזוזה אקריליק שקוף ולבן 15 ס""מ",44.99,71,88,כן,09/08/2026,1,בתי מזוזה,מזוזות פלסטיק,https://www.israel-judaica.com/webp/24870.webp
UK24871,"מזוזה אקריליק שקוף ושחור 12 ס""מ",44.99,71,88,כן,09/08/2026,1,בתי מזוזה,מזוזות פלסטיק,https://www.israel-judaica.com/webp/24871.webp
UK24940,"מזוזה אקריליק שקוף ולבן 12 ס""מ",44.99,71,88,כן,09/08/2026,1,בתי מזוזה,מזוזות פלסטיק,https://www.israel-judaica.com/webp/24940.webp
UK24941,"מזוזה אקריליק שקוף ולבן 20 ס""מ",59.99,94,118,כן,09/08/2026,1,בתי מזוזה,מזוזות פלסטיק,https://www.israel-judaica.com/webp/24941.webp
UK24942,"מזוזה אקריליק שקוף ונצנץ כסף 12 ס""מ",44.99,71,88,כן,09/08/2026,1,בתי מזוזה,מזוזות פלסטיק,https://www.israel-judaica.com/webp/24942.webp
UK24943,"מזוזה אקריליק שקוף ונצנץ כסף 15 ס""מ",44.99,71,88,כן,09/08/2026,1,בתי מזוזה,מזוזות פלסטיק,https://www.israel-judaica.com/webp/24943.webp
UK24944,"מזוזה אקריליק שקוף ונצנץ כסף 20 ס""מ",59.99,94,118,כן,09/08/2026,1,בתי מזוזה,מזוזות פלסטיק,https://www.israel-judaica.com/webp/24944.webp
UK24945,"מזוזה אקריליק שקוף ושחור 15 ס""מ",44.99,71,88,כן,09/08/2026,1,בתי מזוזה,מזוזות פלסטיק,https://www.israel-judaica.com/webp/24945.webp
UK24946,"מזוזה אקריליק שקוף ושחור 20 ס""מ",59.99,94,118,כן,09/08/2026,1,בתי מזוזה,מזוזות פלסטיק,https://www.israel-judaica.com/webp/24946.webp
UK57333,"זוג רימונים זהב לספר הפטרות 25 ס""מ",169.99,267,333,כן,09/08/2026,1,יודאיקה,מוצרי בית כנסת,https://www.israel-judaica.com/webp/57333.webp
UK59488,"זוג רימונים כסף לספר הפטרות 25 ס""מ",169.99,267,333,כן,09/08/2026,1,יודאיקה,מוצרי בית כנסת,https://www.israel-judaica.com/webp/59488.webp
UK59854,"זוג רימונים ציפוי כסף לספר הפטרה 26 ס""מ",169.99,267,333,כן,09/08/2026,1,יודאיקה,מוצרי בית כנסת,https://www.israel-judaica.com/webp/59854.webp
UK59855,"זוג רימונים ציפוי כסף לספר הפטרה 26 ס""מ",169.99,267,333,כן,09/08/2026,1,יודאיקה,מוצרי בית כנסת,https://www.israel-judaica.com/webp/59855.webp
UK59325,"זוג רימונים ציפוי רוז גולד לספר הפטרה 26 ס""מ",169.99,267,333,כן,09/08/2026,1,יודאיקה,מוצרי בית כנסת,https://www.israel-judaica.com/webp/59325.webp
UK59327,"זוג רימונים ציפוי רוז גולד לספר הפטרה 26 ס""מ",169.99,267,333,כן,09/08/2026,1,יודאיקה,מוצרי בית כנסת,https://www.israel-judaica.com/webp/59327.webp
UK80064,"שטנדר במבוק ""ירושלים "" 34x38 ס""מ",89.99,141,176,כן,30/07/2026,1,יודאיקה,מוצרי בית כנסת,https://www.israel-judaica.com/big/80064.jpg
UK82406,"שטנדר אקריליק "" והגית""",99.99,157,196,,,1,יודאיקה,מוצרי בית כנסת,https://www.israel-judaica.com/big/82406.jpg
UK82407,"שטנדר אקריליק "" והגית""",99.99,157,196,,,1,יודאיקה,מוצרי בית כנסת,https://www.israel-judaica.com/big/82407.jpg
UK81193,שטנדר מעץ עם פלקטה דמוי עור ואותיות בולטות 38x30 ס,149.99,235,294,,,1,יודאיקה,מוצרי בית כנסת,https://www.israel-judaica.com/big/81193.jpg
UK30023,"מחזיק מפתחות ""מנורה"" עם מגן דוד משובץ באבנים 4 ס""מ - זהב",6.99,11,14,כן,22/07/2026,1,יודאיקה,מחזיקי מפתחות,https://www.israel-judaica.com/webp/30023.webp
UK30024,"מחזיק מפתחות ""מנורה"" משובץ באבנים 4 ס""מ - זהב",6.99,11,14,כן,22/07/2026,1,יודאיקה,מחזיקי מפתחות,https://www.israel-judaica.com/webp/30024.webp
UK30025,"מחזיק מפתחות ""מנורה"" עם מגן דוד משובץ באבנים 4 ס""מ - כסף",6.99,11,14,כן,22/07/2026,1,יודאיקה,מחזיקי מפתחות,https://www.israel-judaica.com/webp/30025.webp
UK30027,"מחזיק מפתחות כסף בצורת רימון וארץ ישראל 4 ס""מ",6.99,11,14,כן,22/07/2026,1,יודאיקה,מחזיקי מפתחות,https://www.israel-judaica.com/webp/30027.webp
UK50636,"מחזיק מפתחות זהב בצורת רימון וארץ ישראל 4 ס""מ",6.99,11,14,כן,22/07/2026,1,יודאיקה,מחזיקי מפתחות,https://www.israel-judaica.com/webp/50636.webp
UK30026,"מחזיק מפתחות ""מנורה"" משובץ באבנים 4 ס""מ - כסף",6.99,11,14,כן,22/07/2026,1,יודאיקה,מחזיקי מפתחות,https://www.israel-judaica.com/webp/30026.webp
UK56158,"נטלה מהודרת מפולימר גוון בטון בז' 12.5 ס""מ",59.99,94,118,,,1,יודאיקה,נטילת ידיים,https://www.israel-judaica.com/webp/56158.webp
UK42867,"נטלה אקריליק מהודרת עם הדפסה וידיות זהב 13 ס""מ",18.99,30,37,,,1,יודאיקה,נטילת ידיים,https://www.israel-judaica.com/big/42867.jpg
UK42868,"נטלה אקריליק מהודרת עם הדפסה וידיות זהב 13 ס""מ",18.99,30,37,,,1,יודאיקה,נטילת ידיים,https://www.israel-judaica.com/big/42868.jpg
UK42870,"נטלה אקריליק מהודרת עם הדפסה וידיות זהב 13 ס""מ",18.99,30,37,,,1,יודאיקה,נטילת ידיים,https://www.israel-judaica.com/big/42870.jpg
UK42872,נטלה אקריליק מהודרת עם הדפסה וידיות כסף 13 ס,18.99,30,37,,,1,יודאיקה,נטילת ידיים,https://www.israel-judaica.com/big/42872.jpg
UK42869,"נטלה אקריליק מהודרת עם הדפסה וידיות זהב 13 ס""מ",18.99,30,37,,,1,יודאיקה,נטילת ידיים,https://www.israel-judaica.com/big/42869.jpg
UK42871,"נטלה אקריליק מהודרת עם הדפסה וידיות כסף 13 ס""מ",18.99,30,37,,,1,יודאיקה,נטילת ידיים,https://www.israel-judaica.com/big/42871.jpg
UK48746,נטלה אקריליק מהודרת עםהדפסה וידיות צבעוניות,15.99,25,31,,,1,יודאיקה,נטילת ידיים,https://www.israel-judaica.com/big/48746.jpg
UK40067,"נטלה מהודרת פולימר בטון 14 ס""מ",54.99,86,108,כן,18/07/2026,1,יודאיקה,נטילת ידיים,https://www.israel-judaica.com/big/40067.jpg
UK45917,"נטלה מהודרת מפולימר 14 ס""מ",54.99,86,108,כן,09/08/2026,1,יודאיקה,נטילת ידיים,https://www.israel-judaica.com/big/45917.jpg
UK80392,נטלה פולימר 14סמ,54.99,86,108,כן,09/08/2026,1,יודאיקה,נטילת ידיים,https://www.israel-judaica.com/big/80392.jpg
UK40858,"נטלה מהודרת פולימר בטון 14 ס""מ",54.99,86,108,כן,18/07/2026,1,יודאיקה,נטילת ידיים,https://www.israel-judaica.com/big/40858.jpg
UK41146,"נטלה מהודרת פולימר בטון 14 ס""מ",54.99,86,108,כן,18/07/2026,1,יודאיקה,נטילת ידיים,https://www.israel-judaica.com/big/41146.jpg
UK55790,נטלה פולימר בטון כהה 14סמ,54.99,86,108,,,1,יודאיקה,נטילת ידיים,https://www.israel-judaica.com/webp/55790.webp
UK55791,נטלה פולימר בטון בהיר 14סמ,54.99,86,108,,,1,יודאיקה,נטילת ידיים,https://www.israel-judaica.com/webp/55791.webp
UK56001,"נטלה מהודרת מפולימר גוון בטון כהה 12.5 ס""מ",54.99,86,108,,,1,יודאיקה,נטילת ידיים,https://www.israel-judaica.com/webp/56001.webp
UK56020,"נטלה מהודרת מפולימר גוון בטון בהיר 12.5 ס""מ",54.99,86,108,,,1,יודאיקה,נטילת ידיים,https://www.israel-judaica.com/webp/56020.webp
UK56021,"נטלה מהודרת מפולימר גוון בטון כהה 12.5 ס""מ",54.99,86,108,,,1,יודאיקה,נטילת ידיים,https://www.israel-judaica.com/webp/56021.webp
UK86564,"נטלה מהודרת מפולימר גוון בטון בז' 12.5 ס""מ",54.99,86,108,,,1,יודאיקה,נטילת ידיים,https://www.israel-judaica.com/webp/86564.webp
UK55988,"נטלה מהודרת מפולימר גוון חול 12.5 ס""מ",54.99,86,108,,,1,יודאיקה,נטילת ידיים,https://www.israel-judaica.com/webp/55988.webp
UK55989,"נטלה מהודרת מפולימר גוון בטון בהיר 12.5 ס""מ",54.99,86,108,,,1,יודאיקה,נטילת ידיים,https://www.israel-judaica.com/webp/55989.webp
UK86534,"נטלה מהודרת מפולימר גוון בטון בז' 12.5 ס""מ",54.99,86,108,,,1,יודאיקה,נטילת ידיים,https://www.israel-judaica.com/webp/86534.webp
UK86536,"נטלה מהודרת מפולימר גוון בטון בז' 12.5 ס""מ",54.99,86,108,,,1,יודאיקה,נטילת ידיים,https://www.israel-judaica.com/webp/86536.webp
UK56025,"נטלה מהודרת מפולימר גוון בטון בהיר 12.5 ס""מ",54.99,86,108,כן,09/08/2026,1,יודאיקה,נטילת ידיים,https://www.israel-judaica.com/webp/56025.webp
UK56161,"נטלה מהודרת מפולימר גוון בטון בהיר 12.5 ס""מ",54.99,86,108,,,1,יודאיקה,נטילת ידיים,https://www.israel-judaica.com/webp/56161.webp
UK56164,"נטלה מהודרת מפולימר גוון חול 12.5 ס""מ",54.99,86,108,כן,09/08/2026,1,יודאיקה,נטילת ידיים,https://www.israel-judaica.com/webp/56164.webp
UK86537,"נטלה מהודרת מפולימר גוון בטון בז' 12.5 ס""מ",54.99,86,108,,,1,יודאיקה,נטילת ידיים,https://www.israel-judaica.com/webp/86537.webp
UK56168,"נטלה מהודרת מפולימר גוון לבן 12.5 ס""מ",54.99,86,108,,,1,יודאיקה,נטילת ידיים,https://www.israel-judaica.com/webp/56168.webp
UK56169,"נטלה מהודרת מפולימר גוון לבן 12.5 ס""מ",54.99,86,108,,,1,יודאיקה,נטילת ידיים,https://www.israel-judaica.com/webp/56169.webp
UK56170,"נטלה מהודרת מפולימר גוון חול 12.5 ס""מ",54.99,86,108,,,1,יודאיקה,נטילת ידיים,https://www.israel-judaica.com/webp/56170.webp
UK55990,"נטלה מהודרת מפולימר גוון לבן מנוקד 12.5 ס""מ",54.99,86,108,,,1,יודאיקה,נטילת ידיים,https://www.israel-judaica.com/webp/55990.webp
UK56159,"נטלה מהודרת מפולימר גוון בטון בז' 12.5 ס""מ",59.99,94,118,,,1,יודאיקה,נטילת ידיים,https://www.israel-judaica.com/webp/56159.webp
UK82431,"נטלה מהודרת מפולימר גוון לבן מנוקד 12.5 ס""מ",59.99,94,118,,,1,יודאיקה,נטילת ידיים,https://www.israel-judaica.com/webp/82431.webp
UK86535,"נטלה מהודרת מפולימר גוון בטון בז' 12.5 ס""מ",54.99,86,108,,,1,יודאיקה,נטילת ידיים,https://www.israel-judaica.com/webp/86535.webp
UK56046,"נטלה מהודרת מפולימר גוון בטון כהה 12.5 ס""מ",59.99,94,118,כן,09/08/2026,1,יודאיקה,נטילת ידיים,https://www.israel-judaica.com/webp/56046.webp
UK56053,"נטלה מהודרת מפולימר גוון בטון בז' 12.5 ס""מ",59.99,94,118,כן,09/08/2026,1,יודאיקה,נטילת ידיים,https://www.israel-judaica.com/webp/56053.webp
UK56062,"נטלה מהודרת מפולימר גוון בטון בהיר 12.5 ס""מ",59.99,94,118,,,1,יודאיקה,נטילת ידיים,https://www.israel-judaica.com/webp/56062.webp
UK56027,"נטלה מהודרת מפולימר גוון בטון בז' 12.5 ס""מ",59.99,94,118,,,1,יודאיקה,נטילת ידיים,https://www.israel-judaica.com/webp/56027.webp
UK56032,"נטלה מהודרת מפולימר גוון בטון בהיר 12.5 ס""מ",59.99,94,118,כן,09/08/2026,1,יודאיקה,נטילת ידיים,https://www.israel-judaica.com/webp/56032.webp
UK56036,"נטלה מהודרת מפולימר גוון לבן מנוקד 12.5 ס""מ",59.99,94,118,,,1,יודאיקה,נטילת ידיים,https://www.israel-judaica.com/webp/56036.webp
UK56038,"נטלה מהודרת מפולימר גוון בטון כהה 12.5 ס""מ",59.99,94,118,,,1,יודאיקה,נטילת ידיים,https://www.israel-judaica.com/webp/56038.webp
UK81367,סט סבונייה עם נטלה פולימר בטון מהודר כולל מגש,119.99,188,235,כן,18/07/2026,1,יודאיקה,נטילת ידיים,https://www.israel-judaica.com/big/81367.jpg
UK81927,"נטלה אלומיניום 13 ס""מ שיש כחול לבן זהב",54.99,86,108,,,1,יודאיקה,נטילת ידיים,https://www.israel-judaica.com/webp/81927.webp
UK81928,"נטלה אלומיניום 13 ס""מ שיש ורוד לבן זהב",54.99,86,108,,,1,יודאיקה,נטילת ידיים,https://www.israel-judaica.com/webp/81928.webp
UK81929,"נטלה אלומיניום 13 ס""מ שיש פנינה לבן כסף",54.99,86,108,,,1,יודאיקה,נטילת ידיים,https://www.israel-judaica.com/webp/81929.webp
UK55570,"נטלה נירוסטה 13 ס""מ",32.99,52,65,,,1,יודאיקה,נטילת ידיים,https://www.israel-judaica.com/big/55570.jpg
UK81749,"כלי אקריליק למים אחרונים 15 ס""מ - כסף",119.99,188,235,כן,21/08/2026,1,יודאיקה,נטילת ידיים,https://www.israel-judaica.com/webp/81749.webp
UK87860,"כלי אקריליק למים אחרונים 15 ס""מ - זהב ולבן",119.99,188,235,כן,21/08/2026,1,יודאיקה,נטילת ידיים,https://www.israel-judaica.com/webp/87860.webp
UK55833,"מים אחרונים פולימר בטון מתפרק גוון בטון כהה 14 ס""מ",89.99,141,176,כן,18/07/2026,1,יודאיקה,נטילת ידיים,https://www.israel-judaica.com/webp/55833.webp
UK82423,"מים אחרונים פולימר בטון מתפרק גוון בטון בהיר 14 ס""מ",89.99,141,176,כן,18/07/2026,1,יודאיקה,נטילת ידיים,https://www.israel-judaica.com/webp/82423.webp
UK55716,"סידור כריכה מהודרת דמוי עור 913 ס""מ - לבן",19.99,31,39,,,1,יודאיקה,סידורים ותהילים,https://www.israel-judaica.com/webp/55716.webp
UK55719,"סידור כריכה מהודרת דמוי עור 913 ס""מ - אפור",19.99,31,39,,,1,יודאיקה,סידורים ותהילים,https://www.israel-judaica.com/webp/55719.webp
UK55721,"סידור כריכה מהודרת דמוי עור 913 ס""מ - שחור",19.99,31,39,,,1,יודאיקה,סידורים ותהילים,https://www.israel-judaica.com/webp/55721.webp
UK55718,"סידור לבת ישראל כריכה מהודרת דמוי עור 913 ס""מ - לבן",19.99,31,39,,,1,יודאיקה,סידורים ותהילים,https://www.israel-judaica.com/webp/55718.webp
UK55723,"סידור לבת ישראל כריכה מהודרת דמוי עור 913 ס""מ - ורוד",19.99,31,39,,,1,יודאיקה,סידורים ותהילים,https://www.israel-judaica.com/webp/55723.webp
UK55717,"תהילים כריכה מהודרת דמוי עור 913 ס""מ - לבן",19.99,31,39,,,1,יודאיקה,סידורים ותהילים,https://www.israel-judaica.com/webp/55717.webp
UK55720,"תהילים כריכה מהודרת דמוי עור 913 ס""מ - אפור",19.99,31,39,,,1,יודאיקה,סידורים ותהילים,https://www.israel-judaica.com/webp/55720.webp
UK55722,"תהילים כריכה מהודרת דמוי עור 913 ס""מ - ורוד",19.99,31,39,,,1,יודאיקה,סידורים ותהילים,https://www.israel-judaica.com/webp/55722.webp
UK55847,"זוג כוסיות לשמן קריסטל זהב 9x6 ס""מ",44.99,71,88,,,1,שבת,פמוטים,https://www.israel-judaica.com/webp/55847.webp
UK55850,"זוג כוסיות לשמן קריסטל רוז גולד 9x6 ס""מ",44.99,71,88,,,1,שבת,פמוטים,https://www.israel-judaica.com/webp/55850.webp
UK83147,"זוג כוסיות לשמן קריסטל שקוף 9x6 ס""מ",49.99,78,98,,,1,שבת,פמוטים,https://www.israel-judaica.com/webp/83147.webp
UK86870,"פמוטי נסיעה ניקל בקופסא עם מכסה ""ירושלים"" 4X9 ס",49.99,78,98,כן,22/07/2026,1,שבת,פמוטים,https://www.israel-judaica.com/big/86870.jpg
UK40491,"פמוטי נסיעה זהב בקופסא עם מכסה ""פיליגרין"" משובץ",49.99,78,98,כן,22/07/2026,1,שבת,פמוטים,https://www.israel-judaica.com/big/40491.jpg
UK41856,"פמוטי נסיעה ניקל בקופסא עם מכסה ""פיליגרין"" משוב",49.99,78,98,כן,22/07/2026,1,שבת,פמוטים,https://www.israel-judaica.com/big/41856.jpg
UK83398,סט פולימר בטון מגש להדלקת נרות ברכה וזוג פמוטים מהודרים,149.99,235,294,כן,18/07/2026,1,שבת,פמוטים,https://www.israel-judaica.com/webp/83398.webp
UK83635,סט פולימר בטון מגש עם ברכת הדלקת נרות וזוג פמוטים מהודרים,169.99,267,333,כן,18/07/2026,1,שבת,פמוטים,https://www.israel-judaica.com/webp/83635.webp
UK82245,פמוטים עם מגש פולימר בטון,89.99,141,176,כן,18/07/2026,1,שבת,פמוטים,https://www.israel-judaica.com/big/82245.jpg
UK40718,"זוג פמוטי קריסטל מהודרים 13 ס""מ",19.99,31,39,כן,21/08/2026,1,שבת,פמוטים,https://www.israel-judaica.com/big/40718.jpg
UK81615,"זוג פמוטי קריסטל מהודרים גוון זהב 13 ס""מ",21.99,34,43,כן,21/08/2026,1,שבת,פמוטים,https://www.israel-judaica.com/webp/81615.webp
UK59827,"סט זוג פמוטי קריסטל עם מגש מהודר 23x13 ס""מ",89.99,141,176,,,1,שבת,פמוטים,https://www.israel-judaica.com/webp/59827.webp
UK50031,"סט קריסטל מהודר הכולל מגש, פמוטים ואגרטל - גוון זהב ושקוף",159.99,251,314,,,1,שבת,פמוטים,https://www.israel-judaica.com/webp/50031.webp
UK50039,"סט קריסטל מהודר הכולל מגש, פמוטים ואגרטל - גוון זהב ושחור",159.99,251,314,,,1,שבת,פמוטים,https://www.israel-judaica.com/webp/50039.webp
UK82361,"פמוט זכוכית עם מגירה מהודר ""הדלקת נרות"" חמישייה 25.5x19 ס""מ",119.99,188,235,כן,28/07/2026,1,שבת,פמוטים,https://www.israel-judaica.com/webp/82361.webp
UK82362,"פמוט זכוכית עם מגירה מהודר ""הדלקת נרות"" זוג 25.5x19 ס""מ",89.99,141,176,כן,28/07/2026,1,שבת,פמוטים,https://www.israel-judaica.com/webp/82362.webp
UK81047,"פמוטי קריסטל מהודר הדלקת נרות 21 ס""מ",69.99,110,137,,,1,שבת,פמוטים,https://www.israel-judaica.com/big/81047.jpg
UK58105,פמוטי קריסטל זהב שמפניה עם הדלקת נרות זהב 25.5X22,99.99,157,196,,,1,שבת,פמוטים,https://www.israel-judaica.com/webp/58105.webp
UK59829,"זוג פמוטי קריסטל מרובע 5 ס""מ",44.99,71,88,,,1,שבת,פמוטים,https://www.israel-judaica.com/webp/59829.webp
UK82148,"פמוטי קריסטל עם פלקטה ""פרחים"" 7.5 ס""מ",49.99,78,98,,,1,שבת,פמוטים,https://www.israel-judaica.com/big/82148.jpg
UK81470,"זוג פמוטים קריסטל גוון זהב 4X7.5 ס""מ",29.99,47,59,כן,21/08/2026,1,שבת,פמוטים,https://www.israel-judaica.com/big/81470.jpg
UK46893,"זוג פמוטי קריסטל מהודרים עם אבנים 12 ס""מ",32.99,52,65,כן,21/08/2026,1,שבת,פמוטים,https://www.israel-judaica.com/big/46893.jpg
UK46894,"זוג פמוטי קריסטל מהודרים עם אבנים 18 ס""מ",44.99,71,88,כן,21/08/2026,1,שבת,פמוטים,https://www.israel-judaica.com/big/46894.jpg
UK41434,"פמוט קריסטל ""זהב"" שבעייה מהודר 42 ס""מ",329.99,517,647,,,1,שבת,פמוטים,https://www.israel-judaica.com/big/41434.jpg
UK45496,"פמוטי קריסטל 9 קנים מהודר עם אבנים 60 ס""מ",299.99,470,588,כן,21/08/2026,1,שבת,פמוטים,https://www.israel-judaica.com/big/45496.jpg
UK83300,"זוג פמוטי קריסטל מרובע 8 ס""מ",49.99,78,98,,,1,שבת,פמוטים,https://www.israel-judaica.com/webp/83300.webp
UK50548,"קופת צדקה ""בבא סאלי"" מפולימר 13 ס""מ - בטון כהה",54.99,86,108,כן,09/08/2026,1,יודאיקה,קופות צדקה,https://www.israel-judaica.com/webp/50548.webp
UK56176,"קופת צדקה ""בבא סאלי"" מפולימר 13 ס""מ - בטון בהיר",54.99,86,108,כן,09/08/2026,1,יודאיקה,קופות צדקה,https://www.israel-judaica.com/webp/56176.webp
UK42907,"קופת צדקה אקריליק עם הדפסה - נצנצים כסף 13 ס""מ",34.99,55,69,,,1,יודאיקה,קופות צדקה,https://www.israel-judaica.com/big/42907.jpg
UK49917,"קופת צדקה מאקריליק נצנצים זהב 12.5X10.5 ס""מ",32.99,52,65,כן,21/08/2026,1,יודאיקה,קופות צדקה,https://www.israel-judaica.com/big/49917.jpg
UK80469,"קופת צדקה אקריליק מהודרת גוון כסף 12X8 ס""מ",36.99,58,73,,,1,יודאיקה,קופות צדקה,https://www.israel-judaica.com/big/80469.jpg
UK81361,"קופת צדקה אקריליק מהודרת גוון זהב 812 ס""מ",36.99,58,73,,,1,יודאיקה,קופות צדקה,https://www.israel-judaica.com/big/81361.jpg
UK82893,"קופת צדקה אקריליק ""ירושלים"" 14.5 ס""מ",69.99,110,137,כן,21/08/2026,1,יודאיקה,קופות צדקה,https://www.israel-judaica.com/big/82893.jpg
UK59877,"קופת צדקה אקריליק לבן 11.5 ס""מ",49.99,78,98,כן,21/08/2026,1,יודאיקה,קופות צדקה,https://www.israel-judaica.com/webp/59877.webp
UK59878,"קופת צדקה אקריליק שקוף 11.5 ס""מ",49.99,78,98,כן,21/08/2026,1,יודאיקה,קופות צדקה,https://www.israel-judaica.com/webp/59878.webp
UK35951,"קופת צדקה עץ עם אפוקסי לבן 14 ס""מ",69.99,110,137,,,1,יודאיקה,קופות צדקה,https://www.israel-judaica.com/big/35951.jpg
UK67776,"סטנד ארנקי צדקה דמוי עור מעורב ""הבית של הרבי""",13.99,22,27,,,1,יודאיקה,קופות צדקה,https://www.israel-judaica.com/big/67776.jpg
UK67800,"כיסוי חלה מהודר דמוי עור זהב 45X54 ס""מ",64.99,102,127,כן,09/08/2026,1,שבת,כיסויי חלה,https://www.israel-judaica.com/webp/67800.webp
UK67961,"כיסוי חלה מהודר דמוי עור עם רקמה הדפסה ירושלים 59X45 ס""מ",59.99,94,118,כן,09/08/2026,1,שבת,כיסויי חלה,https://www.israel-judaica.com/webp/67961.webp
UK60053,כיסוי חלה שבת ויום טוב פרחים עם מסגרת זהב,89.99,141,176,,,1,שבת,כיסויי חלה,https://www.israel-judaica.com/big/60053.jpg
UK60054,כיסוי חלה שבת ויום טוב פרחים,89.99,141,176,,,1,שבת,כיסויי חלה,https://www.israel-judaica.com/big/60054.jpg
UK67359,"כיסוי חלה מהודר דמוי עור לבן עם ריקמה ""קידוש"" ו",79.99,125,157,כן,09/08/2026,1,שבת,כיסויי חלה,https://www.israel-judaica.com/big/67359.jpg
UK67799,"כיסוי חלה מהודר דמוי עור זהב 45X54 ס""מ",64.99,102,127,כן,09/08/2026,1,שבת,כיסויי חלה,https://www.israel-judaica.com/webp/67799.webp
UK67963,סט כיסוי חלה שבת ויום טוב פרחים דמוי עור לבן עם כיסוי לסכין,99.99,157,196,כן,09/08/2026,1,שבת,כיסויי חלה,https://www.israel-judaica.com/webp/67963.webp
UK67964,סט כיסוי חלה שבת ויום טוב דמוי עור לבן עם כיסוי לסכין,99.99,157,196,כן,09/08/2026,1,שבת,כיסויי חלה,https://www.israel-judaica.com/webp/67964.webp
UK49025,"ראנר עבור משטח חם 120x30 ס""מ",17.99,28,35,,,1,שבת,מפות שולחן,https://www.israel-judaica.com/webp/49025.webp
UK83677,"ראנר עבור משטח חם 120x30 ס""מ",14.99,24,29,,,1,שבת,מפות שולחן,https://www.israel-judaica.com/webp/83677.webp
UK83678,"ראנר עבור משטח חם 120x30 ס""מ",14.99,24,29,,,1,שבת,מפות שולחן,https://www.israel-judaica.com/webp/83678.webp
UK83679,"ראנר עבור משטח חם 120x30 ס""מ",14.99,24,29,,,1,שבת,מפות שולחן,https://www.israel-judaica.com/webp/83679.webp
UK82700,"ראנר עבור משטח חם 120x30 ס""מ",17.99,28,35,,,1,שבת,מפות שולחן,https://www.israel-judaica.com/webp/82700.webp
UK82702,"ראנר עבור משטח חם 120x30 ס""מ",17.99,28,35,,,1,שבת,מפות שולחן,https://www.israel-judaica.com/webp/82702.webp
UK82968,"ראנר עבור משטח חם 120x30 ס""מ",17.99,28,35,,,1,שבת,מפות שולחן,https://www.israel-judaica.com/webp/82968.webp
UK82969,"ראנר עבור משטח חם 120x30 ס""מ",17.99,28,35,,,1,שבת,מפות שולחן,https://www.israel-judaica.com/webp/82969.webp
UK66214,"מפת שולחן מהודרת ""שבת ויום טוב"" 140x220 ס""מ",39.99,63,78,,,1,שבת,מפות שולחן,https://www.israel-judaica.com/webp/66214.webp
UK66215,"מפת שולחן מהודרת ""שבת ויום טוב"" 140x280 ס""מ",49.99,78,98,,,1,שבת,מפות שולחן,https://www.israel-judaica.com/webp/66215.webp
UK66216,"מפת שולחן מהודרת ""שבת ויום טוב"" 140x350 ס""מ",59.99,94,118,,,1,שבת,מפות שולחן,https://www.israel-judaica.com/webp/66216.webp
UK48356,"מגש חלה זכוכית עבה בלתי שבירה 25X37 ס""מ",16.99,27,33,כן,20/08/2026,1,שבת,קרשי חלה,https://www.israel-judaica.com/big/48356.jpg
UK81351,"מגש חלה זכוכית עבה בלתי שבירה 25X37 ס""מ",16.99,27,33,כן,20/08/2026,1,שבת,קרשי חלה,https://www.israel-judaica.com/big/81351.jpg
UK81901,מגש חלה בלתי שביר לבן ורוד זהב שבת ויום טוב 37X25,16.99,27,33,כן,20/08/2026,1,שבת,קרשי חלה,https://www.israel-judaica.com/big/81901.jpg
UK81905,מגש חלה בלתי שביר לבן זהב כסף שבת ויום טוב 37X25 ס,16.99,27,33,כן,20/08/2026,1,שבת,קרשי חלה,https://www.israel-judaica.com/big/81905.jpg
UK80084,"מגש חלה זכוכית עבה בלתי שבירה 25X37 ס""מ",16.99,27,33,כן,20/08/2026,1,שבת,קרשי חלה,https://www.israel-judaica.com/big/80084.jpg
UK81890,מגש חלה בלתי שביר לבן פלקטה זהב שבת ויום טוב 37X25,16.99,27,33,כן,20/08/2026,1,שבת,קרשי חלה,https://www.israel-judaica.com/webp/81890.webp
UK81909,תחתית סיר בלתי שביר לבן ורוד זהב שבת ויום טוב 19סמ,12.99,20,25,כן,20/08/2026,1,שבת,קרשי חלה,https://www.israel-judaica.com/big/81909.jpg
UK81921,תחתית סיר בלתי שביר לבן זהב כסף שבת ויום טוב 19סמ,12.99,20,25,כן,20/08/2026,1,שבת,קרשי חלה,https://www.israel-judaica.com/big/81921.jpg
UK81871,"מגש זכוכית מהודר עם מראה ונצנצים זהב 35X23 ס""מ",54.99,86,108,כן,28/07/2026,1,שבת,קרשי חלה,https://www.israel-judaica.com/big/81871.jpg
UK82385,"מגש זכוכית מהודר עם מראה ונצנצים זהב 45X30 ס""מ",64.99,102,127,כן,28/07/2026,1,שבת,קרשי חלה,https://www.israel-judaica.com/big/82385.jpg
UK81943,"מגש זכוכית מהודר עם מראה ונצנצים 45X30 ס""מ",64.99,102,127,,,1,שבת,קרשי חלה,https://www.israel-judaica.com/big/81943.jpg
UK42386,"מגש זכוכית מהודר לחלה 45X30 ס""מ",49.99,78,98,כן,28/07/2026,1,שבת,קרשי חלה,https://www.israel-judaica.com/big/42386.jpg
UK81974,"מגש חלה זכוכית עם פלקטה זהב ""פרחים"" 42X29 ס""מ",139.99,220,274,כן,28/07/2026,1,שבת,קרשי חלה,https://www.israel-judaica.com/webp/81974.webp
UK59491,"מגש חלה אקריליק מהודר 32x17 ס""מ - כסף",79.99,125,157,,,1,שבת,קרשי חלה,https://www.israel-judaica.com/webp/59491.webp
UK84186,"מגש חלה אקריליק מהודר 32x17 ס""מ - זהב",79.99,125,157,,,1,שבת,קרשי חלה,https://www.israel-judaica.com/webp/84186.webp
UK45351,"מגש חלה מהודר מעץ במבוק עם סכין 41X28 ס""מ",99.99,157,196,כן,30/07/2026,1,שבת,קרשי חלה,https://www.israel-judaica.com/big/45351.jpg
UK40039,"מגש חלה עץ עם אפוקסי לבן 41X28 ס""מ",109.99,172,216,,,1,שבת,קרשי חלה,https://www.israel-judaica.com/big/40039.jpg
UK40043,"מגש חלה עץ עם אפוקסי כחול 41X28 ס""מ",109.99,172,216,,,1,שבת,קרשי חלה,https://www.israel-judaica.com/big/40043.jpg
UK40042,"מגש חלה עץ עם אפוקסי אפור 41X28 ס""מ",109.99,172,216,,,1,שבת,קרשי חלה,https://www.israel-judaica.com/big/40042.jpg
UK55732,"מגש חלה עץ טבעי עם אפוקסי 41X28 ס""מ",129.99,204,255,כן,22/07/2026,1,שבת,קרשי חלה,https://www.israel-judaica.com/webp/55732.webp
UK55733,"מגש חלה עץ טבעי עם אפוקסי 41X28 ס""מ",129.99,204,255,כן,22/07/2026,1,שבת,קרשי חלה,https://www.israel-judaica.com/webp/55733.webp
UK55730,"מגש חלה עץ טבעי עם אפוקסי 41X28 ס""מ",129.99,204,255,כן,22/07/2026,1,שבת,קרשי חלה,https://www.israel-judaica.com/webp/55730.webp
UK55731,"מגש חלה עץ טבעי עם אפוקסי 41X28 ס""מ",129.99,204,255,כן,22/07/2026,1,שבת,קרשי חלה,https://www.israel-judaica.com/webp/55731.webp
UK55764,"מגש חלה עץ טבעי עם אפוקסי 41X28 ס""מ",129.99,204,255,כן,22/07/2026,1,שבת,קרשי חלה,https://www.israel-judaica.com/webp/55764.webp
UK81976,"מגש חלה זכוכית עם פלקטה ""פיליגרין"" 42X29 ס""מ",139.99,220,274,כן,28/07/2026,1,שבת,קרשי חלה,https://www.israel-judaica.com/webp/81976.webp
UK59173,"סכין מהודרת עם ידית מתכת להב משונן ""שבת ויום טוב"" 35 ס""מ - ציפוי זהב",44.99,71,88,כן,22/07/2026,1,שבת,מלחיות,https://www.israel-judaica.com/webp/59173.webp
UK46285,מצת חשמלי עם טעינה USB עם פלקטה עיטורים,44.99,71,88,,,1,שבת,מלחיות,https://www.israel-judaica.com/big/46285.jpg
UK45776,מצת חשמלי גמיש עם טעינה USB - עיטורים,44.99,71,88,,,1,שבת,מלחיות,https://www.israel-judaica.com/big/45776.jpg
UK46287,מצת חשמלי עם טעינה USB - עיטורים - מט,44.99,71,88,,,1,שבת,מלחיות,https://www.israel-judaica.com/big/46287.jpg
UK46289,מצת חשמלי עם טעינה USB - עיטורים - מט,44.99,71,88,,,1,שבת,מלחיות,https://www.israel-judaica.com/big/46289.jpg
UK59720,"מלחיה קריסטל זהב מהודרת - 13 ס""מ",32.99,52,65,,,1,שבת,מלחיות,https://www.israel-judaica.com/webp/59720.webp
UK59721,"מלחיה קריסטל מהודרת - 13 ס""מ",32.99,52,65,,,1,שבת,מלחיות,https://www.israel-judaica.com/webp/59721.webp
UK81065,"מלחייה קריסטל עם מכסה 4x6 ס""מ",32.99,52,65,,,1,שבת,מלחיות,https://www.israel-judaica.com/big/81065.jpg
UK82732,"מלחייה קריסטל עם מכסה 4x6 ס""מ",32.99,52,65,כן,21/08/2026,1,שבת,מלחיות,https://www.israel-judaica.com/big/82732.jpg
UK82894,"מחזיק גפרורים מהודר מקריסטל 20 ס""מ",59.99,94,118,כן,21/08/2026,1,שבת,מלחיות,https://www.israel-judaica.com/webp/82894.webp
UK83177,"מחזיק גפרורים מהודר מקריסטל 20 ס""מ",59.99,94,118,כן,21/08/2026,1,שבת,מלחיות,https://www.israel-judaica.com/webp/83177.webp
UK82140,"מלחייה קריסטל עם פלקטה ""פרחים"" ומכסה 6 ס""מ",27.99,44,55,כן,21/08/2026,1,שבת,מלחיות,https://www.israel-judaica.com/webp/82140.webp
UK67251,"סינר מגבת עם רקמה ""אשת חיל"" מידה 63x80 ס""מ",36.99,58,73,כן,20/08/2026,1,שבת,מלחיות,https://www.israel-judaica.com/big/67251.jpg
UK40299,"שרשרת דמוי עור 4.5 ס""מ ""האש שלי"" וכרטיס ""שיוויתי""",10.99,17,22,כן,21/08/2026,1,יודאיקה,תכשיטים,https://www.israel-judaica.com/big/40299.jpg
UK40300,"שרשרת דמוי עור 4.5 ס""מ ""האש שלי"" וכרטיס ""שיווית",10.99,17,22,כן,21/08/2026,1,יודאיקה,תכשיטים,https://www.israel-judaica.com/big/40300.jpg
UK40301,"שרשרת דמוי עור 4.5 ס""מ ""האש שלי"" וכרטיס ""שיווית",10.99,17,22,כן,21/08/2026,1,יודאיקה,תכשיטים,https://www.israel-judaica.com/big/40301.jpg
UK40302,"שרשרת דמוי עור 4.5 ס""מ ""האש שלי"" וכרטיס ""שיווית",10.99,17,22,כן,21/08/2026,1,יודאיקה,תכשיטים,https://www.israel-judaica.com/big/40302.jpg
UK40303,"שרשרת דמוי עור 4.5 ס""מ ""האש שלי"" וכרטיס ""שיווית",10.99,17,22,כן,21/08/2026,1,יודאיקה,תכשיטים,https://www.israel-judaica.com/big/40303.jpg
UK89697,"שרשרת עם תליון בצורת מזוזה 5 ס""מ",13.99,22,27,כן,22/07/2026,1,יודאיקה,תכשיטים,https://www.israel-judaica.com/big/89697.jpg
UK49179,"שרשרת דמוי עור 4.5 ס""מ עם אותיות בולטות וכרטיס ""שי",10.99,17,22,כן,21/08/2026,1,יודאיקה,תכשיטים,https://www.israel-judaica.com/big/49179.jpg
UK60174,תיק תפ טרמי דמוי עור כחול עם אותיות בולטות יברכך 2,139.99,220,274,כן,22/07/2026,1,טליתות,תיקי תפילין,https://www.israel-judaica.com/big/60174.jpg
UK82375,סטנד ברכונים ואכלת ושבעת ברכת המזון מעוגל ע.מ. כסף,149.99,235,294,,,1,יודאיקה,ברכונים,https://www.israel-judaica.com/big/82375.jpg
UK83641,"סטנד ברכונים ואכלת ושבעת ברכת מרובע ע.מ. 24x25 ס""מ - כסף",149.99,235,294,,,1,יודאיקה,ברכונים,https://www.israel-judaica.com/webp/83641.webp
UK83653,"סטנד ברכונים ואכלת ושבעת ברכת מרובע אשכנזי 24x25 ס""מ - כסף",149.99,235,294,,,1,יודאיקה,ברכונים,https://www.israel-judaica.com/webp/83653.webp
UK82799,"מעמד אקריליק נוסח עדות המזרח 25X25 ס""מ עם 6 ברכונים זהב",149.99,235,294,,,1,יודאיקה,ברכונים,https://www.israel-judaica.com/webp/82799.webp
UK82800,"מעמד אקריליק נוסח עדות אשכנז 25X25 ס""מ עם 6 ברכונים זהב",149.99,235,294,,,1,יודאיקה,ברכונים,https://www.israel-judaica.com/webp/82800.webp
UK50045,"הדלקת נרות אקריליק ירושלים 21X21 ס""מ",39.99,63,78,,,1,יודאיקה,ברכונים,https://www.israel-judaica.com/webp/50045.webp