id,source,category,subCategory,sku,supplierCode,status,soferId,name
"01vMYSEQLWPknn5USxbF","","סט טלית תפילין","סטים עור מדומה","","","active","","סט טלית תפילין דמוי עור שחור עם אותיות זהב"
"03OOw8HcpYUBnMiLP8qH","","סט טלית תפילין","סטים עור מדומה","","","active","","סט טלית תפילין דמוי עור שחור עם הדפס ""ויברכך"" זהב"
"05VHc3Jp6C5sQTAwhO07","","תיקי טלית ותפילין","יודאיקה כללי","","","active","","תיק טלית דמוי עור פשתן – עיצוב אלגנטי"
"06Pccf0KOf0pbYDLUp68","","סט טלית תפילין","סטים פיו","","","active","","סט טלית תפילין – ברכה בטון עם אותיות בולטות"
"0AjCnlEf5roHyP7YQllh","","סט טלית תפילין","סטים עור מדומה","","","active","","תיק טלית תפילין דמוי עור אפור בהיר ""יברכך"""
"0EAvxUG0Vx9QVNEPoepx","","סט טלית תפילין","סטים עור מדומה","","","active","","סט טלית תפילין דמוי עור עם ריקמה"
"0EMJ9JnuABlW5ydS6mB1","","סט טלית תפילין","סטים בד","","","active","","סט טלית תפילין בד פשתן"
"0Eh2bRIdaZ3VcDOw0VNx","","תיקי טלית ותפילין","יודאיקה כללי","","","active","","תיק טלית דמוי עור אפור עם כיתוב יברכך כסף"
"0IZu2XFyDuatMGHVwKct","","סט טלית תפילין","סטים עור מדומה","","","active","","סט טלית תפילין דמוי עור לבן עם ריקמת 'ויברכך'"
"0JPxad6EY6RagIAtLvBG","","סט טלית תפילין","סטים בד","","","active","","סט טלית תפילין מפשתן"
"0LHuzNgd3DDIqxMEWr3V","","סט טלית תפילין","סטים קטיפה","","","active","","סט טלית תפילין קטיפה לבנה עם ריקמה"
"0M2f7W88FEWRCv76A111","","תיקי טלית ותפילין","יודאיקה כללי","","","active","","תיק טלית קטן שחור עם ריקמת 'כתר'"
"0MzUFrwnr5zPdU5dlx1o","","סט טלית תפילין","סטים קטיפה","","","active","","סט טלית תפילין קטיפה עם ריקמה"
"0NouvrRwRMrwH7x9n6QA","","סט טלית תפילין","תיקים טרמי","","","active","","תיק תפילין 'אדיר' טרמי ירוק זית"
"0OtQA3ZQ8FsKrrbkumL8","","סט טלית תפילין","סטים בד","","","active","","סט טלית תפילין קטיפה משי ""יברכך"""
"0Ox3kwq3whKyjd8MjJXd","","סט טלית תפילין","סטים עור מדומה","","","active","","סט טלית תפילין דמוי עור לבן ""ויברכך"" – אותיות זהב"
"0PPAf2SZR4YCnPFXa2j2","","סט טלית תפילין","סטים עור מדומה","","","active","","סט טלית תפילין מהודר דמוי עור"
"0PzuIJ2LoSvj5gitbAj8","","סט טלית תפילין","סטים עור מדומה","","","active","","סט טלית תפילין דמוי עור מהודר"
"0QCxLs0hscwo7p1OUpUJ","","סט טלית תפילין","סטים עור מדומה","","","active","","סט טלית תפילין דמוי עור כסף עם כיתוב יברכך"
"0RQ0cBCuxA5z3o2snwCl","","סט טלית תפילין","סטים עור מדומה","","","active","","סט טלית תפילין דמוי עור צבע כותל עם הבלטה"
"0SGyQ3WTTXswQQGRJGe1","","תיקי טלית ותפילין","יודאיקה כללי","","","active","","תיק טלית דמוי פשתן עם כיתוב ""יברכך"""
"0WMBKDU2hZbRuBFOki6a","","תיקי טלית ותפילין","יודאיקה כללי","","","active","","תיק טלית דמוי עור בטון עם אותיות בולטות"
"0X48nVyQgpl1AJ4xTyMf","","סט טלית תפילין","סטים עור מדומה","","","active","","סט טלית תפילין דמוי עור יברכך"
"0ZeBDaAsqcNgR3JPkNMw","","סט טלית תפילין","סטים בד","","","active","","סט טלית תפילין מפשתן – עיצוב אלגנטי"
"0cjdUV8aHNci7LmEQRoa","","סט טלית תפילין","סטים עור מדומה","","","active","","סט טלית תפילין דמוי עור שחור עם כיתוב ""ויברכך"" בכסף"
"0g53egA4IIY6nxy5pMn4","","סט טלית תפילין","סטים עור מדומה","","","active","","סט טלית תפילין דמוי עור אלגנטי"
"0iGZGKtFhnwr4dpEebaU","","סט טלית תפילין","סטים עור מדומה","","","active","","סט טלית תפילין דמוי עור יברכך"
"0j01P32l3gIb3pq0Jvvk","","תיקי טלית ותפילין","יודאיקה כללי","","","active","","תיק טלית דמוי עור בגוון פשתן"
"0mD7vxi2Op2gpvuvSRSC","","סט טלית תפילין","סטים עור מדומה","","","active","","תיק טלית תפילין דמוי עור לבן ""יברכך"""
"0mw7xgjMQmbR8ZjwFqUr","","תיקי טלית ותפילין","יודאיקה כללי","","","active","","תיק טלית דמוי עור שחור עם כיתוב ""וי"""
"0nx9jHTVeYlQYX86WSwv","","תיקי טלית ותפילין","יודאיקה כללי","","","active","","תיק טלית דמוי עור כסף עם כיתוב ""יברכך"""
"0otMNpb43lOGuDGbSqoS","","סט טלית תפילין","תיקי עור מדומה","","","active","","ניילון איכותי לתפילין"
"0pUCUetF6v2B9uGgUkr2","","סט טלית תפילין","סטים עור מדומה","","","active","","סט טלית ותפילין דמוי עור לבן עם הבלטה ""האש שלי"""
"0roBnkY6btMwwqVA3nN6","","סט טלית תפילין","תיקים","","","active","","תיק מפואר לטלית ותפילין עם ידית"
"0vM9w1RrmlMkmTF7jjlY","","סט טלית תפילין","סטים עור מדומה","","","active","","סט טלית ותפילין דמוי עור שחור"
"0xC1Xhw7nf5s1Aq4Pt0C","","סט טלית תפילין","תיקים טרמי","","","active","","תיק תפילין דמוי עור ירוק זית"
"10GSwqpxwLRzeGqXF0bI","","סט טלית תפילין","סטים עור מדומה","","","active","","סט טלית תפילין דמוי עור עם ריקמה"
"12J0bjEMiCOYT6E5Nb17","","סט טלית תפילין","סטים עור מדומה","","","active","","תיק לטלית ותפילין דמוי עור שחור"
"13MjrWCJdmUkF6FHYNTN","","תיקי טלית ותפילין","יודאיקה כללי","","","active","","תיק טלית דמוי עור שחור עם אותיות בולטות"
"14qPpxKfe08VzZ4mqpbW","","ספרי תורה","ספרי תורה","","","active","","ספר תורה כתב ספרדי – גודל 50"
"16rEy2RuilIVPRW0QCOO","","סט טלית תפילין","בתי תפילין","","","active","","זוג בתי תפילין מופת פלסטיק עם פלקטה כסוף"
"17fgBgefnPfXB4KDNQxt","","תיקי טלית ותפילין","יודאיקה כללי","","","active","","תיק לטלית מהודר אפור"
"18niDv3s6kcaTeBAMgNL","","סט טלית תפילין","סטים קטיפה","","","active","","סט טלית ותפילין קטיפה עם ריקמה"
"1ApBXr3pylzeXWF0oxFO","","תיקי טלית ותפילין","יודאיקה כללי","","","active","","תיק לטלית קורדרוי ודמוי עור עם אותיות בולטות"
"1E7zb1Wx7lGwXkxpyd5p","","סט טלית תפילין","סטים עור מדומה","","","active","","סט טלית ותפילין דמוי עור"
"1F7vP0LIrzOIr3RBxnkE","","תיקי טלית ותפילין","יודאיקה כללי","","","active","","תיק טלית דמוי עור עם ריקמה – עיצוב אלגנטי"
"1HqD0EfWxSmBE7ME7ept","","סט טלית תפילין","תיקים טרמי","","","active","","תיק תפילין דמוי עור טרמי שחור"
"1JJLvUqgNUI1JupGAxJT","","סט טלית תפילין","תיקים טרמי","","","active","","תיק תפילין דמוי עור טרמי שחור"
"1LSQggVowemShglGDgEq","","סט טלית תפילין","תיקי עור מדומה","","","active","","תיק תפילין קטיפה שחור עם ריקמה"
"1MzwVoC2hGi5KeBhxxES","","תיקי טלית ותפילין","יודאיקה כללי","","","active","","תיק טלית גדול חום כהה עם כתר בולט"
"1Nbol1lcamBELlhgYNMc","","תיקי טלית ותפילין","יודאיקה כללי","","","active","","תיק טלית גדול שחור עם כתר בולט"
"1Ny2M4gStXHHSehgFYdx","","קלף תפילין","","","","active","vQv0r20jgJp2lVRN4x1u","תפילין פרשיות מהודרות כתב ספרדי"
"1XMeiN1zzZedQDTuPyZ2","","סט טלית תפילין","סטים עור מדומה","","","active","","סט טלית תפילין דמוי עור בעיצוב כותל"
"1Yh1Dr7gQHDsqUhBEivC","","סט טלית תפילין","סטים עור מדומה","","","active","","סט טלית תפילין דמוי עור לבן בעיצוב כותל"
"1c1x9ltlqZp4MCXBWX8E","","סט טלית תפילין","תיקים","","","active","","תיק טלית ותפילין פיו שחור ""יברכך"" – 40×32 ס""מ"
"1gd8NhIMyYDt6SEZ5WKa","","סט טלית תפילין","סטים עור מדומה","","","active","","סט טלית תפילין דמוי עור חום כהה עם כיתוב 'יברכך'"
"1illIq0YbsCCzce0rpNN","","סט טלית תפילין","תיקים","","","active","","תיק טלית ותפילין שחור עם ידית של רש""י ר""ת"
"1pY2cnJWhK6jKk7LzWXx","","סט טלית תפילין","סטים עור מדומה","","","active","","סט טלית תפילין דמוי עור לבן עם אותיות בולטות"
"1qyCMXawX7lYe4XZdQxF","","סט טלית תפילין","בתי תפילין","","","active","","זוג בתי תפילין ""מופת"" פלסטיק כסוף עם פלקטה"
"1rhvdkmxNO5ADodFvBcF","","סט טלית תפילין","תיקי עור מדומה","","","active","","תיק תפילין דמוי עור"
"1rsA7Os3xSxEVhDtrRTD","","סט טלית תפילין","סטים עור מדומה","","","active","","סט טלית תפילין דמוי עור לבן עם כיתוב ""ויברכך"""
"1sxeuKpiy7coBjn3rzhh","","סט טלית תפילין","סטים עור מדומה","","","active","","תיק טלית תפילין דמוי עור שחור עם כיתוב ""יברכך"""
"1umUrIGkbAM318YbW251","","מגילות","","","","active","","מגילת אסתר"
"1wNJ0IM1tXCT6FVTaFnR","","סט טלית תפילין","סטים עור מדומה","","","active","","סט טלית תפילין דמוי עור מהודר"
"1x6vQhDP3fuZquj48d9l","","סט טלית תפילין","סטים בד","","","active","","סט טלית תפילין קטיפת משי"
"1xX1gs7CiBVVjyiQPQiP","","סט טלית תפילין","סטים עור מדומה","","","active","","סט טלית ותפילין דמוי עור מהודר"
"1yMKMeBRgUzaE08Sk46B","","סט טלית תפילין","סטים בד","","","active","","סט טלית ותפילין קטיפה משי מהודר"
"20NMfeFgpv9YAVG0ZvuH","","סט טלית תפילין","סטים בד","","","active","","סט טלית תפילין קטיפה משי ""יברכך"""
"22dWXGaI6q8gVh7PfaUT","","סט טלית תפילין","סטים עור מדומה","","","active","","סט טלית תפילין דמוי עור אלגנטי"
"23IsedPxv9FbKzM3TNsO","","סט טלית תפילין","סטים בד","","","active","","סט טלית תפילין בד דמוי פשתן"
"250cqLbMF1vMJIgSWVRK","","קלפי מזוזה","","","","active","QvLjxevOXXr3qYFOMczu",""
"26cKTVHnq7J8KgQzM9Hd","","סט טלית תפילין","תיקי עור מדומה","","","active","","תיק תפילין חום כהה עם אותיות בולטות"
"273kWSPNeIvN7crGdpsE","","סט טלית תפילין","בתי תפילין","","","active","","זוג בתי תפילין מופת כסוף עם פלקטה"
"27Lv75aOfQS3GpOXN5es","","סט טלית תפילין","סטים עור מדומה","","","active","","סט טלית תפילין דמוי עור יברכך"
"287y21Ny3SxABB4wbFID","","סט טלית תפילין","סטים בד","","","active","","סט טלית תפילין בד דמוי פשתן עם הדפס ""יברכך"""
"2887Ahl981uQDAZSk4CF","","סט טלית תפילין","תיקים טרמי","","","active","","תיק אחסון תפילין טרמי אפור בהיר – דגם אדיר"
"29zjoMArbVI7m1o9Mti5","","סט טלית תפילין","סטים קורדרוי","","","active","","סט טלית תפילין קורדרוי ""יברכך"""
"2CiEvgeCXRkRc80w2oMS","","סט טלית תפילין","סטים עור מדומה","","","active","","תיק טלית תפילין דמוי עור שחור – עיצוב ""יברכך"""
"2Fy4LxrXfGjfOB2fCx8y","","סט טלית תפילין","סטים בד","","","active","","סט טלית תפילין קטיפה משי – 36X29 ס""מ"
"2HbncFXN9Erj1QvrxaMz","","סט טלית תפילין","סטים קטיפה","","","active","","סט טלית תפילין קטיפה לבנה עם ריקמה – 36X29 ס""מ"
"2HfwtSS0Mv9M3Rr2YQAU","","סט טלית תפילין","תיקי עור מדומה","","","active","","תיק תפילין דמוי עור עם רצועה"
"2NRuCxzozl4kkDofiJ8X","","סט טלית תפילין","סטים עור מדומה","","","active","","סט טלית תפילין דמוי עור בעיצוב אלגנטי"
"2RDbj6y9ZarGVFRHOAJx","","קלפי מזוזה","","","","active","","מזוזה גודל 15"
"2Szo230Dys7pChZWacUi","","סט טלית תפילין","סטים עור מדומה","","","active","","סט טלית תפילין דמוי עור כסף עם כיתוב ""יברכך"""
"2T97GXR4DnuLyUF4Fo05","","סט טלית תפילין","בתי תפילין","","","active","","זוג בתי תפילין ""מופת"" כסוף פלסטיק עם פלקטה"
"2TIroDYJLhTqfU0YeRVE","","סט טלית תפילין","תיקים","","","active","","תיק הגשה לטלית תפילין עם ידית"
"2VQVnjCIW1OdPc34Zfcy","","סט טלית תפילין","סטים ארוג","","","active","","סט טלית תפילין ארוג אפור בהיר עם רקמה"
"2Vzm8Bij4xIZTPhgrQ0q","","סט טלית תפילין","סטים בד","","","active","","סט טלית תפילין מפשתן אלגנטי"
"2X9XmDSNlTGzoQqvIr1q","","סט טלית תפילין","סטים עור מדומה","","","active","","סט טלית תפילין דמוי עור בטון עם אותיות בולטות"
"2XyHsFzVxRPG4Uo4vBYf","","סט טלית תפילין","סטים רקמה","","","active","","סט טלית תפילין עם רקמה בולטת"
"2a4uwKcxfV09O99i8RVA","","סט טלית תפילין","סטים עור מדומה","","","active","","תיק טלית תפילין מהודר דמוי עור"
"2bAmQ6riNCe935zBDdXx","","סט טלית תפילין","סטים עור מדומה","","","active","","סט טלית תפילין דמוי עור לבן – עיצוב ""ויברכך"" זהב"
"2emRqZskk512k7EHHCZe","","סט טלית תפילין","סטים קטיפה","","","active","","סט טלית תפילין ועטרה קטיפה ""יברכך"" בעיצוב אלגנטי"
"2esRcn3uLtsoURdfdg7E","","קלפי מזוזה","","","","active","dogupVNRjdFIFFK3ZxzC","מזוזה ספרדי 15 ס”מ יפהפיה"
"2hvikfImjGxeOWE6EKpX","","סט טלית תפילין","תיקים טרמי","","","active","","תיק תפילין דמוי עור כחול כהה"
"2ivRvliQkKiDiqnFT4QX","","סט טלית תפילין","תיקים טרמי","","","active","","תיק תפילין דמוי עור"
"2keKm7SKOQDhWjEVQFQP","","תיקי טלית ותפילין","יודאיקה כללי","","","active","","תיק לטלית דמוי עור לבן עם כיתוב בולט"
"2uDv4P6A0AGxqCHWps9j","","תיקי טלית ותפילין","יודאיקה כללי","","","active","","תיק טלית קורדרוי ודמוי עור עם אותיות בולטות"
"2ucm4xWkY797OUg4raSC","","סט טלית תפילין","סטים עור מדומה","","","active","","סט טלית תפילין דמוי עור בעיצוב אלגנטי"
"2vPbzEq6ZRkjOCfIfFIf","","סט טלית תפילין","סטים עור מדומה","","","active","","תיק טלית ותפילין דמוי עור קאמל – עיצוב מהודר עם כיתוב יברכך"
"2zcPUuSwyFgq4sSmZWM3","","סט טלית תפילין","סטים עור מדומה","","","active","","סט טלית תפילין כחול כהה דמוי עור עם ריקמה"
"356MdqbZvZhNKbQpsStn","","סט טלית תפילין","סטים עור מדומה","","","active","","תיק טלית תפילין דמוי עור שחור עם כיתוב 'יברכך'"
"39lBbIstTTL5J2hnoG8n","","תיקי טלית ותפילין","יודאיקה כללי","","","active","","תיק טלית פשתן ודמוי עור עם ריקמה אלגנטית"
"3CIz4LkY22gNf8RQrwQS","","תיקי טלית ותפילין","יודאיקה כללי","","","active","","תיק טלית קורדרוי ודמוי עור עם אותיות בולטות"
"3EoGqAw8PduXdDHGMOmc","","סט טלית תפילין","סטים פיו","","","active","","סט תיק טלית ותפילין לבן – יברכך אותיות זהב"
"3GLqeNPqx5x6am3b39SI","","סט טלית תפילין","סטים עור מדומה","","","active","","תיק טלית תפילין דמוי עור קאמל עם רקמה 'יברכך'"
"3HYju81KANsp5VtBCZ8U","","סט טלית תפילין","תיקים טרמי","","","active","","תיק תפילין דמוי עור כחול כהה"
"3IkPbYfYu8kFu5BYcKTN","","סט טלית תפילין","סטים עור מדומה","","","active","","סט טלית תפילין דמוי עור מהודר"
"3J9CsPSpEVNjx40lMKsJ","","סט טלית תפילין","סטים בד","","","active","","סט טלית תפילין בד פשתן עם כיתוב ""יברכך"""
"3LJuPPavL9KNNKOEAw3u","","תיקי טלית ותפילין","יודאיקה כללי","","","active","","תיק לטלית מהודר בצבע שחור"
"3MJMbNurb7IBRpjAmGlw","","סט טלית תפילין","בתי תפילין","","","active","","זוג בתי תפילין מופת פלסטיק כסוף עם פלקטה – מידה 33"
"3NcPWjczpswm4I9IEO7y","","סט טלית תפילין","בתי תפילין","","","active","","זוג בתי תפילין מופת פלסטיק כסוף עם פלקטה – מידה 35"
"3NsxicZUFVUFrk03YzdM","","סט טלית תפילין","תיקי עור מדומה","","","active","","תיק תפילין דמוי עור"
"3QUdb1lveJdmoftZwa1x","","סט טלית תפילין","סטים עור מדומה","","","active","","סט טלית תפילין דמוי עור לבן מהודר"
"3WL3EpCAYaGlwvEAkfyK","","סט טלית תפילין","תיקי עור מדומה","","","active","","תיק תפילין דמוי עור לבן עם כתר"
"3WkknYOlE2DxnpGKN8Ig","","סט טלית תפילין","סטים עור מדומה","","","active","","תיק טלית ותפילין דמוי עור שחור עם ריקמה"
"3aNtLIkfxBQp4O0nuTC3","","סט טלית תפילין","סטים עור מדומה","","","active","","סט טלית ותפילין דמוי עור מהודר"
"3cB0RngV5PaIR9XwSYu3","","סט טלית תפילין","סטים עור מדומה","","","active","","סט טלית תפילין דמוי עור מהודר"
"3gTlF5y0pq04ZhKshDh9","","סט טלית תפילין","סטים קורדרוי","","","active","","סט טלית ותפילין קורדרוי"
"3k1uvbMmjDFKDZREbnMr","","תיקי טלית ותפילין","יודאיקה כללי","","","active","","תיק טלית דמוי עור שחור עם אותיות בולטות"
"3mz7KZ44DH58wVpFjNkE","","סט טלית תפילין","סטים בד","","","active","","סט טלית תפילין בד ארוג אפור עם רקמה"
"3pN5IfMkY2MyCbL9dxuJ","","סט טלית תפילין","סטים קטיפה","","","active","","סט טלית תפילין קטיפה כחול כהה עם ריקמה"
"3pYqiJyp6HwRwQkRumEQ","","סט טלית תפילין","סטים קטיפה","","","active","","סט טלית תפילין קטיפה כחול כהה עם ריקמה"
"3risolYxqvBTpK0wPE4q","","סט טלית תפילין","סטים עור מדומה","","","active","","סט טלית תפילין דמוי עור לבן עם כיתוב ""ויברכך"""
"3tSk6O2gZr8KjsIugMOO","","תיקי טלית ותפילין","יודאיקה כללי","","","active","","תיק טלית גדול שחור עם חלוקה פנימית"
"3x40NVduENyvtXXsN2un","","סט טלית תפילין","סטים עור מדומה","","","active","","סט טלית תפילין דמוי עור בעיצוב אלגנטי"
"3xRiRfcS0GYWt6wUIehk","","סט טלית תפילין","תיקים","","","active","","תיק טלית ותפילין דמוי עור עם ידית"
"41FMlbp7hYJLAScSKJnV","","סט טלית תפילין","סטים עור מדומה","","","active","","סט טלית תפילין דמוי עור עם ריקמה"
"46xOKSzuIfirdEjEnoE0","","סט טלית תפילין","סטים עור מדומה","","","active","","סט טלית ותפילין יברכך דמוי עור"
"47vPam6IGCNv4DYe4sMp","","סט טלית תפילין","סטים עור מדומה","","","active","","סט טלית ותפילין רש""י ר""ת דמוי עור"
"47xh9P2HavPizURtA0Pv","","סט טלית תפילין","סטים עור מדומה","","","active","","סט טלית תפילין דמוי עור בטון עם הדפס ""ויברכך"" כסף"
"4EkQtM4QGJQ3Ov4LQATE","","סט טלית תפילין","תיקי עור מדומה","","","active","","תיק תפילין מפואר עם ידית"
"4F36MEMYlQfQMaDzbKwZ","","סט טלית תפילין","סטים עור מדומה","","","active","","תיק טלית ותפילין דמוי עור אפור כהה עם הדפס ""יברכך"""
"4Inh2r4OCW0qwdenrQpD","","סט טלית תפילין","סטים עור מדומה","","","active","","סט טלית ותפילין דמוי עור לבן עם כיתוב ויברכך"
"4McBM9yZ2NXB75vPxAc3","","תיקי טלית ותפילין","יודאיקה כללי","","","active","","תיק טלית דמוי עור עם כיתוב ""ויברכך"""
"4NEPzEOVZmNguocSuEi8","","סט טלית תפילין","סטים עור מדומה","","","active","","סט טלית תפילין דמוי עור שחור עם אותיות בולטות"
"4NRzXb3cboTWmEfV3B70","","סט טלית תפילין","תיקי עור מדומה","","","active","","תיק תפילין דמוי עור שחור עם רקמה מפואר"
"4OE9BHW8aPvtKPsorY0j","","תיקי טלית ותפילין","יודאיקה כללי","","","active","","תיק טלית קורדרוי ודמוי עור עם ריקמה מפואר"
"4SC98GC5YPZP5SpKpTcV","","סט טלית תפילין","סטים פיו","","","active","","סט טלית ותפילין פיו אפור בהיר"
"4TQ21vtS1iUBUGaIjV1S","","סט טלית תפילין","סטים בד","","","active","","סט טלית תפילין ועטרה פשתן ""יברכך"""
"4Uc3243JI6HnUrVO3MOm","","בתי מזוזה","","","","rejected","yHkibC4ZnRtKds4y9IRD","‏בית לבן למזוזה גודל 20"
"4WWYvUZUl8X5mJMvpluQ","","תיקי טלית ותפילין","יודאיקה כללי","","","active","","תיק לטלית מהודר בשחור ואפור עם ידית"
"4WxSKDp1zMYt9WMjTQqe","","סט טלית תפילין","סטים בד","","","active","","סט טלית תפילין קטיפה משי ""יברכך"""
"4XSaxRV9rlhj5YrBkOsx","","סט טלית תפילין","סטים עור מדומה","","","active","","תיק טלית תפילין דמוי עור שחור מהודר"
"4Y9J8JsjplzguB7dLvLq","","סט טלית תפילין","סטים רקמה","","","active","","סט טלית תפילין עם רקמה בולטת"
"4YdHPj5cYLTaqdWKSYjx","","תיקי טלית ותפילין","יודאיקה כללי","","","active","","תיק טלית דמוי עור עם אותיות בולטות"
"4YffCGZAi1vFxYWYOofs","","סט טלית תפילין","תיקים טרמי","","","active","","תיק תפילין ""אדיר"" טרמי ג'ינס כחול כהה"
"4c69aGCxPm8Dw51PFGy8","","סט טלית תפילין","סטים פיו","","","active","","סט טלית תפילין פיו לבן – אותיות בולטות יברכך"
"4c9mZWGCaGGl6BMKhPGm","","סט טלית תפילין","בתי תפילין","","","active","","זוג בתי תפילין ""מופת"" פלסטיק כסוף עם פלקטה"
"4krCJtFWzc42igvQSp58","","סט טלית תפילין","תיקי עור מדומה","","","active","","תיק תפילין דמוי עור – 25×22 ס""מ"
"4lE4NcrlCA5KUEpBiSbI","","סט טלית תפילין","תיקי עור מדומה","","","active","","תיק תפילין קטן חום כהה עם אותיות בולטות"
"4lM7JRhXLvOu62AKDUTa","","סט טלית תפילין","סטים רקמה","","","active","","סט טלית תפילין רקמה בולטת"
"4o3axDFNj4KcgLigTHJW","","סט טלית תפילין","סטים רקמה","","","active","","סט טלית תפילין קטיפה עם רקמה בולטת"
"4qEsHmWpKr6szkI2ROWh","","סט טלית תפילין","סטים עור מדומה","","","active","","סט טלית תפילין דמוי עור לבן עם אותיות בולטות"
"4qvm3aYYTTZsaBrsjnTk","","סט טלית תפילין","סטים קטיפה","","","active","","סט טלית תפילין קטיפה כחול כהה עם ריקמה"
"4uTdVZc4YTmmuUg55CMZ","","סט טלית תפילין","תיקים טרמי","","","active","","תיק תפילין דמוי עור שחור – 22 ס""מ"
"4wCAvafKDtPWxwOHbI7S","","תיקי טלית ותפילין","יודאיקה כללי","","","active","","תיק טלית דמוי עור שחור עם כיתוב ""יברכך"""
"4xPMhcAfvynsC4lPN3ET","","תיקי טלית ותפילין","יודאיקה כללי","","","active","","תיק טלית דמוי פשתן – 31×38 ס""מ"
"4xuP8uz2rR4R30hYsuas","","תיקי טלית ותפילין","יודאיקה כללי","","","active","","תיק טלית דמוי עור כסף עם כיתוב ""יברכך"""
"54wjH8Qcyr9b9fMA44PH","","תיקי טלית ותפילין","יודאיקה כללי","","","active","","תיק טלית דמוי עור עם כיתוב ""יברכך"""
"58BWFNOrLwM5mXasoDvZ","","סט טלית תפילין","סטים עור מדומה","","","active","","תיק טלית תפילין דמוי עור אפור ולבן – עיצוב אלגנטי"
"58tYemjyRuQ75PT8DIe9","","סט טלית תפילין","סטים עור מדומה","","","active","","תיק טלית תפילין דמוי עור לבן עם עיצוב אלגנטי"
"5APdusAQ8Mle5zKuhUmw","","סט טלית תפילין","סטים פיו","","","active","","סט טלית תפילין שחור עם כיתוב ""יברכך"" בזהב"
"5JeI3VFnSwM15HUlik0D","","סט טלית תפילין","סטים בד","","","active","","סט טלית תפילין בד פשתן עם עיצוב אלגנטי"
"5KGfMGgWslvFOOd6P3he","","סט טלית תפילין","סטים בד","","","active","","סט טלית תפילין קטיפה משי ""יברכך"""
"5N4DdHkPu7hTjzFFBIhQ","","תיקי טלית ותפילין","יודאיקה כללי","","","active","","תיק טלית גדול שחור עם כיתוב ""כתר זה"""
"5UDAv2jd9KLAczzLHRBF","","סט טלית תפילין","סטים בד","","","active","","סט טלית תפילין פשתן עם גימור מוקפד"
"5Vm7RGDtuyeustUYO6PW","","סט טלית תפילין","סטים עור מדומה","","","active","","סט טלית תפילין דמוי עור אלגנטי"
"5daHlOdr4qMYYf4OeLBO","","סט טלית תפילין","סטים עור מדומה","","","active","","תיק לטלית ותפילין דמוי עור"
"5daJ5rnHxeA12AQHJixO","","סט טלית תפילין","סטים בד","","","active","","סט טלית ותפילין בד דמוי פשתן"
"5gK97FJ0lf2eRbWi3Swm","","תיקי טלית ותפילין","יודאיקה כללי","","","active","","תיק טלית פשתן ודמוי עור עם ריקמה"
"5lzgyqxAbVK9NdjXPkPV","","סט טלית תפילין","סטים עור מדומה","","","active","","סט טלית תפילין דמוי עור שחור עם ריקמה"
"5mzYfHmUSl7QF9m3MtVT","","סט טלית תפילין","סטים עור מדומה","","","active","","תיק טלית תפילין דמוי עור שחור עם ריקמה"
"5n1XABAntbPAnSL3eLGP","","תיקי טלית ותפילין","יודאיקה כללי","","","active","","תיק טלית דמוי עור שחור עם אותיות בולטות"
"5oqh2iVOZV7xH0kZDBrB","","סט טלית תפילין","סטים עור מדומה","","","active","","תיק טלית ותפילין דמוי עור שחור עם ריקמה"
"5srqiLdPNpYWcsvJtwxn","","סט טלית תפילין","סטים פיו","","","active","","סט טלית תפילין בעיצוב אלגנטי – רקמה כסף"
"5vYo7OIqCaNOOuw9onZp","","סט טלית תפילין","סטים עור מדומה","","","active","","סט טלית תפילין דמוי עור בטון עם אותיות בולטות"
"5x1YQdKwk4dOLxZjBjw1","","סט טלית תפילין","סטים קטיפה","","","active","","סט טלית תפילין קטיפה כחול כהה ואפור עם רקמה"
"5xX38ZBVsfpHOobVorfB","","סט טלית תפילין","סטים עור מדומה","","","active","","סט טלית תפילין דמוי עור לבן עם אותיות כסף בולטות"
"5yYB6aBkh6tx1qjjLBk2","","סט טלית תפילין","סטים עור מדומה","","","active","","סט טלית תפילין דמוי עור בגוון אלגנטי"
"5z86JMDPJWiCwl3xAnnT","","סט טלית תפילין","סטים קטיפה","","","active","","סט טלית תפילין קטיפה עם ריקמה"
"69GD7Ca49zWyo6WsZWCT","","סט טלית תפילין","תיקים טרמי","","","active","","תיק תפילין דמוי עור ירוק עם כיתוב יברכך"
"6FgCfs6ImuzICxhZ849c","","סט טלית תפילין","סטים עור מדומה","","","active","","סט טלית תפילין דמוי עור שחור עם ריקמת יברכך"
"6KDgFnoaFDVtvC1YvDmC","","קלף מזוזה","","","","active","L2OQjqGf5p7VGGruvLs6","מזוזה נוסח בית יוסף"
"6LJyx09M7L1Aj98siSNh","","סט טלית תפילין","סטים עור מדומה","","","active","","סט טלית תפילין דמוי עור לבן עם כיתוב ""שיויתי"" וטלטוג כסף"
"6PT8AA6I7kXu0bjngbyz","","סט טלית תפילין","סטים עור מדומה","","","active","","סט טלית תפילין דמוי עור לבן עם ריקמה"
"6WoTNKCrivfW7InskKcV","","סט טלית תפילין","סטים בד","","","active","","סט טלית תפילין קטיפה משי ""האש שלי"""
"6ZocTViMAeNLnDwrnl26","","סט טלית תפילין","סטים עור מדומה","","","active","","סט טלית תפילין דמוי עור"
"6auN3zYi1M2QdCrmte4Y","","סט טלית תפילין","סטים עור מדומה","","","active","","סט טלית תפילין דמוי עור שחור עם כיתוב ""יברכך"""
"6b5VZOZatY82W82j5nn1","","סט טלית תפילין","סטים עור מדומה","","","active","","סט טלית תפילין דמוי עור מהודר"
"6lSDFpuoy6RULIxZQw34","","תיקי טלית ותפילין","יודאיקה כללי","","","active","","תיק טלית דמוי עור חום כהה עם כיתוב ""יברכך"""
"6mkSiVq21Qj3wgNX99a6","","סט טלית תפילין","סטים עור מדומה","","","active","","סט טלית תפילין דמוי עור מהודר"
"6qMMQQkB48w2eYBbcNo5","","תיקי טלית ותפילין","יודאיקה כללי","","","active","","תיק טלית דמוי עור עם הדפס ""יברכך"""
"6uNVURsyVA0wGAXcV394","","סט טלית תפילין","סטים קורדרוי","","","active","","סט טלית תפילין קורדרוי ""יברכך"""
"6uRvl0yAmfJheOb5eiCP","","קלפי מזוזה","","","","active","","קלף מזוזה מהודרת נוסח אשכנזי האריז""ל"
"6xvOkjux6slb3MssspxQ","","תפילין קומפלט","תפילין קומפלט","","","active","ca0bu7x7KDR8S9kTr3o6","סט תפילין נוסח ספרדי – בתים וקלף מהודרים עם רצועות"
"6yg5MukgWE2nwiC9nwT2","","סט טלית תפילין","סטים פיו","","","active","","סט טלית תפילין פיו שחור עם רקמה זהב"
"70Keax3cGm1cJLmbW5EG","","תיקי טלית ותפילין","יודאיקה כללי","","","active","","תיק טלית קורדרוי ודמוי עור עם אותיות בולטות"
"70KgQgqbF12S9XskFkh7","","סט טלית תפילין","סטים עור מדומה","","","active","","סט טלית תפילין דמוי עור כחול כהה"
"70zKxQED6seF0YIHBwtx","","סט טלית תפילין","סטים רקמה","","","active","","סט טלית ותפילין עם רקמה בולטת"
"72efoxsKRQiM1Pxr4Fsg","","סט טלית תפילין","סטים בד","","","active","","סט טלית תפילין מפשתן בגוון טבעי"
"73C2NQado76rncPpCuif","","תיקי טלית ותפילין","יודאיקה כללי","","","active","","תיק טלית דמוי עור שחור עם כיתוב ""ויברכך"""
"75nlfuVD02YPrdaOrSqi","","סט טלית תפילין","סטים עור מדומה","","","active","","סט טלית תפילין דמוי עור קאמל מהודר"
"7A5EzjmuPJeLF2XP4LqF","","תפילין קומפלט","","","","active","OgfgwSDr8QuHq2KDUQMg","תפילין קומפלט מהודר ספרדי הרב עמנואל פלישטייב מהודר במחיר של כשר"
"7I9edpaiCZu4ArEfaAnQ","","סט טלית תפילין","סטים פיו","","","active","","סט טלית תפילין לבן ""יברכך"" אותיות כסף בולטות"
"7JTjqeqPyyIDaB8NWA8N","","סט טלית תפילין","תיקים","","","active","","תיק לטלית תפילין עם ידית בעיצוב אלגנטי"
"7LW5WbHGHxoduec22ZDq","","תיקי טלית ותפילין","יודאיקה כללי","","","active","","תיק טלית דמוי עור לבן עם כיתוב ""ויברכך"""
"7QbSvqK3xLIvlVJqv6pA","","תיקי טלית ותפילין","יודאיקה כללי","","","active","","תיק טלית דמוי פשתן עם כיתוב ""יברכך"""
"7TCFmg0sr6Z9gLOM4ke4","","סט טלית תפילין","בתי תפילין","","","active","","זוג בתי תפילין מופת – פלסטיק כסוף עם פלקטה"
"7aOuyoqx2yC8V92raTeh","","סט טלית תפילין","סטים בד","","","active","","סט טלית תפילין מפשתן – 36×29 ס״מ"
"7azBlpyty0A6DF2TH565","","סט טלית תפילין","סטים בד","","","active","","סט טלית תפילין קטיפה משי ""יברכך"" – 36×29 ס״מ"
"7dX3o7ynwlO1AjOZhdCQ","","סט טלית תפילין","סטים פיו","","","active","","סט טלית תפילין דגם כותל בטון עם אותיות בולטות כסף"
"7fANnkZ7tMYZDSDww9oK","","סט טלית תפילין","סטים עור מדומה","","","active","","תיק טלית תפילין דמוי עור עם ריקמה"
"7fdhiGFmWDvvLIjc8uYG","","תיקי טלית ותפילין","יודאיקה כללי","","","active","","תיק טלית דמוי עור כסף עם כתב יברכך"
"7n8F1RDNdrWF4RBRcEMq","","תיקי טלית ותפילין","יודאיקה כללי","","","active","","תיק טלית דמוי עור שחור עם כיתוב ""ויברכך"" בזהב"
"7qEGnn37odarLiSJFMka","","סט טלית תפילין","סטים פיו","","","active","","סט טלית ותפילין שחור עם כיתוב זהב"
"7rIExtc2mJPFFT2q2Fk3","","סט טלית תפילין","תיקי עור מדומה","","","active","","תיק לתפילין כחול כהה"
"7sjXtOgrLCJLss4u2Coa","","סט טלית תפילין","סטים עור מדומה","","","active","","סט טלית תפילין דמוי עור אלגנטי"
"7uYdbUCZVbFYLLa43Lzf","","סט טלית תפילין","סטים עור מדומה","","","active","","סט טלית תפילין דמוי עור לבן עם רקמה יברכך"
"7vL0xZnGQICyBo12BYpf","","תיקי טלית ותפילין","יודאיקה כללי","","","active","","תיק טלית שחור דמוי עור עם רקמה יברכך"
"7w1JYveiSeXIJojuwTHs","","סט טלית תפילין","תיקי עור מדומה","","","active","","תיק תפילין קטן שחור דמוי עור עם רקמה האש שלי"
"81gNFnE6WdxBXvYDnWX3","","תיקי טלית ותפילין","יודאיקה כללי","","","active","","תיק טלית מפואר עם ידית"
"847DgyutMdZDzmXPaSKZ","","תיקי טלית ותפילין","יודאיקה כללי","","","active","","תיק לטלית גדול מהודר עם ידית"
"86mGYlzLRPPs8g8aGVEX","","תיקי טלית ותפילין","יודאיקה כללי","","","active","","תיק טלית פשתן ודמוי עור עם ריקמה"
"87kVxTQNxRRENMZA2tkz","","סט טלית תפילין","סטים בד","","","active","","סט טלית תפילין בד דמוי פשתן 'יברכך'"
"8IC0mPTp0fZOP2YzFln2","","תיקי טלית ותפילין","יודאיקה כללי","","","active","","תיק לטלית פשתן ודמוי עור עם ריקמה"
"8NZXLSx6Hb5MMRYb6VwS","","סט טלית תפילין","סטים בד","","","active","","סט טלית תפילין פשתן עם כיתוב ""יברכך"""
"8Nx3WYTEWqFDWMYoT2Zs","","סט טלית תפילין","סטים עור מדומה","","","active","","סט טלית תפילין דמוי עור אפור עם כיתוב ""יברכך"" בכסף"
"8OK4WDsOxTeyAWKg5d5i","","תיקי טלית ותפילין","יודאיקה כללי","","","active","","תיק טלית דמוי עור עם ריקמה אלגנטית"
"8W0jVxbF7C3b1jnas71J","","סט טלית תפילין","סטים פיו","","","active","","סט תיק טלית ותפילין שחור עם אותיות זהב בולטות"
"8ZYTFkUZMu6lX1GjZoAS","","תיקי טלית ותפילין","יודאיקה כללי","","","active","","תיק טלית דמוי עור לבן עם אותיות בולטות"
"8dXN2QmwUREbcupJ1ndx","","סט טלית תפילין","סטים קטיפה","","","active","","סט טלית תפילין קטיפה עם ריקמה 'האש שלי'"
"8f5KUtRZKS5gSRWNqete","","תיקי טלית ותפילין","יודאיקה כללי","","","active","","תיק טלית דמוי עור שחור עם אותיות בולטות"
"8iJm7LtfjBtmLP7nh9ow","","סט טלית תפילין","סטים קטיפה","","","active","","סט טלית תפילין קטיפה כחול כהה עם ריקמה"
"8m4cDfXGSd6O14TGb8Hi","","סט טלית תפילין","תיקים טרמי","","","active","","תיק תפלין ""אדיר"" ג'ינס כחול לאחסון"
"8nWsUMFe9wquwSWb7dlB","","סט טלית תפילין","תיקים טרמי","","","active","","תיק תפלין ""אדיר"" טרמי שחור – 23 ס""מ"
"8ptUnVi1KrLnzboZXwZL","","סט טלית תפילין","סטים בד","","","active","","סט טלית תפילין בד דמוי פשתן"
"8qbbLGdfuOVrYrgzrClZ","","סט טלית תפילין","סטים פיו","","","active","","סט טלית תפילין שחור עם אותיות זהב בולטות"
"8qyAm8qopFz90ozEkGek","","סט טלית תפילין","סטים קטיפה","","","active","","סט טלית תפילין קטיפה כחול עם ריקמה"
"8wjin5DTj7dz0BmHuYRD","","סט טלית תפילין","סטים עור מדומה","","","active","","סט טלית ותפילין דמוי עור שחור – עיצוב ירושלמי"
"910YA5W5BNqtCB1JxL1Q","","תיקי טלית ותפילין","יודאיקה כללי","","","active","","תיק לטלית דמוי עור פשתן אלגנטי"
"94kg4Wp6Agntk5D2u7Di","","סט טלית תפילין","סטים קורדרוי","","","active","","סט טלית תפילין קורדרוי – 160 ס""מ"
"97EziFQgE2Gi7cBgJo15","","סט טלית תפילין","סטים פיו","","","active","","סט טלית תפילין פיו כותל לבן עם אותיות בולטות זהב"
"99pNaXmg5cn2EtlrAZjk","","סט טלית תפילין","סטים עור מדומה","","","active","","סט טלית תפילין דמוי עור מהודר"
"9A63n6oGRu1mBAeLQRYj","","סט טלית תפילין","תיקים טרמי","","","active","","תיק תפילין דמוי עור ירוק זית"
"9AsTljqF4w5qFPPVH1NS","","סט טלית תפילין","","","","active","","סט תיקים לטלית ולתפילין ברכת כהנים שחור"
"9CXMBk60F1qhMcCyCBDe","","סט טלית תפילין","סטים פיו","","","active","","סט טלית ותפילין פיו – אותיות בולטות יברכך בשחור"
"9DLzNRvxS1DPDxAMGo1P","","סט טלית תפילין","סטים פיו","","","active","","סט טלית ותפילין פיו מחורר שחור"
"9Hkbx6f1FZaAt6tAp4yl","","תיקי טלית ותפילין","יודאיקה כללי","","","active","","תיק לטלית דמוי עור שחור עם לוגו שי"
"9IKmxEK7e2XproDrNGAg","","סט טלית תפילין","סטים עור מדומה","","","active","","סט טלית תפילין דמוי עור אפור עם אותיות בולטות"
"9IhGaIGV9WpqOEwoLR8y","","סט טלית תפילין","סטים עור מדומה","","","active","","תיק טלית תפילין דמוי עור עם ריקמה"
"9MrfoCKveQL1b7XGte3B","","סט טלית תפילין","סטים עור מדומה","","","active","","סט טלית ותפילין דמוי עור שחור"
"9P2ib7IgIQL1SKNjRoHD","","סט טלית תפילין","סטים עור מדומה","","","active","","תיק טלית ותפילין דמוי עור שחור עם כיתוב ""האש שלי"""
"9V6cuTtdkIZOMYII7EYW","","סט טלית תפילין","סטים עור מדומה","","","active","","סט טלית תפילין דמוי עור לבן עם אותיות ""ויברכך"""
"9XaKVsk0ero3wVmjow9n","","תיקי טלית ותפילין","יודאיקה כללי","","","active","","תיק טלית דמוי עור שחור עם אותיות ""וי"""
"9giRyAE9tgz2NtwDo5I0","","סט טלית תפילין","סטים עור מדומה","","","active","","סט טלית תפילין דמוי עור עם ריקמה"
"9gs4iJgS8pj8TqQCPSuJ","","תיקי טלית ותפילין","יודאיקה כללי","","","active","","תיק טלית דמוי עור אפור עם כיתוב ""יברכך"" כסף"
"9j3d4Nhi5biJ3l9mdNFd","","תיקי טלית ותפילין","יודאיקה כללי","","","active","","תיק טלית מפיו שקוף"
"9xw7Czw6TijLUqKajDlD","","סט טלית תפילין","סטים עור מדומה","","","active","","תיק טלית תפילין דמוי עור קרם"
"A570JjIferwhRzgCxHCk","","סט טלית תפילין","סטים עור מדומה","","","active","","תיק טלית ותפילין דמוי עור בגימור מפואר"
"A7Nx7rBMADng0DiCiQ4s","","תיקי טלית ותפילין","יודאיקה כללי","","","active","","תיק טלית דמוי פשתן – עיצוב אלגנטי"
"ACxijItMq1ZiD8cBAhbn","","סט טלית תפילין","תיקים טרמי","","","active","","תיק תפילין דמוי עור שחור בעיצוב אלגנטי"
"AFMwoZH3ETJLgDrrgVz7","","סט טלית תפילין","סטים עור מדומה","","","active","","תיק טלית תפילין דמוי עור שחור עם ריקמה יברכך"
"AHfutiNUZ8gCJ81eTEWv","","סט טלית תפילין","סטים עור מדומה","","","active","","תיק טלית תפילין דמוי עור כחול"
"AIbDbwyDRRr23FNUmaPT","","סט טלית תפילין","סטים עור מדומה","","","active","","סט טלית תפילין דמוי עור אלגנטי"
"AL9FWgHayEIQGAmbyDw3","","סט טלית תפילין","סטים עור מדומה","","","active","","סט טלית תפילין דמוי עור בגימור אלגנטי"
"ALdQYWucMDWLrt0kc3UC","","סט טלית תפילין","סטים עור מדומה","","","active","","סט טלית תפילין לבן דמוי עור עם אותיות בולטות"
"ALvtsgU42HCnDOTRfSA0","","סט טלית תפילין","סטים בד","","","active","","סט טלית תפילין בד פשתן בגימור אלגנטי"
"ARduBg7IicOrwrgDsI2A","","קלפי מזוזה","","","","active","","קלף מזוזה ספרדי כשרה רמה פשוט"
"AVChq4OJlEFsiYKsZxp7","","סט טלית תפילין","תיקי עור מדומה","","","active","","תיק תפילין קטיפה כחול כהה עם ריקמה"
"AcFx8wWwneL8cYQV4pRM","","סט טלית תפילין","סטים קורדרוי","","","active","","סט טלית תפילין קורדרוי ""יברכך"" 3629 ס""מ"
"AeovgJNHw2jhou7e7qAU","","סט טלית תפילין","תיקים טרמי","","","active","","תיק תפ ""אדיר"" טרמי פשתן ירוק זית לאחסון תפלין 23 ס..."
"AhNpy1RJDLmmkV5CVb5q","","תיקי טלית ותפילין","יודאיקה כללי","","","active","","תיק טלית גדול בגוון חום כהה עם אותיות בולטות"
"AllxKrIiaB9GVzLah8aV","","מגילות","","","","active","dklwyXicTPGhjK0FHhQ9","מגילת אסתר"
"AonM0BPbTBzWHTGBpLdA","","סט טלית תפילין","סטים עור מדומה","","","active","","סט טלית תפילין דמוי עור יברכך 36X29 ס""מ"
"ArmPyyJNVWOyGIlvNFgh","","סט טלית תפילין","סטים עור מדומה","","","active","","סט טלית תפילין דמוי עור כסף עם כיתוב 'יברכך'"
"Auv7YRYUAPfjWwinObel","","סט טלית תפילין","סטים עור מדומה","","","active","","סט טלית תפילין לבן דמוי עור עיצוב ""ירושלים"" זהב"
"AxkhX7NH6kLtEukRvVYO","","סט טלית תפילין","סטים עור מדומה","","","active","","סט טלית ותפילין דמוי עור – דגם יברכך"
"B1whcOXaR0ufxzLIKH3b","","סט טלית תפילין","סטים עור מדומה","","","active","","סט טלית תפילין דמוי עור ""יברכך"" – 36×29 ס""מ"
"BD457R7lAZoyqDpC6ubq","","סט טלית תפילין","תיקים טרמי","","","active","","תיק תפילין טרמי דמוי עור בגוון חום"
"BJme0KdDSgbebbIK84KB","","סט טלית תפילין","סטים עור מדומה","","","active","","סט טלית ותפילין דמוי עור שחור עם עיטור כתר כסף"
"BKUAhV5lmSt3rXpTWcu3","","סט טלית תפילין","תיקי עור מדומה","","","active","","תיק תפילין דמוי עור שחור אלגנטי"
"BOAZ9epM8bbzoXDgdds9","","תיקי טלית ותפילין","יודאיקה כללי","","","active","","תיק טלית קורדרוי ודמוי עור עם ריקמה"
"BR5pCWVtdZhAoXxPJJsx","","סט טלית תפילין","סטים בד","","","active","","סט טלית ותפילין בד דמוי פשתן יברכך"
"BiLcmkKrw63zM9PzwBmA","","סט טלית תפילין","סטים עור מדומה","","","active","","סט טלית תפילין דמוי עור שחור אותיות בולטות ""שיויתי"" כסף 36X29 ס""מ..."
"Bt7xxhNmu7w2ZXOhzE1d","","סט טלית תפילין","תיקים","","","active","","תיק טלית ותפילין עור לבן עם רצועה"
"Bue5Af4O59rZRKDFInMJ","","סט טלית תפילין","תיקי עור מדומה","","","active","","תיק תפילין דמוי עור עם ריקמה 36X29 ס""מ"
"BvOhuZR5KoNG9hVysfmA","","תיקי טלית ותפילין","יודאיקה כללי","","","active","","תיק טלית קטן גוון שחור פיו מפואר אותיות בולטות ""כתר"" כ..."
"BytNVLipUibuIfEMeCE4","","סט טלית תפילין","סטים עור מדומה","","","active","","סט טלית ותפילין דמוי עור רש""י ר""ת"
"C1w8j1QeGlMsxfdwA5NE","","סט טלית תפילין","סטים בד","","","active","","סט טלית תפילין בד קטיפה ""האש שלי"" 36X29 ס""מ"
"C3mOL9wAju6qdf70qBzZ","","סט טלית תפילין","סטים עור מדומה","","","active","","סט טלית תפילין דמוי עור שחור אותיות בולטות ""ויברכך..."
"C5W6sLznwApBAYlo1Rsv","","סט טלית תפילין","סטים עור מדומה","","","active","","סט טלית תפילין דמוי עור 36X29 ס""מ"
"C9Lp2wZRcwX5o7LLwZoa","","סט טלית תפילין","תיקים טרמי","","","active","","תיק תפילין דמוי עור שחור עם עיצוב אלגנטי"
"CEBh4WuKUNUAB280O7GX","","סט טלית תפילין","סטים עור מדומה","","","active","","סט טלית תפילין לבן דמוי עור עם ריקמה ואבנים 36X29 ס""מ..."
"CMELWvmetKB6YPlqSof6","","סט טלית תפילין","סטים עור מדומה","","","active","","סט טלית תפילין דמוי עור מהודר 36X30 ס""מ"
"CYGL0k96DqybfyTNDHEC","","סט טלית תפילין","סטים עור מדומה","","","active","","תיק טלית ותפילין דמוי עור בעיצוב אלגנטי"
"CYXZjoUJJopP6lrSBKhK","","סט טלית תפילין","תיקים טרמי","","","active","","תיק תפילין אדיר בטרמי אפור ופשתן"
"CeVgGAuLIu1GY8xSctjC","","תיקי טלית ותפילין","יודאיקה כללי","","","active","","תיק טלית גדול גוון שחור פיו מפואר אותיות בולטות ""ה..."
"ChslXYHr6M2tCrZlSUll","","תיקי טלית ותפילין","יודאיקה כללי","","","active","","תיק טלית גדול שחור עם כתר בולט"
"CikVHoGMQ7kmyBe94rxR","","סט טלית תפילין","סטים עור מדומה","","","active","","סט טלית תפילין דמוי עור עם ריקמה"
"CjdCFj2DpnrHQl8KJxqN","","סט טלית תפילין","סטים עור מדומה","","","active","","סט טלית תפילין דמוי עור עם ריקמה"
"CqgaOQM0i5BUUg9ozimh","","סט טלית תפילין","סטים בד","","","active","","סט טלית תפילין בד קטיפה משי 36X29 ס""מ"
"Cw8CSHqLnjnlLWZLeO7m","","תפילין קומפלט","","","","active","YWKJ0UP9o907Mz5WeGON","סט תפילין פצפונים ספרדי קומפלט"
"CwgNCYIYFtdNUl0Parpq","","בר מצווה","סטים בהמה דקה","","","active","9XHT0RzSXgWwqCIXKNui","סט בר מצווה תפילין בהמה דקה עם ברכת כהנים"
"Cxt2fOCI6YGlg0LEOxVM","","סט טלית תפילין","תיקים טרמי","","","active","","תיק תפילין אדיר פשתן אפור כהה – 23 ס""מ"
"D4cOe0NOQDgtZ3W1y3sd","","סט טלית תפילין","תיקים טרמי","","","active","","תיק תפילין דמוי עור כחול יברכך"
"DAScjApz6KAITldnCtJn","","סט טלית תפילין","סטים עור מדומה","","","active","","תיק טלית תפילין דמוי עור מהודר"
"DCveCkOXJFgGzmSr23rR","","סט טלית תפילין","סטים עור מדומה","","","active","","תיק טלית תפילין לבן דמוי עור עם הנושא ""האש שלי"""
"DHESY3zAMZNxo3pBERqx","","סט טלית תפילין","סטים פיו","","","active","","סט טלית תפילין כותל לבן עם אותיות זהב בולטות"
"DNvNGz8NUI6UZFp0NkON","","תיקי טלית ותפילין","יודאיקה כללי","","","active","","תיק טלית דמוי עור עם כיתוב ""ויברכך"""
"DOE9RxrjBuiH9JhtDKyg","","תיקי טלית ותפילין","יודאיקה כללי","","","active","","תיק טלית גדול אפור עם חלוקה פנימית"
"DZpH2H7orTEYmNsTbjKd","","תיקי טלית ותפילין","יודאיקה כללי","","","active","","תיק טלית גדול כחול כהה עם הכתובת ""כתר"""
"DaM7EtcdYPKAygLFnARC","","סט טלית תפילין","סטים קטיפה","","","active","","סט טלית תפילין ועטרה קטיפה ""יברכך"""
"DcfbEa60Vp4Ih62Fz0qk","","תיקי טלית ותפילין","יודאיקה כללי","","","active","","תיק טלית גדול עם בידוד תרמי"
"DchwvnXVDZTQMmWLALjI","","סט טלית תפילין","תיקים טרמי","","","active","","תיק תפילין דמוי עור אפור עם בידוד תרמי"
"DcoUCzi3zFEVhR0UBlMp","","סט טלית תפילין","סטים עור מדומה","","","active","","סט טלית תפילין דמוי עור מהודר"
"DdAuBM3d0boiHmsxtUE2","","סט טלית תפילין","סטים עור מדומה","","","active","","סט טלית תפילין דמוי עור יברכך"
"Dfbc9bnspEqoJf6tlASG","","תיקי טלית ותפילין","יודאיקה כללי","","","active","","תיק טלית דמוי עור אפור עם אותיות בולטות"
"DgncFSHmMSzUZnNoq2o3","","סט טלית תפילין","סטים עור מדומה","","","active","","סט טלית ותפילין דמוי עור יברכך"
"DhfMV9uHJd1z5gvv7Gnh","","סט טלית תפילין","סטים ארוג","","","active","","סט טלית תפילין ארוג כחול רקמה יברכך"
"Dhs0BDHBgwT3iRVax8Qa","","סט טלית תפילין","סטים עור מדומה","","","active","","סט טלית תפילין דמוי עור אפור אותיות בולטות ""שיויתי"" כסף 36X29 ס""מ..."
"DsSokwvIAs2rrLEjAS7u","","סט טלית תפילין","סטים עור מדומה","","","active","","תיק טלית תפילין דמוי עור חום עם רקמת יברכך"
"DtoISHESC1RYulyM6e4V","","סט טלית תפילין","תיקים טרמי","","","active","","תיק תפילין דמוי עור ברונזה משופשף"
"DvHO0EdbKL21mHvuabTQ","","סט טלית תפילין","סטים עור מדומה","","","active","","תיק טלית ותפילין דמוי עור לבן עם הדפס יברכך"
"E0wUv2oPEk8gfGLCA5db","","סט טלית תפילין","סטים בד","","","active","","סט טלית תפילין בד דמוי פשתן ""יברכך"""
"E5gMiqkIfGcU8GlXcDkl","","סט טלית תפילין","בתי תפילין","","","active","","זוג בתי תפילין ""מופת"" כסוף עם פלקטה"
"EDfeyMOR4dtnbPa3zXzk","","קלפי מזוזה","","","","active","ey1wN573JFLVDEhKyTdv","מזוזה כתב אדמוה""ז -  20cm (MEZUZAH ALTER REBBE KSAV)"
"EMQvIaaO1tudP5KzjBNh","","קלף מזוזה","","","","active","L2OQjqGf5p7VGGruvLs6","מזוזה נוסח בית יוסף"
"EOJnyNKEjNd2yIxPe0LN","","סט טלית תפילין","סטים בד","","","active","","סט טלית תפילין מפשתן"
"ERNxqyHJTG3AKZ2kM9Ot","","סט טלית תפילין","תיקים טרמי","","","active","","תיק תפילין דמוי עור כחול בעיצוב קוביות"
"EhAqPlHrszpe97ZoAD5O","","קלף מזוזה","","","","active","L2OQjqGf5p7VGGruvLs6","מזוזה נוסח בית יוסף"
"EnqZ9ZDwUY4FlAMQLmkn","","סט טלית תפילין","תיקים טרמי","","","active","","תיק תפילין דמוי עור שחור – איחסון אלגנטי"
"F0l18RxL8npuzT9oT5cw","","סט טלית תפילין","סטים עור מדומה","","","active","","סט טלית ותפילין דמוי עור עם הדפס יברכך"
"FBB5Zl2LPFz6Ci60tQK8","","סט טלית תפילין","סטים בד","","","active","","סט טלית תפילין בד דמוי פשתן"
"FCjD5GJItgWjSmet0lji","","סט טלית תפילין","סטים עור מדומה","","","active","","סט טלית תפילין דמוי עור בגוון קאמל"
"FDWpOnOMbzpxwVYm5H31","","סט טלית תפילין","סטים עור מדומה","","","active","","תיק טלית תפילין דמוי עור קאמל מהודר"
"FPSt4sRsZlPLisZ8QwlI","","מגילות","מגילת אסתר","","","active","","מגילה ספרדי"
"FrapmWWWV7xaAvo2xIlE","","סט טלית תפילין","סטים עור מדומה","","","active","","סט טלית תפילין מהודר דמוי עור"
"G72tcrGjxt4hk3CE2uBn","","סט טלית תפילין","סטים עור מדומה","","","active","","סט טלית ותפילין דמוי עור שחור עם אותיות בולטות"
"GCXCtCCZFjPmSMQrerH4","","תיקי טלית ותפילין","יודאיקה כללי","","","active","","תיק טלית שחור פיו מפואר עם ידית"
"GIwOfiCJu5acYbNX1yg5","","סט טלית תפילין","תיקים","","","active","","תיק מפואר לטלית ותפילין עם ידית"
"GMQJBOAuzRaBzqpiSp7r","","סט טלית תפילין","סטים בד","","","active","","סט טלית תפילין ועטרה בפשתן"
"GPHxTQgA8OJl86vEHbAQ","","קלפי מזוזה","","","","active","QvLjxevOXXr3qYFOMczu",""
"GUlK0J1RA0bOFCO1xPCc","","סט טלית תפילין","סטים עור מדומה","","","active","","סט טלית תפילין דמוי עור מהודר"
"GYHkQ4aJEvZwxTyzXqYY","","סט טלית תפילין","סטים עור מדומה","","","active","","סט טלית תפילין דמוי עור כסף עם כיתוב יברכך"
"Gg3Kuaqldw5T97w5tw4N","","סט טלית תפילין","סטים עור מדומה","","","active","","סט טלית ותפילין דמוי עור אלגנטי"
"GiU4OdtgARrxFXThmGjT","","בר מצווה","סטים בהמה גסה","","","active","OgfgwSDr8QuHq2KDUQMg","סט בר מצווה שלם עם תפילין בהמה גסה וברכת כהנים"
"GvMWpO9vC0jWU6fUkIk2","","סט טלית תפילין","סטים בד","","","active","","סט טלית תפילין פשתן – עיצוב אלגנטי"
"Gx1DQJr6exCX0c5PMEm6","","סט טלית תפילין","סטים קטיפה","","","active","","סט טלית תפילין קטיפה עם ריקמה"
"H0rfCPwxsl5MtviPU8Ax","","תיקי טלית ותפילין","יודאיקה כללי","","","active","","תיק טלית דמוי עור עם בולט"
"HObcq7S0Ud7Vb6qaKZKa","","סט טלית תפילין","סטים ארוג","","","active","","סט טלית תפילין ארוג אפור רקמה יברכך"
"HQ7uTNN7cuKDmnr7zQII","","סט טלית תפילין","סטים קטיפה","","","active","","סט טלית תפילין קטיפה כחול בהיר עם ריקמה 36X29 ס""מ..."
"HZiss4uy1VWptejHvlj5","","סט טלית תפילין","תיקים טרמי","","","active","","תיק תפילין דמוי עור שחור"
"HqQvidYVS6Nf3yQYMEhI","","מגילות","","","","active","dogupVNRjdFIFFK3ZxzC","מגוון מגילות יפות ומהודרות"
"HvPqEvytnMxLXeD1V2Iv","","קלפי מזוזה","","","","active","","קלף מזוזה כשרה ספרדי"
"I0cqQ88VeJiWjEkqFvoD","","מגילות","מגילת אסתר","","","active","8GPtlN8Cn0AIoqGouNUn","מגילת אסתר"
"I9eS9Vo1WNp2ihOEMDbO","","סט טלית תפילין","סטים בד","","","active","","סט טלית תפילין מהודר בד ארוג כחול כהה וכחול בהיר עם רקמה 36X29 ס""מ..."
"IOtyD0wjzv09AdOqpqqx","","קלפי תפילין","","","","active","1rcDqm9T4oAeDyaBPfDJ","פרשיות תפילין ספרדי"
"IgRGJoPAgEmeA5mrdRrT","","סט טלית תפילין","סטים פיו","","","active","","סט טלית תפילין פיו לבן עם רקמה בולטת ואותיות בולטות יברכך..."
"IpCV5KI5ItfcuIeBII3h","","סט טלית תפילין","סטים עור מדומה","","","active","","סט טלית תפילין דמוי עור אפור בטון"
"JBSvKUkxYC7ov86zGtcj","","סט טלית תפילין","סטים עור מדומה","","","active","","סט טלית תפילין דמוי עור מהודר"
"JJs530I4QkpDjAJ0lYvT","","סט טלית תפילין","סטים פיו","","","active","","סט טלית תפילין פיו שחור"
"JTZibZzIy1Q3SCcnVdM1","","תיקי טלית ותפילין","יודאיקה כללי","","","active","","תיק טלית גדול אפור כהה עם חלוקה פנימית – פיו מפואר"
"JUc0GcErAPaRViCCUU3X","","תיקי טלית ותפילין","יודאיקה כללי","","","active","","תיק טלית קטן כחול כהה עם כתר בולט – פיו מפואר"
"JaqgsE1JIWGN594Qpg6D","","סט טלית תפילין","סטים פיו","","","active","","סט טלית תפילין עיצוב כותל בטון אותיות בולטות כסף"
"K4zMCpcn2z4rQBV3yQjk","","תיקי טלית ותפילין","יודאיקה כללי","","","active","","תיק טלית שחור פיו מפואר עם ידית"
"KEOYlN4pehLHm3kDfCoM","","סט טלית תפילין","סטים עור מדומה","","","active","","סט טלית ותפילין דמוי עור שחור עם כסף – יברכך"
"KL7FSynuZkNs9SqUil4P","","סט טלית תפילין","סטים עור מדומה","","","active","","תיק טלית ותפילין דמוי עור אפור כהה"
"KLKdKAcExbsnnWVuLw93","","תיקי טלית ותפילין","יודאיקה כללי","","","active","","תיק טלית דמוי עור אפור עם אותיות בולטות"
"KMDJBvPQ4V5F2mASr6NY","","קלפי מזוזה","","","","active","ny0jd2540XlTh6mXci35","מזוזה 15 ס""מ כתב ספרדי מהודר."
"KUTanzXPAiIWQQxN1eyq","","סט טלית תפילין","סטים עור מדומה","","","active","","סט טלית תפילין דמוי עור עם ריקמה"
"KWMZdMMvBgSA8lLgE72Z","","קלפי תפילין","","","","active","vQv0r20jgJp2lVRN4x1u","תפילין פרשיות מהודרות כתב ספרדי"
"KeWevprgAMDdFHkG4NBS","","סט טלית תפילין","סטים עור מדומה","","","active","","סט טלית תפילין דמוי עור עם ריקמה"
"KioKTmxSvI8HWgklhKG0","","בר מצווה","סטים בהמה גסה","","","active","IY1aVdSnTEtoWb6ko9zf","סט בר מצווה מהודר עם תפילין בהמה גסה וברכת כהנים"
"KlLvCjcEq2OV96JtORom","","סט טלית תפילין","סטים רקמה","","","active","","סט טלית תפילין רקמה בולטת – דוגמת יברכך מרובע"
"KlQOlPI8VzP3jx2qLLKu","","סט טלית תפילין","בתי תפילין","","","active","","זוג בתי תפילין מופת פלסטיק בציפוי כסף עם פלקטה"
"L8n0nIDRY9hN2qYOhxXv","","סט טלית תפילין","סטים בד","","","active","","סט טלית תפילין ועטרה פשתן 'יברכך' – 29 ס""מ"
"LMiBiZULnyyUz20BjM3s","","קלפי מזוזה","","","","active","Jlm3BdMIvUbXT6a3fmSM","קלף מזוזה מהודרת ספרדי"
"LVlnz2LnCGBE4IGNlVqO","","תיקי טלית ותפילין","יודאיקה כללי","","","active","","תיק טלית בגוון בטון עם כיתוב ויברכך"
"Li9oS7GmN3m7HkWZl9dE","","ספרי תורה","","","","active","","ספר תורה מהודר נוסח ספרדי"
"M6FUHCcUihioeKedWKc0","","סט טלית תפילין","סטים קורדרוי","","","active","","סט טלית ותפילין קורדרוי ""יברכך"""
"MEkfi377elb1TfobUKk0","","ספרי תורה","","","","active","dklwyXicTPGhjK0FHhQ9","ספר תורה "
"MGULOQ4m6xQ6tNsyguuq","","סט טלית תפילין","סטים עור מדומה","","","active","","סט טלית ותפילין דמוי עור חום"
"MGa375OPhjiLdR596hnV","","סט טלית תפילין","סטים בד","","","active","","סט טלית ותפילין מפשתן"
"MLmCFHtcYwxJq2mykGT8","","סט טלית תפילין","סטים עור מדומה","","","active","","סט טלית תפילין דמוי עור 36X29 ס""מ"
"MliTru41ffUnx3bqxggq","","קלפי מזוזה","","","","active","9XHT0RzSXgWwqCIXKNui","מזוזה"
"MqaYPjb41hYk769mS8Bu","","קלפי מזוזה","קלפים","","","active","IY1aVdSnTEtoWb6ko9zf","קלף מזוזה מהודרת ספרדי 15 ס""מ – כתב הרב אלדר אריה"
"Ndpv7n9lOyJeiUOzph6M","","סט טלית תפילין","סטים קטיפה","","","active","","סט טלית תפילין קטיפה כחול כהה עם הדפס 'שמע ישראל'"
"NkWwhgHFlLGFJpacvAsh","","סט טלית תפילין","סטים עור מדומה","","","active","","תיק טלית תפילין דמוי עור לבן עם ריקמה"
"NuV7NRIYtD7zxYqV6MUC","","סט טלית תפילין","סטים עור מדומה","","","active","","סט טלית תפילין דמוי עור לבן ""כותל"" – עיצוב אלגנטי"
"Nwpjz9yC1JsZjznTEvTq","","סט טלית תפילין","סטים עור מדומה","","","active","","סט טלית תפילין דמוי עור שחור עם כיתוב זהב"
"O4xwEmsuTihHra2p1gqv","","סט טלית תפילין","סטים בד","","","active","","סט טלית תפילין בד פשתן תבר אלגנטי"
"OLlzQRvnE80pzJsB5txj","","סט טלית תפילין","סטים עור מדומה","","","active","","סט טלית תפילין דמוי עור מהודר"
"OROdCeFhQSXERpWbqGyj","","קלפי מזוזה","","","","active","of2HZ1rs9Nj7NcDEQYie","מזוזה גודל 10"
"OoRbYYP9mhwGloMhY5pO","","סט טלית תפילין","","","","active","","סט תיקים לטלית ולתפילין עם ברכת כהנים – צבע אבן"
"P7hCQJXPKNOF604mkWmy","","סט טלית תפילין","בתי תפילין","","","active","","זוג בתי תפילין ""מופת"" פלסטיק כסוף עם פלקטה - מידה 36..."
"PAPD7lzHMD8L02wq0CN5","","סט טלית תפילין","סטים פיו","","","active","","סט טלית תפילין מפיו לבן"
"PJlnRpg75uJcNW7kqAaI","","סט טלית תפילין","תיקים טרמי","","","active","","תיק לאחסון תפילין דמוי עור שחור"
"PQCEuQCRYHpCOkPl5htp","","סט טלית תפילין","סטים עור מדומה","","","active","","סט טלית ותפילין דמוי עור לבן עם כתב כסף"
"PRjZWT2ZwQJsqp19yCLi","","קלפי מזוזה","","","","active","","קלף מזוזה"
"PRzF4gxU2JOGZUTyYjip","","תיקי טלית ותפילין","יודאיקה כללי","","","active","","תיק טלית דמוי עור עם הדפס יברכך"
"PcKj2rXKDNtHv0UGeUZH","","","","","","active","","אשת חיל "
"Q2UGgXFPuKXkJnkJKLTj","","סט טלית תפילין","סטים עור מדומה","","","active","","סט טלית ותפילין דמוי עור שחור עם כיתוב"
"Q3PHMfo9PcmlQDMRZdnL","","קלפי תפילין","","","","active","ey1wN573JFLVDEhKyTdv","פרשיות תפילין - כתב חב""ד- אדמוה""ז."
"QN4MBJkqDAie5VWJYmBE","","סט טלית תפילין","סטים עור מדומה","","","active","","סט טלית תפילין דמוי עור לבן אותיות בולטות ""יברכך"" כסף 31X38 ס""מ..."
"QUbRmosrlOSuTEy81w52","","קלפי מזוזה","","","","active","QvLjxevOXXr3qYFOMczu",""
"QpDb2sYXWCiyzcH1eodN","","קלפי מזוזה","","","","active","QvLjxevOXXr3qYFOMczu",""
"QpFj9ULCaMGgS75gzFG0","","קלפי מזוזה","","","","active","","מזוזה ב""י"
"QwKMGgIjKUQ40WQDIQNv","","סט טלית תפילין","סטים עור מדומה","","","active","","סט טלית תפילין דמוי עור קרם בעיצוב מהודר"
"R1R4o5YldY7fpdG9Boll","","סט טלית תפילין","סטים עור מדומה","","","active","","סט טלית תפילין דמוי עור עם ריקמה אפור"
"SINUnloBWE1GbWHx41xo","","מגילות","מגילת אסתר","","","active","","מגילת אסתר כשרה"
"SnKMGHUjaYxFSVJGzye5","","סט טלית תפילין","סטים עור מדומה","","","active","","סט טלית תפילין דמוי עור מהודר 36X29 ס""מ"
"TElmBbfp7tlElKd1jUsb","","סט טלית תפילין","סטים בד","","","active","","סט טלית תפילין מפשתן"
"THrbUblyd9uASZT9eo5c","","סט טלית תפילין","סטים עור מדומה","","","active","","תיק טלית תפילין מהודר דמוי עור קרם רקמה יברכך 3..."
"TKxfLlCI1JXfCpVNcJOA","","סט טלית תפילין","תיקים טרמי","","","active","","תיק אדיר לאחסון תפלין – טרמי צבאי שחור"
"TgOI9RdRjPQhMX417Gjq","","קלפי מזוזה","","","","active","of2HZ1rs9Nj7NcDEQYie","מזוזה גודל 12 מהודרת כתב ספרדי. "
"Tld3d4bdhQniPc1G4rRj","","סט טלית תפילין","סטים פיו","","","active","","סט טלית תפילין פיו מחורר בצבע חום"
"TtB6yMeHVoy8ggPWCjew","","סט טלית תפילין","סטים קטיפה","","","active","","סט טלית ותפילין קטיפה כחול כהה עם ריקמה"
"Tvlan8zPQHSsb00OUPmo","","סט טלית תפילין","סטים עור מדומה","","","active","","תיק טלית ותפילין דמוי עור"
"UQ36Q5sgPMa6eprfdUOd","","סט טלית תפילין","סטים עור מדומה","","","active","","סט טלית ותפילין דמוי עור לבן"
"URqPzadX1yg95kVU60VU","","קלפי מזוזה","","","","active","VSxQwabZLdkkamGGUGu8","מזוזה גודל 20 הדמו""ר הזקן חבד"
"VBQbrxviNrsfh31fSedv","","בתי מזוזה","","","","rejected","yHkibC4ZnRtKds4y9IRD","בית שקוף למזוזה ‏גודל 20 "
"VL97jYsCI1NMtCbc0ig3","","תיקי טלית ותפילין","יודאיקה כללי","","","active","","תיק טלית דמוי עור 36X29 ס""מ"
"VVZjjrO2odDuv1P9tkCS","","סט טלית תפילין","תיקים","","","active","","תיק טלית ותפילין שחור עם רצועה תפורה"
"VdIdpKAVJwJDWjNCxg29","","קלפי מזוזה","","","","active","L2OQjqGf5p7VGGruvLs6","מזוזה נוסח בית יוסף"
"VzOcaZIJPiXgsnKg2BTp","","סט טלית תפילין","סטים עור מדומה","","","active","","תיק טלית תפילין דמוי עור לבן עם ריקמה יברכך"
"W6gNKTBRvzkkSP1RSCPu","","סט טלית תפילין","סטים עור מדומה","","","active","","סט טלית תפילין דמוי עור עם ריקמה"
"W6r9PidwNqr6Vc5skocg","","","","","","active","YWKJ0UP9o907Mz5WeGON","סט תפילין פצפונים ספרדי קומפלט"
"WbGkuBNtvhclW89q66TZ","","סט טלית תפילין","סטים עור מדומה","","","active","","סט טלית תפילין דמוי עור לבן עם אותיות ""שיויתי"" זהב"
"Wf5m3PZNDuGoWPRfGsoR","","קלפי מזוזה","","","","active","kktgUyRYgk5cpBj68MzQ","קלף מזוזה"
"WhUW2jQELjwoptuIxCWU","","ספרי קודש וסידורים","","","","pending","","זמירות שבת דמוי עור לבן"
"WnpnxHpROV3mzdJXQlIQ","","קלפי מזוזה","","","","active","XvVqRPtheq250u74eMpq","מזוזות ""גוויל"""
"X8GFlMIHOVHOBnfpfbZs","","קלפי מזוזה","","","","active","yHkibC4ZnRtKds4y9IRD","מזוזה גודל 20 הדמו""ר הזקן חבד"
"XANO3CjklwOci8LOVR11","","ספרי תורה","","","","active","EgyEmn64ZRcA1qqF0n08","ספר תורה מהודר ספרדי"
"XEDzcQakqmORDqAtu5mq","","קלפי מזוזה","","","","active","8uai2kKVaQNxsP7C7KmG","מזוזה ב""י"
"XG1rwwzR6uh8XJcHyKF0","","תיקי טלית ותפילין","יודאיקה כללי","","","active","","תיק טלית שחור פיו מפואר עם אותיות בולטות"
"YP5xiEMHQVlZxBRw1UYv","","","","","","active","YWKJ0UP9o907Mz5WeGON","סט תפילין פצפונים ספרדי קומפלט"
"YyuaHGlCO8raP2ZsgJdQ","","מגילות","","","","active","ey1wN573JFLVDEhKyTdv","מגילת אסתר חב""ד כתב אדמוה""ז"
"Z5rcpn8zjs9xvDcsQZZz","","קלפי מזוזה","","","","active","VSxQwabZLdkkamGGUGu8","מזוזה גודל 20 הדמו""ר הזקן חבד"
"Z7tOVfH9B4HtgaZqXsQA","","תפילין קומפלט","תפילין קומפלט","","","active","ca0bu7x7KDR8S9kTr3o6","סט תפילין נוסח ספרדי מהודרת בתכלית במחיר של מהודר"
"ZAr3hkhQDKbtjR2SMduz","","קלפי מזוזה","","","","active","of2HZ1rs9Nj7NcDEQYie","מזוזה גודל 12 מהודרת כתב ספרדי. "
"ZbccvvmF94Wd4bx92wkN","","קלפי מזוזה","","","","active","of2HZ1rs9Nj7NcDEQYie","מזוזה גודל 10"
"aYbFT4wdxP3tfXkOoYNx","","ספרי תורה","","","","active","ey1wN573JFLVDEhKyTdv","ספר תורה ספרדי 56"
"am2EeFqWj0cJRl4J6nyB","","קלפי מזוזה","","","","active","XvVqRPtheq250u74eMpq","מזוזות ""גוויל"""
"asPdifqFGTHXT3T3Eda1","","ספרי תורה","ספרי תורה","","","active","8GPtlN8Cn0AIoqGouNUn","ספר תורה כתיבת יד"
"b6mX2G29DOsLH63Hpqy7","","קלפי מזוזה","קלפים","","","active","R5etinG8kbPCLmGgAw2R","קלף מזוזה מהודרת ספרדית הרב אברהם ממן"
"chgTQpNGwBrwjGPpadhz","","קלפי מזוזה","","","","active","of2HZ1rs9Nj7NcDEQYie","מזוזה גודל 15 מהודרת "
"dx5tZDzCmjGzQSHfwKDi","","מגילות","","","","active","","מגילת שיר השירים כתב ספרדי"
"e1d5j44lrI1uB2KngR7I","","קלפי מזוזה","","","","active","s9vBwjX1do96MVDYhiUC",""
"e85TGCufBVLFjdOut1Gh","","קלפי תפילין","","","","active","1rcDqm9T4oAeDyaBPfDJ","פרשיות תפילין ספרדי"
"enSWZprGCl4udFN75O7o","","בר מצווה","סטים בהמה דקה","","","active","OgfgwSDr8QuHq2KDUQMg","סט בר מצווה עם תפילין בהמה דקה וברכת כהנים"
"fsZk8D93SyctX2sZuXna","","קלף מזוזה","","","","active","L2OQjqGf5p7VGGruvLs6","מזוזה נוסח בית יוסף"
"gKeLvpAbkzlceJkqVgRU","","קלפי מזוזה","","","","active","ny0jd2540XlTh6mXci35","מזוזה 15 ס""מ כתב ספרדי מהודר."
"gr4dStevYHMfC6M55jol","","קלפי מזוזה","","","","active","","קלף מזוזה מהודר נוסח אשכנזי האריז""ל"
"hPNUzK6oAUN3Z3VBxPRe","","ספרי תורה","","","","active","EgyEmn64ZRcA1qqF0n08","ספר תורה מהודר ספרדי"
"iF2QwwO0qouPM2eEEsKo","","קלפי תפילין","","","","active","","קלף תפילין מהודר הרב יוסף אליאס"
"ij8cX3dWEYvGBtIjUDly","","תפילין קומפלט","","","","active","OgfgwSDr8QuHq2KDUQMg","תפילין קומפלט מהודר ספרדי הרב עמנואל פלישטייב"
"jW3zj0RzU8aBkxlGfqB4","","קלפי מזוזה","","","","active","XvVqRPtheq250u74eMpq","מזוזות ""גוויל"""
"kNi03DOtYNGwWLPFN40s","","ספרי תורה","","","","active","","ספר תורה "
"kP2cvLeq7Hxb6eCBIXze","","קלפי מזוזה","","","","active","dogupVNRjdFIFFK3ZxzC","מזוזה ספרדי 15 ס”מ יפהפיה"
"keFhzqNvBkDX04LKxGw3","","קלפי מזוזה","","","","active","","קלף מזוזה אשכנזי מהודר גודל 15"
"lA0aRYrtyt910GWE9Qv5","","בר מצווה","סטים בהמה גסה","","","active","FtVUSMQTer1XZsFi0s7L","סט לבר מצווה מעויינים שחור -תפילין בהמה גסה"
"mOQ8n4RHAeHgdKH3y8EX","","בר מצווה","סטים בהמה דקה","","","active","","סט בר מצווה שלם עם תפילין בהמה דקה וברכת כהנים — עותק"
"n9sRjIGidH8fKO9thbtk","","קלפי מזוזה","","","","active","","קלף מזוזה הארי חב""ד מהודרת בתכלית הרב מנחם"
"oHxlfMNx0yOaL1JwLJaH","","קלפי תפילין","","","","active","","קלף תפילין כשר לכתחלה הרב דניאל "
"oKDpJYJTpnePaX6wEqqG","","ספרי תורה","","","","active","yHkibC4ZnRtKds4y9IRD","‏ספר תורה כתב אדמור הזקן גודל 48"
"pmAOn9oztDHFJCMnX6HA","","קלפי מזוזה","","","","active","vQv0r20jgJp2lVRN4x1u","מזוזה גודל 12 כתב ספרדי"
"qHGME6KNAWFr2CFURyd8","","קלפי מזוזה","","","","active","dklwyXicTPGhjK0FHhQ9","מזוזה גודל 15"
"shw869oGaW1rnnz1kCbX","","קלפי מזוזה","קלפים","","","active","8GPtlN8Cn0AIoqGouNUn","קלף מזוזה מהודרת ספרדית הרב עידו חלא"
"snqm3D7BqmAw1vPv703O","","בר מצווה","סטים בהמה דקה","","","active","OgfgwSDr8QuHq2KDUQMg","סט בר מצווה שלם עם תפילין בהמה דקה וברכת כהנים — עותק"
"uXxq50JWT9kiEgZAvY7Z","","","","","","active","dklwyXicTPGhjK0FHhQ9","אשת חיל "
"wXrHaVo6KS7BDZFixIYU","","בר מצווה","סטים בהמה גסה","","","active","IY1aVdSnTEtoWb6ko9zf","סט לבר מצווה מעויינים שחור -תפילין בהמה גסה — עותק"
"woGtFI0iPL93bikUXIDL","","מגילות","","","","active","dogupVNRjdFIFFK3ZxzC","מגוון מגילות יפות ומהודרות"
"ybwdzkV2Dd21oZmpbygV","","קלפי מזוזה","","","","active","of2HZ1rs9Nj7NcDEQYie","מזוזה גודל 15 מהודרת "
"yhq7ZVE1SCUWadhtvWmA","","בר מצווה","סטים בהמה דקה","","","active","OgfgwSDr8QuHq2KDUQMg","סט בר מצווה שלם עם תפילין בהמה דקה וברכת כהנים"
"z6RA9YWFU3FaMWkfXvCx","","קלפי מזוזה","קלפים","","","active","PWrQ9gsiBnzBhUlK7TK0","קלף מזוזה ספרדית מהודרת – הרב קורנפלד"
"zt0GzfvNI7GsK0HPCxiM","","קלף מזוזה","","","","active","vQv0r20jgJp2lVRN4x1u","מזוזה גודל 12 כתב ספרדי"