sku,name,subCategory,unitPrice,packSize,packageCost,sellPrice,unitsLeft,leftoverInventoryCost,cashFlow
UK51675,סט כרית לטבעת עם תפילה לכלה פרספקס,חתן וכלה,89.99,2,179.98,179.98,1,89.99,0
UK89928,"כוס חתן ""אם אשכחך ירושלים"" באריזה מהודרת 10 ס""מ",חתן וכלה,11.99,5,59.95,23.98,4,47.96,-35.97
UK82327,"תפילה לכלה ""לב"" אקריליק 24 ס""מ",חתן וכלה,36.99,2,73.98,73.98,1,36.99,0
UK66466,"סט הפרשת חלה דמוי עור לבן ""אותיות בולטות"" 40 ס""מ",חתן וכלה,69.99,2,139.98,139.98,1,69.99,0
UK48864,"ברכון אקריליק ""תפילה לכלה"" עם פלקטה כתר 21X16 ס""מ",חתן וכלה,24.99,4,99.96,49.98,3,74.97,-49.98
UK67379,"סט הפרשת חלה דמוי עור 40 ס""מ",חתן וכלה,49.99,2,99.98,99.98,1,49.99,0
UK81983,"מסגרת זכוכית מהודרת ברכת העסק 20X25 ס""מ",ברכות,21.99,4,87.96,43.98,3,65.97,-43.98
UK83195,אשת חיל אקריליק מסגרת זהב,ברכות,39.99,2,79.98,79.98,1,39.99,0
UK80195,"ברכת הבית בלוק אקריליק רקע כחול 21X21X2.5 ס""מ",ברכות,79.99,2,159.98,159.98,1,79.99,0
UK40787,"מסגרת זכוכית עם פלקטה חיתוך לייזר ""אשת חיל"" 28X23 ס""מ",ברכות,59.99,2,119.98,119.98,1,59.99,0
UK82864,"מסגרת זכוכית מהודרת אשר יצר נוסח ספרדי 20X25 ס""מ",ברכות,21.99,4,87.96,43.98,3,65.97,-43.98
UK83243,אשר יצר עדות מזרח מלבן אקריליק מסגרת זהב,ברכות,49.99,2,99.98,99.98,1,49.99,0
UK82852,"הדלקת נרות בלוק אקריליק ""ירושלים"" 21 ס""מ",ברכות,89.99,2,179.98,179.98,1,89.99,0
UK83549,"מזמור לתודה מלבן אקריליק מסגרת זהב ענק 90X59 ס""מ",ברכות,449.99,1,449.99,899.98,0,0,449.99
UK82853,"מזמור לתודה בלוק אקריליק ""ירושלים"" 21 ס""מ",ברכות,89.99,2,179.98,179.98,1,89.99,0
UK80746,עץ קריסטל ברכה והצלחה 11סמ,ברכות,39.99,2,79.98,79.98,1,39.99,0
UK80507,הדלקת נרות בלוק אקריליק מסגרת זהב,ברכות,79.99,2,159.98,159.98,1,79.99,0
UK80788,"מסגרת אקריליק מהודרת עם פלקטה 23x24 ס""מ",ברכות,79.99,2,159.98,159.98,1,79.99,0
UK81729,"מסגרת ממוסגרת לתלייה עם פלקטה זהב 42x43 ס""מ- ברכת הבית",ברכות,59.99,2,119.98,119.98,1,59.99,0
UK80168,"ברכה מלבנית נוסח אשכנזי 3315.5 ס""מ",ברכות,29.99,2,59.98,59.98,1,29.99,0
UK83598,אגרטל קריסטל פרחים זהב 11סמ,ברכות,44.99,2,89.98,89.98,1,44.99,0
UK46868,"מסגרת מהודרת נצנצים כסף 18X23 ס""מ הדלקת נרות",ברכות,,4,,,,,
UK80772,"מסגרת אקריליק מהודרת עם פלקטה 23x24 ס""מ",ברכות,79.99,2,159.98,159.98,1,79.99,0
UK80771,"מסגרת אקריליק מהודרת עם פלקטה 23x24 ס""מ",ברכות,79.99,2,159.98,159.98,1,79.99,0
UK42440,"תמונה לתלייה מפולימר ""אשר יצר""",ברכות,59.99,2,119.98,119.98,1,59.99,0
UK40869,"תמונה לתלייה מפולימר ""אשר יצר"" אשכנזי 26X19 ס""מ",ברכות,59.99,2,119.98,119.98,1,59.99,0
UK40498,"מסגרת זכוכית עם אבנים אשר יצר ספרדי 25x35 ס""מ",ברכות,79.99,2,159.98,159.98,1,79.99,0
UK82851,"ברכת הבית בלוק אקריליק ""ירושלים"" 21 ס""מ",ברכות,89.99,2,179.98,179.98,1,89.99,0
UK47799,"מסגרת זכוכית עם אבנים לבנות ופלקטה אשת חיל 24X33 ס""מ",ברכות,59.99,2,119.98,119.98,1,59.99,0
UK82874,"מסגרת נצנצים מזכוכית עיצוב ""קווים"" מזמור לתודה 22x",ברכות,,4,,,,,
UK48826,"תמונה לתלייה מפולימר "" אם אשכחך.."" 26X19 ס""מ",ברכות,59.99,2,119.98,119.98,1,59.99,0
UK42605,עץ קריסטל ברכה והצלחה 11סמ,ברכות,39.99,2,79.98,79.98,1,39.99,0
UK80778,"מסגרת אקריליק מהודרת עם פלקטה 19x25 ס""מ",ברכות,49.99,2,99.98,99.98,1,49.99,0
UK82619,"תמונה לתלייה מפולימר ""אשר יצר"" אשכנזי 26X19 ס""מ",ברכות,59.99,2,119.98,119.98,1,59.99,0
UK83238,"ברכת הבית מלבן פרספקס מסגרת זהב 2025 ס""מ",ברכות,24.99,4,99.96,49.98,3,74.97,-49.98
UK42808,"מעמד חיתך לייזר חסידים צבעוניים 19x22 ס""מ",ברכות,34.99,2,69.98,69.98,1,34.99,0
UK40499,"מסגרת זכוכית עם אבנים אשר יצר אשכנזי 25x35 ס""מ",ברכות,79.99,2,159.98,159.98,1,79.99,0
UK80769,"מסגרת אקריליק מהודרת עם פלקטה 23x24 ס""מ",ברכות,79.99,2,159.98,159.98,1,79.99,0
UK80899,"ברכת מזמור לתודה פולימר 19X26 ס""מ",ברכות,59.99,2,119.98,119.98,1,59.99,0
UK83597,אגרטל קריסטל פרחים תכלת 11סמ,ברכות,44.99,2,89.98,89.98,1,44.99,0
UK80773,"מסגרת אקריליק מהודרת עם פלקטה 23x24 ס""מ",ברכות,79.99,2,159.98,159.98,1,79.99,0
UK81144,"מסגרת זכוכית לבנה מהודרת אשר יצר אשכנזי 22X18 ס""מ",ברכות,32.99,4,131.96,65.98,3,98.97,-65.98
UK80629,"פותח את ידיך מתכת חיתוך לייזר 35X48 ס""מ",ברכות,49.99,2,99.98,99.98,1,49.99,0
UK80199,מזמור לתודה בלוק אקריליק מסגרת כסף,ברכות,79.99,2,159.98,159.98,1,79.99,0
UK81137,"מסגרת זכוכית לבנה מהודרת ברכת הבית 22X18 ס""מ",ברכות,32.99,4,131.96,65.98,3,98.97,-65.98
UK55218,"חמסה חיתוך לייזר, ברכת הבית עברית ""עץ הברכות עם אב",חמסות וסגולות,74.99,1,74.99,149.98,0,0,74.99
UK47646,"סטנד מעורב 12 יח חמסה תפילת הדרך מט 8 ס""מ",חמסות וסגולות,17.99,12,215.88,35.98,11,197.89,-179.9
UK41292,"חמסה ""ירושלים"" חיתוך לייזר, ברכת העסק עברית 24 ס""מ",חמסות וסגולות,39.99,2,79.98,79.98,1,39.99,0
UK83255,"סטנד 24 יח מעורב של חמסות עץ לרכב מצופה אפוקסי 8 ס""מ",חמסות וסגולות,10.99,24,263.76,21.98,23,252.77,-241.78
UK49005,"חמסה ""פולימר"" ""ברכת הבית"" אנגלית 19 ס""מ",חמסות וסגולות,39.99,2,79.98,79.98,1,39.99,0
UK41294,"חמסה ""פירחוני"" חיתוך לייזר עם בסיס, ברכת הבית עברי",חמסות וסגולות,49.99,2,99.98,99.98,1,49.99,0
UK49304,"חמסה עץ אפוקסי ברכת הבית אנגלית גוון חום 24 ס""מ",חמסות וסגולות,32.99,2,65.98,65.98,1,32.99,0
UK49306,חמסה עץ אפוקסי ברכת הבית עברית גוון כחול 18.5 ס,חמסות וסגולות,26.99,2,53.98,53.98,1,26.99,0
UK08768,"סגולה 7x10 ס""מ תפילת הדרך עברית אנגלית מינימום 25 יחידות",חמסות וסגולות,3.3,25,82.5,6.6,24,79.19999999999999,-75.9
UK82713,"סגולה מוזהבת 8x5 ס""מ ""מזמור לתודה""",חמסות וסגולות,7.99,10,79.9,15.98,9,71.91,-63.92
UK41288,"חמסה ""פירחוני"" חיתוך לייזר, צבעונית 24 ס""מ",חמסות וסגולות,39.99,2,79.98,79.98,1,39.99,0
UK83227,"חמסה אקריליק - ברכת הבית אנגלית מהודרת 18.5 ס""מ",חמסות וסגולות,,2,,,,,
UK80848,"חמסה עץ אפוקסי ברכת הבית אנגלית 18.5 ס""מ",חמסות וסגולות,24.99,2,49.98,49.98,1,24.99,0
UK42313,"גביע קידוש זכוכית שקוף וכסף ""בבא סאלי"" 21 ס""מ",גביעי קידוש קריסטל וקרמיקה,32.99,2,65.98,65.98,1,32.99,0
UK81179,סט גביע קידוש + פמוטים + מגש חלה מקריסטל,גביעי קידוש קריסטל וקרמיקה,149.99,2,299.98,299.98,1,149.99,0
UK47092,"גביע קריסטל מהודר ללא רגל ""האש שלי"" 9 ס""מ תכולה 100 מ""ל",גביעי קידוש קריסטל וקרמיקה,64.99,2,129.98,129.98,1,64.99,0
UK45347,"גביע קריסטל מהודר ""הנהרות"" עם אבנים כסף 16 ס""מ תכולה 130 מ""ל",גביעי קידוש קריסטל וקרמיקה,64.99,2,129.98,129.98,1,64.99,0
UK49856,"גביע קידוש קריסטל מהודר 16 ס""מ",גביעי קידוש קריסטל וקרמיקה,64.99,2,129.98,129.98,1,64.99,0
UK48530,"גביע קריסטל מהודר ""ירושלים"" עם אבנים כסף 16 ס""מ תכ",גביעי קידוש קריסטל וקרמיקה,44.99,2,89.98,89.98,1,44.99,0
UK59869,"גביע קריסטל מהודר עם אבנים לבנות 16 ס""מ תכולה",גביעי קידוש קריסטל וקרמיקה,36.99,2,73.98,73.98,1,36.99,0
UK82182,"גביע קידוש מהודר מקרמיקה עם רגל ותחתית 15 ס""מ",גביעי קידוש קריסטל וקרמיקה,26.99,4,107.96,53.98,3,80.97,-53.98
UK80057,"גביע קידוש קריסטל מהודר גוון שחור 16 ס""מ",גביעי קידוש קריסטל וקרמיקה,64.99,2,129.98,129.98,1,64.99,0
UK49051,"גביע קריסטל מהודר ""הנהרות"" עם אבנים לבנות 16 ס""",גביעי קידוש קריסטל וקרמיקה,44.99,2,89.98,89.98,1,44.99,0
UK48656,"גביע קריסטל מהודר ללא רגל ""ברכה"" 9 ס""מ תכולה 100",גביעי קידוש קריסטל וקרמיקה,64.99,2,129.98,129.98,1,64.99,0
UK45996,"גביע קריסטל מהודר ""ברכה"" עם אבנים כסף 16 ס""מ תכולה 130 מ""ל",גביעי קידוש קריסטל וקרמיקה,44.99,2,89.98,89.98,1,44.99,0
UK46961,"גביע קריסטל מהודר ללא רגל ""בבא סאלי"" 9 ס""מ תכולה 100 מ""ל",גביעי קידוש קריסטל וקרמיקה,39.99,2,79.98,79.98,1,39.99,0
UK80039,"גביע קידוש קריסטל כסף מהודר ""הנהרות"" 16 ס""מ",גביעי קידוש קריסטל וקרמיקה,64.99,2,129.98,129.98,1,64.99,0
UK42495,"גביע קריסטל מהודר ללא רגל 9 ס""מ תכולה 100 מ""ל",גביעי קידוש קריסטל וקרמיקה,49.99,2,99.98,99.98,1,49.99,0
UK48314,"גביע קריסטל מהודר ""ברכה"" זהב עם אבנים 16 ס""מ תכולה 100 מ""ל",גביעי קידוש קריסטל וקרמיקה,49.99,2,99.98,99.98,1,49.99,0
UK82236,"כוס קידוש קריסטל רוז גולד יום השישי תכולה 100 מ""ל",גביעי קידוש קריסטל וקרמיקה,64.99,2,129.98,129.98,1,64.99,0
UK80036,"גביע קידוש קריסטל כסף מהודר ""ברכה"" 16 ס""מ",גביעי קידוש קריסטל וקרמיקה,64.99,2,129.98,129.98,1,64.99,0
UK42437,"גביע קריסטל מהודר ""בבא סאלי"" עם אבנים כסף תכולה 1",גביעי קידוש קריסטל וקרמיקה,44.99,2,89.98,89.98,1,44.99,0
UK46999,"גביע קריסטל מהודר ""כותל"" עם אבנים כסף 16 ס""מ תכולה 130 מ""ל",גביעי קידוש קריסטל וקרמיקה,64.99,2,129.98,129.98,1,64.99,0
UK40413,"גביע קידוש מהודר מקרמיקה בלי רגל עם תחתית 9 ס""מ",גביעי קידוש קריסטל וקרמיקה,21.99,4,87.96,43.98,3,65.97,-43.98
UK40412,"גביע קידוש מהודר מקרמיקה עם תחתית 15 ס""מ",גביעי קידוש קריסטל וקרמיקה,26.99,4,107.96,53.98,3,80.97,-53.98
UK48822,"גביע קידוש קריסטל מהודר ""ברכה"" 16 ס""מ תכולה 100 מ",גביעי קידוש קריסטל וקרמיקה,39.99,2,79.98,79.98,1,39.99,0
UK81727,"גביע קידוש קריסטל 7 ס""מ",גביעי קידוש קריסטל וקרמיקה,44.99,2,89.98,89.98,1,44.99,0
UK83298,"גביע קידוש קריסטל עם רגל 12 ס""מ",גביעי קידוש קריסטל וקרמיקה,,2,,,,,
UK40414,"גביע קידוש מהודר מקרמיקה עם תחתית 15 ס""מ",גביעי קידוש קריסטל וקרמיקה,26.99,4,107.96,53.98,3,80.97,-53.98
UK40866,"גביע קידוש גימור זהב פיליגרין עם ברכה ""ויכלו.."" 8.5 ס""מ תכולה 120 מ""ל",גביעי קידוש מתכת,79.99,2,159.98,159.98,1,79.99,0
UK46951,"גביע קידוש מהודר ניקל עם זהב כולל תחתית 9.5 ס""מ תכולה 100 מ""ל",גביעי קידוש מתכת,74.99,2,149.98,149.98,1,74.99,0
UK41572,"גביע קידוש ניקל ""גל ירושלים"" ללא רגל 9 ס""מ עם ת תכ",גביעי קידוש מתכת,49.99,2,99.98,99.98,1,49.99,0
UK47925,"גביע קידוש גימור ניקל פיליגרין עם ברכה ""ויכלו.."" עם תחתית 15 ס""מ",גביעי קידוש מתכת,69.99,2,139.98,139.98,1,69.99,0
UK41533,"גביע קידוש מהודר 16 ס""מ ""נהרות גן עדן"" בגימור ניקל",גביעי קידוש מתכת,59.99,2,119.98,119.98,1,59.99,0
UK49324,סטנד מעורב זהב פקק לבקבוק יין 12 יח,מחלקי יין ואביזרים,19.99,12,239.88,39.98,11,219.89,-199.9
UK42356,"מחלק יין מסתובב קריסטל מהודר עם 8 כוסיות ""חלבי"" 2X533 ס""מ",מחלקי יין ואביזרים,239.99,1,239.99,479.98,0,0,239.99
UK66625,"כיסוי מהודר לבקבוק יין דמוי עור עם אבנים 23X16 ס""מ",מחלקי יין ואביזרים,19.99,2,39.98,39.98,1,19.99,0
UK87532,"כיסוי לבקבוק יין סטן ""עיטורים"" 26 ס""מ",מחלקי יין ואביזרים,10.99,5,54.95,21.98,4,43.96,-32.97
UK45977,סטנד (24) פותחנים צורת בקבוק יין ומגנט עם פלקטה 11,מחלקי יין ואביזרים,8.99,24,215.76,17.98,23,206.77,-197.78
UK42354,"מחלק יין מסתובב קריסטל מהודר עם 8 כוסיות ""זהב"" 25X33 ס""מ",מחלקי יין ואביזרים,239.99,1,239.99,479.98,0,0,239.99
UK42353,"מחלק יין מסתובב קריסטל מהודר עם 8 כוסיות ""כסף"" 25X33 ס""מ",מחלקי יין ואביזרים,239.99,1,239.99,479.98,0,0,239.99
UK80306,"כלי לבשמים מקריסטל 8X5 ס""מ",הבדלה,49.99,2,99.98,99.98,1,49.99,0
UK80062,"סט הבדלה מהודר מקריסטל 20 ס""מ",הבדלה,169.99,1,169.99,339.98,0,0,169.99
UK49220,"כלי לבשמים מקריסטל עם פלקטה ""ירושלים"" 8X6 ס""מ",הבדלה,39.99,2,79.98,79.98,1,39.99,0
UK40087,"נר הבדלה צבעים שונים 15 ס""מ",הבדלה,11.99,25,299.75,23.98,24,287.76,-275.77
UK42148,"כלי לבשמים מקריסטל עם פלקטה ""ירושלים"" 8.5X5 ס""מ עם",הבדלה,49.99,2,99.98,99.98,1,49.99,0
UK43848,"סדר הבדלה עם ציפורן ספרדי 18.5X13 ס""מ",הבדלה,7.99,12,95.88,15.98,11,87.89,-79.89999999999999
UK55063,"נר הבדלה כחול לבן מהודר 30 ס""מ",הבדלה,8.99,10,89.9,17.98,9,80.91,-71.92
UK81576,"נר הבדלה צבעוני ומהודר 16 ס""מ",הבדלה,14.99,24,359.76,29.98,23,344.77,-329.78
UK55590,"כלי לבשמים מקריסטל עם פלקטה ""עיטור"" 8.55 ס""מ עם פרחים",הבדלה,49.99,2,99.98,99.98,1,49.99,0
UK55061,"נר הבדלה צבעוני ומהודר 23 ס""מ",הבדלה,14.99,25,374.75,29.98,24,359.76,-344.77
UK41257,"נר הבדלה צבעוני ומהודר 13 ס""מ",הבדלה,8.99,24,215.76,17.98,23,206.77,-197.78
UK80672,"כלי עם מיני בשמים ""עם פרחים"" מקריסטל עם מכסה 4X6 ס""מ",הבדלה,32.99,2,65.98,65.98,1,32.99,0
UK81812,"מגש אקריליק להבדלה 25 ס""מ",הבדלה,69.99,2,139.98,139.98,1,69.99,0
UK81771,כלי לבשמים מקריסטל פלקטה ירושלים עם תערובת פרחי,הבדלה,49.99,2,99.98,99.98,1,49.99,0
UK42999,"נר הבדלה ""דונג"" מהודר 30 ס""מ",הבדלה,15.99,6,95.94,31.98,5,79.95,-63.959999999999994
UK44756,כלי לבשמים מזכוכית עם פלקטה (סטנד מעורב 24 יח) 6,הבדלה,10.99,24,263.76,21.98,23,252.77,-241.78
UK81084,"סט הבדלה מהודר מקריסטל עם מגש 25 ס""מ",הבדלה,179.99,1,179.99,359.98,0,0,179.99
UK42846,"סדר הבדלה מאקריליק נוסח עדות המזרח 27X15 ס""מ",הבדלה,11.99,6,71.94,23.98,5,59.95,-47.959999999999994
UK43756,"נר הבדלה ""דונג"" מהודר 30 ס""מ",הבדלה,15.99,6,95.94,31.98,5,79.95,-63.959999999999994
UK55810,"כלי עם מיני בשמים ""עם פרחים"" מקריסטל עם פלקטה 8X6 ס""מ",הבדלה,49.99,2,99.98,99.98,1,49.99,0
UK42178,"חסיד יושב מפוליריזן לבן עם רגלי בד כסף 25 ס""מ מנגן בטובה",דמויות חסידים,24.99,4,99.96,49.98,3,74.97,-49.98
UK42346,"חסיד פוליריזן מנגן בתופים 17 ס""מ",דמויות חסידים,29.99,2,59.98,59.98,1,29.99,0
UK82539,ליצן יושב מפוליריזן עם רגלי בד כסף מנגן באקורדיון,דמויות חסידים,24.99,2,49.98,49.98,1,24.99,0
UK48175,חסיד יושב מפוליריזן מוכסף ואמייל עם רגלי בד כסף,דמויות חסידים,34.99,2,69.98,69.98,1,34.99,0
UK40121,"חסיד פוליריזן שחור עם כסף מנגן בכינור 17 ס""מ",דמויות חסידים,24.99,2,49.98,49.98,1,24.99,0
UK56363,"חסיד יושב מפוליריזן שחור ""כנר על ה"" 41 ס""מ",דמויות חסידים,99.99,1,99.99,199.98,0,0,99.99
UK55784,"חסיד יושב מפוליריזן עם רגלי בד 10.5 ס""מ - מנגן בכינור",דמויות חסידים,29.99,2,59.98,59.98,1,29.99,0
UK82547,ליצן יושב מפוליריזן צבעוני עם רגלי בד מנגן בקלרינט,דמויות חסידים,24.99,2,49.98,49.98,1,24.99,0
UK45583,חסיד יושב מפולירייזן מוכסף עם רגלי בד כסף מנגן,דמויות חסידים,32.99,2,65.98,65.98,1,32.99,0
UK40117,"חסיד פוליריזן שחור עם כסף מנגן באקורדיון 17 ס""מ",דמויות חסידים,24.99,2,49.98,49.98,1,24.99,0
UK83173,ליצן יושב מפוליריזן צבעוני עם רגלי בד מנגן בטרומבון,דמויות חסידים,26.99,2,53.98,53.98,1,26.99,0
UK55781,"חסיד יושב מפוליריזן עם רגלי בד 10.5 ס""מ - מנגן בטרומבון",דמויות חסידים,29.99,2,59.98,59.98,1,29.99,0
UK46034,ליצן יושב מפוליריזן מוכסף עם רגלי בד מנגן בקלרינט,דמויות חסידים,34.99,2,69.98,69.98,1,34.99,0
UK40118,"חסיד פוליריזן שחור עם כסף מנגן בסקסופון 17 ס""מ",דמויות חסידים,24.99,2,49.98,49.98,1,24.99,0
UK42414,"חנוכייה אלומיניום לשמן מהודרת 30x8 ס""מ",חנוכה,49.99,1,49.99,99.98,0,0,49.99
UK80450,"חנוכייה קריסטל שחור זהב 15X36 ס""מ",חנוכה,149.99,1,149.99,299.98,0,0,149.99
UK82638,"חנוכייה ""אור הזהב"" מתכת ""חבד"" מהודרת ציפוי רוז גולד עם קנים 36 ס""מ",חנוכה,229.99,1,229.99,459.98,0,0,229.99
UK81740,"חנוכיה קריסטל עם פלקטה זהב 24X31 ס""מ",חנוכה,99.99,1,99.99,199.98,0,0,99.99
UK49379,"חנוכייה מתכת מהודרת עם קנים זהב 16X18 ס""מ",חנוכה,99.99,2,199.98,199.98,1,99.99,0
UK46435,"חנוכייה מהודרת בגימור זהב עם סמלי יודאיקה 9X29 ס""מ",חנוכה,99.99,2,199.98,199.98,1,99.99,0
UK42830,"חנוכיית חוטים חצי עגול לשמן - שחור 33 ס""מ",חנוכה,26.99,6,161.94,53.98,5,134.95,-107.96000000000001
UK82648,"בית חנוכיה ""אור הזהב"" מהודר ממתכת וזכוכית עם בתי נר בגוון 20X34X44 ס""מ",חנוכה,329.99,1,329.99,659.98,0,0,329.99
UK40815,"חנוכייה קריסטל מהודרת 16X39 ס""מ",חנוכה,149.99,1,149.99,299.98,0,0,149.99
UK81993,הדלקת נרות חנוכה בלוק אקריליק מסגרת זהב,חנוכה,79.99,2,159.98,159.98,1,79.99,0
UK41986,"חנוכייה קריסטל מהודרת עם פלקטה 36X37 ס""מ",חנוכה,99.99,1,99.99,199.98,0,0,99.99
UK42207,שפורות לשמן /נרונים,חנוכה,2.49,100,249.00000000000003,4.98,99,246.51000000000002,-244.02000000000004
UK80563,"חנוכייה קריסטל מהודרת עם פלקטה 17X30 ס""מ",חנוכה,99.99,1,99.99,199.98,0,0,99.99
UK81800,"חנוכייה קריסטל מהודרת 19X29 ס""מ",חנוכה,169.99,2,339.98,339.98,1,169.99,0
UK45249,"בית חנוכייה רחב מהודר מאלומיניום וזכוכית 15X18X20 ס""מ",חנוכה,159.99,1,159.99,319.98,0,0,159.99
UK50370,"חנוכייה מתכת ציפוי זהב 19X23 ס""מ",חנוכה,69.99,2,139.98,139.98,1,69.99,0
UK82641,"חנוכיה ""אור הזהב"" מתכת מהודרת ציפוי ניקל 36 ס",חנוכה,249.99,1,249.99,499.98,0,0,249.99
UK81753,"חנוכייה קריסטל מהודרת 19X35 ס""מ",חנוכה,179.99,2,359.98,359.98,1,179.99,0
UK80446,"חנוכייה קריסטל מהודרת 20 ס""מ",חנוכה,149.99,1,149.99,299.98,0,0,149.99
UK50623,"בית חנוכייה 40X20X50 ס""מ מהודר מאלומיניום וזכוכית",חנוכה,259.99,1,259.99,519.98,0,0,259.99
UK45248,"בית חנוכייה רחב מהודר מאלומיניום וזכוכית 50X20X50 ס""מ",חנוכה,259.99,1,259.99,519.98,0,0,259.99
UK80443,"חנוכייה קריסטל מהודרת 28X4 ס""מ",חנוכה,129.99,1,129.99,259.98,0,0,129.99
UK40763,"חנוכייה קריסטל מהודרת 19X33 ס""מ",חנוכה,99.99,1,99.99,199.98,0,0,99.99
UK42152,"חנוכיית קריסטל מהודרת עם בסיס 7x28 ס""מ",חנוכה,69.99,2,139.98,139.98,1,69.99,0
UK52241,"תשיעיית כוסית זכוכית לשמן 5 ס""מ",חנוכה,5.99,10,59.900000000000006,11.98,9,53.910000000000004,-47.92
UK80339,"חנוכייה קריסטל מהודרת 24X38 ס""מ",חנוכה,179.99,2,359.98,359.98,1,179.99,0
UK42153,"חנוכיית קריסטל מהודרת עם בסיס 7x28 ס""מ",חנוכה,69.99,2,139.98,139.98,1,69.99,0
UK81977,"מגש זכוכית מהודר לחנוכיה עם הדפסה זהב 20X37 ס""מ",חנוכה,44.99,2,89.98,89.98,1,44.99,0
UK67761,"נרתיק מהודר ללולב דמוי עור 116x19 ס""מ",סוכות,99.99,6,599.9399999999999,199.98,5,499.95,-399.9599999999999
UK67071,"תיק לאתרוג פיו 11X19 ס""מ גוון חום כהה",סוכות,69.99,2,139.98,139.98,1,69.99,0
UK49247,"קופסא מהודרת לאתרוג דמוי עור עם ידית ומנעול 13X19 ס""מ",סוכות,69.99,2,139.98,139.98,1,69.99,0
UK81761,"קופסא מהודרת לאתרוג דמוי עור עם ידית ומנעול 13x19 ס""מ",סוכות,79.99,1,79.99,159.98,0,0,79.99
UK53363,"קופסא לאתרוג דמוי עור עם ידית מתכת 13X19X11 ס""מ",סוכות,79.99,1,79.99,159.98,0,0,79.99
UK67753,"שטיח ""ואנחנו כורעים"" מהודר 60X80 ס""מ",סוכות,19.99,4,79.96,39.98,3,59.97,-39.98
UK66996,"תיק לאתרוג פיו 11X19 ס""מ גוון שחור",סוכות,69.99,2,139.98,139.98,1,69.99,0
UK82523,"בית מגילה אשכנזי עץ + אקריליק עם פלקטה עבור קלף 50 ס""מ",פורים,199.99,1,199.99,399.98,0,0,199.99
UK18310,"כיפה פריק לבן עם פאות ""נחמן מאומן"" 24 ס""מ",פורים,9.99,6,59.94,19.98,5,49.95,-39.959999999999994
UK82519,"מגילת אסתר ספרדי קוטר 9 ס""מ עץ עם פלקטה פיו עבור קלף 31 ס""מ",פורים,199.99,1,199.99,399.98,0,0,199.99
UK82202,"מגילת אסתר ספרדי קוטר 9 ס""מ עץ + פיו קווים עם פלקטה 31 ס""מ",פורים,199.99,1,199.99,399.98,0,0,199.99
UK11903,"כיפה פריק ירוק עם פאות ""נחמן מאומן"" 24 ס""מ",פורים,9.99,6,59.94,19.98,5,49.95,-39.959999999999994
UK82208,"תיק למגילת אסתר פיו שחור 52.5 ס""מ",פורים,139.99,2,279.98,279.98,1,139.99,0
UK82520,"מגילת אסתר ספרדי קוטר 9 ס""מ עץ עם פלקטה פיו עבור קלף 31 ס""מ",פורים,199.99,1,199.99,399.98,0,0,199.99
UK42844,"מגילה אסתר כריכה קשה 22x30 ס""מ",פורים,29.99,5,149.95,59.98,4,119.96,-89.97
UK67194,"תיק למגילת אסתר פיו עם אותיות בולטות עבור קלף 39 ס""מ",פורים,139.99,1,139.99,279.98,0,0,139.99
UK82525,"בית מגילה אשכנזי עץ + קוטר 9 ס""מ אקריליק עם פלקטה עבור קלף 25 ס""מ",פורים,199.99,1,199.99,399.98,0,0,199.99
UK60611,"כיסוי פסח מהודר דמוי עור 45 ס""מ אריזת פיויסי",פסח,74.99,2,149.98,149.98,1,74.99,0
UK44282,"קופסת פח למצות דגם אפור פסים 20.5X19 ס""מ",פסח,17.99,20,359.79999999999995,35.98,19,341.80999999999995,-323.81999999999994
UK42817,"צלחת פסח מזכוכית וקריסטל מהודרת 40 ס""מ",פסח,89.99,1,89.99,179.98,0,0,89.99
UK67602,"כיסוי פסח מהודר דמוי עור 45 ס""מ אריזת פיויסי",פסח,99.99,2,199.98,199.98,1,99.99,0
UK65393,"כיסוי פסח מהודר דמוי עור 45 ס""מ אריזת פיויסי",פסח,89.99,2,179.98,179.98,1,89.99,0
UK62422,"כיסוי פסח סטן עם רקמה 47 ס""מ אריזת צלופן",פסח,11.99,5,59.95,23.98,4,47.96,-35.97
UK60627,"כיסוי פסח מהודר דמוי עור 45 ס""מ אריזת פיויסי",פסח,79.99,2,159.98,159.98,1,79.99,0
UK42939,"כלי למצה מאקריליק ""אותיות בולטות"" 21x23 ס""מ",פסח,54.99,2,109.98,109.98,1,54.99,0
UK82955,"כלי למצה מהודר מאקריליק כיתוב כסף 22x26 ס""מ",פסח,89.99,2,179.98,179.98,1,89.99,0
UK67327,"סט פסח מהודר דמוי עור 4 חלקים, מכיל כיסוי פסח, כיסוי אפיקומן כרית הסבה ומגבת אריזת פיויסי",פסח,449.99,1,449.99,899.98,0,0,449.99
UK67326,"סט פסח מהודר דמוי עור 4 חלקים, מכיל כיסוי פסח, כיסוי אפיקומן כרית הסבה ומגבת אריזת פיויסי",פסח,449.99,1,449.99,899.98,0,0,449.99
UK67350,סט פסח מהודר לבן מסטן 2 חלקים כיסוי פסח ואפיקומן אריזת צלופן,פסח,21.99,5,109.94999999999999,43.98,4,87.96,-65.97
UK82892,"כלי למצה מאקריליק מהודר 22x26 ס""מ",פסח,99.99,2,199.98,199.98,1,99.99,0
UK60896,סט פסח מפואר 4 חלקים כיסוי פסח+אפיקומן+הסבה ומגבת אריזת פיויסי,פסח,449.99,1,449.99,899.98,0,0,449.99
UK66782,"כיסוי פסח סטן עם רקמה 47 ס""מ אריזת צלופן",פסח,11.99,5,59.95,23.98,4,47.96,-35.97
UK67807,"כיסוי פסח מהודר דמוי עור עם רקמה זהב 45 ס""מ",פסח,79.99,2,159.98,159.98,1,79.99,0
UK63837,סט פסח מהודר דמוי עור 2 חלקים כיסוי פסח+אפיקומן אריזת פיויסי,פסח,129.99,2,259.98,259.98,1,129.99,0
UK80961,"הגדה מהודרת דמוי עור 30 ס""מ",פסח,49.99,4,199.96,99.98,3,149.97,-99.98
UK42970,"הגדה לפסח כריכה קשה 22x30 ס""מ",פסח,16.99,5,84.94999999999999,33.98,4,67.96,-50.96999999999999
UK60626,"כיסוי פסח מהודר דמוי עור 45 ס""מ אריזת פיויסי",פסח,79.99,2,159.98,159.98,1,79.99,0
UK60622,"כרית הסבה מהודרת דמוי עור עם רקמה 50X72 ס""מ אריזת פיויסי",פסח,119.99,2,239.98,239.98,1,119.99,0
UK60607,"כיסוי פסח מהודר דמוי עור 45 ס""מ אריזת פיויסי",פסח,74.99,2,149.98,149.98,1,74.99,0
UK46885,"קערת זכוכית מהודרת לפסח עם פלקטה 40 ס""מ",פסח,69.99,2,139.98,139.98,1,69.99,0
UK67610,"כיסוי פסח מהודר דמוי עור 45 ס""מ אריזת פיויסי",פסח,69.99,2,139.98,139.98,1,69.99,0
UK63208,כיסוי פסח ואפיקומן סטן עם רקמה אריזת פיויסי,פסח,49.99,2,99.98,99.98,1,49.99,0
UK66343,"כרית הסבה מהודרת מברוקט עם כרית מילוי 40X54 ס""מ אריזת פיויסי",פסח,49.99,2,99.98,99.98,1,49.99,0
UK67607,"כיסוי אפיקומן מהודר דמוי עור 33 ס""מ אריזת פיויסי",פסח,49.99,2,99.98,99.98,1,49.99,0
UK49899,"הגדה לפסח כריכה קשה 22X30 ס""מ",פסח,14.99,5,74.95,29.98,4,59.96,-44.97
UK81188,"כלי למצה מאקריליק שקוף עם נצנצים 21x23 ס""מ",פסח,54.99,2,109.98,109.98,1,54.99,0
UK49172,"שופר גודל 5 40-45 ס""מ",ראש השנה,129.99,1,129.99,259.98,0,0,129.99
UK65782,"תיק מהודר לשופר דמוי עור וקטיפה 21X41 ס""מ",ראש השנה,54.99,2,109.98,109.98,1,54.99,0
UK48645,כלי מהודר לדבש עם כפית מאלומיניום בצורת תפוח 12x9,ראש השנה,59.99,2,119.98,119.98,1,59.99,0
UK81498,"צלחת עגולה מהודרת לראש השנה מזכוכית וקריסטל 40 ס""מ",ראש השנה,119.99,1,119.99,239.98,0,0,119.99
UK41354,"כלי לדבש אקריליק גימור זהב 8.5 ס""מ",ראש השנה,24.99,2,49.98,49.98,1,24.99,0
UK87857,ברכון פרספקס לראש השנה 22X13 סמ,ראש השנה,14.99,6,89.94,29.98,5,74.95,-59.959999999999994
UK41266,"כלי לדבש פיליגרין ""עיטורים"" גימור זהב 10 ס""מ",ראש השנה,16.99,4,67.96,33.98,3,50.97,-33.98
UK66999,"תיק לשופר מהודר דמוי עור עם רקמה 20X42 ס""מ",ראש השנה,54.99,2,109.98,109.98,1,54.99,0
UK48047,רימון מהודר מאלומיניום אמייל בורדו עם כתר זהב 12X1,ראש השנה,49.99,2,99.98,99.98,1,49.99,0
UK81538,"כלי לדבש מלמין ""שנה טובה"" - 6.5 ס""מ",ראש השנה,10.99,6,65.94,21.98,5,54.95,-43.959999999999994
UK53303,"רימון מהודר מאלומיניום אמייל בורדו 14X13 ס""מ",ראש השנה,64.99,1,64.99,129.98,0,0,64.99
UK51783,"רימון מהודר מאלומיניום אמייל בורדו 10X8 ס""מ",ראש השנה,34.99,2,69.98,69.98,1,34.99,0
UK49171,"שופר גודל 4 35-40 ס""מ",ראש השנה,89.99,1,89.99,179.98,0,0,89.99
UK49035,"סט להגשת תפוח בדבש זכוכית בלתי שבירה 19 ס""מ",ראש השנה,16.99,4,67.96,33.98,3,50.97,-33.98
UK49023,"סט להגשת תפוח בדבש זכוכית בלתי שבירה 19 ס""מ",ראש השנה,16.99,4,67.96,33.98,3,50.97,-33.98
UK41349,"צלחת מהודרת לראש השנה זכוכית וקריסטל 40 ס""מ",ראש השנה,89.99,1,89.99,179.98,0,0,89.99
UK46372,"זוג בתי תפילין ""מופת"" פלסטיק כסוף עם פלקטה - מידה 32",בתי תפילין ומראות,26.99,5,134.95,53.98,4,107.96,-80.97
UK44476,"סטנד 18 יח מראה דמוי עור ""רבות בנות"" 10.5X8.5 ס""מ",בתי תפילין ומראות,11.99,18,215.82,23.98,17,203.83,-191.84
UK47237,"זוג בתי תפילין ""מופת"" פלסטיק כסוף עם פלקטה - מידה 32",בתי תפילין ומראות,26.99,5,134.95,53.98,4,107.96,-80.97
UK47241,"זוג בתי תפילין ""מופת"" פלסטיק כסוף עם פלקטה - מידה 36",בתי תפילין ומראות,26.99,5,134.95,53.98,4,107.96,-80.97
UK67697,"תיק מפואר לטלית דמוי עור ""יברכך"" 31X38 ס""מ",תיקי טלית,109.99,2,219.98,219.98,1,109.99,0
UK66529,תיק מפואר לטלית דמוי עור אפור אותיות בולטות,תיקי טלית,109.99,2,219.98,219.98,1,109.99,0
UK67723,"תיק מפואר לטלית תפילין עם ידית 31X41 ס""מ",תיקי טלית,99.99,1,99.99,199.98,0,0,99.99
UK67722,"תיק מפואר לטלית תפילין עם ידית 31X41 ס""מ",תיקי טלית,119.99,2,239.98,239.98,1,119.99,0
UK66248,"תיק מפואר לטלית דמוי עור שחור אותיות בולטות ""ויברכ",תיקי טלית,109.99,2,219.98,219.98,1,109.99,0
UK67681,"תיק מפואר לטלית פשתן ודמוי עור עם ריקמה 31X38 ס""מ",תיקי טלית,99.99,2,199.98,199.98,1,99.99,0
UK67859,"תיק מפואר לטלית דמוי עור אותיות בולטות ""יברכך"" כסף 36x29 ס""מ",תיקי טלית,109.99,2,219.98,219.98,1,109.99,0
UK67260,"תיק טלית גדול גוון שחור פיו מפואר אותיות בולטות ""כתר"" 43X36 ס""מ",תיקי טלית,119.99,2,239.98,239.98,1,119.99,0
UK67618,"תיק מפואר לטלית דמוי ""פשתן"" 31X38 ס""מ",תיקי טלית,99.99,2,199.98,199.98,1,99.99,0
UK66379,"תיק טלית גדול גוון שחור פיו מפואר אותיות בולטות ""כתר",תיקי טלית,109.99,2,219.98,219.98,1,109.99,0
UK67261,"תיק טלית קטן גוון שחור פיו מפואר אותיות בולטות ""כתר"" 23X36 ס""מ",תיקי טלית,109.99,2,219.98,219.98,1,109.99,0
UK67701,"תיק מפואר לטלית דמוי פשתן ""יברכך"" 31X38 ס""מ",תיקי טלית,99.99,2,199.98,199.98,1,99.99,0
UK67362,"תיק מפואר לטלית דמוי עור עם ריקמה 31X38 ס""מ",תיקי טלית,69.99,2,139.98,139.98,1,69.99,0
UK60248,"תיק טלית תפילין מהודר דמוי עור קאמל 38X31 ס""מ",תיקי טלית,89.99,2,179.98,179.98,1,89.99,0
UK65797,"תיק טלית עם שני תפילין גוון שחור פיו עם ידית 45X31 ס""מ",תיקי טלית,109.99,2,219.98,219.98,1,109.99,0
UK66583,"תיק מפואר לטלית תפילין דמוי עור גוון שחור עם הבלטה ""האש שלי"" וידיות 38X31 ס""מ",תיקי טלית,99.99,2,199.98,199.98,1,99.99,0
UK60068,תיק טלית תפילין מהודר דמוי עור אפור ולבן 36X29 ס,תיקי טלית,109.99,2,219.98,219.98,1,109.99,0
UK60458,"תיק מפואר לטלית תפילין דמוי עור לבן ""יברכך"" 38X33 ס""מ",תיקי טלית,109.99,2,219.98,219.98,1,109.99,0
UK67132,"תיק מפואר לטלית דמוי עור ""פשתן"" 31X38 ס""מ",תיקי טלית,,2,,,,,
UK60425,"תיק מפואר לטלית תפילין דמוי עור שחור ""יברכך"" 38X33 ס""מ",תיקי טלית,109.99,2,219.98,219.98,1,109.99,0
UK60313,"תיק מפואר לטלית דמוי עור חום כהה אותיות בולטות ""יברכך"" 38X31 ס""מ",תיקי טלית,109.99,2,219.98,219.98,1,109.99,0
UK67676,"תיק מפואר לטלית דמוי עור עם בולט 31X38 ס""מ",תיקי טלית,,2,,,,,
UK65676,"תיק טלית גוון שחור פיו מפואר עם ידית 36X43 ס""מ",תיקי טלית,99.99,2,199.98,199.98,1,99.99,0
UK60236,"תיק טלית תפילין מהודר דמוי עור קאמל רקמה יברכך 38X31 ס""מ",תיקי טלית,109.99,2,219.98,219.98,1,109.99,0
UK67109,"תיק מפואר לטלית גדול תפילין עם ידית 31X41 ס""מ",תיקי טלית,119.99,2,239.98,239.98,1,119.99,0
UK55053,"ניילון איכותי לתפילין 28X31 ס""מ",מחזיקי טלית עטרות וניילונים,7.99,12,95.88,15.98,11,87.89,-79.89999999999999
UK82310,"קליפס לטלית ניקל עם שרשרת 21 ס""מ",מחזיקי טלית עטרות וניילונים,19.99,2,39.98,39.98,1,19.99,0
UK05954,"קליפס לטלית ניקל מגן דויד 3X3 ס""מ עם שרשרת",מחזיקי טלית עטרות וניילונים,17.99,2,35.98,35.98,1,17.99,0
UK57481,"נילון לטלית 40X35 ס""מ גודל 5",מחזיקי טלית עטרות וניילונים,4.49,12,53.88,8.98,11,49.39,-44.900000000000006
UK54131,קליפס לטלית ניקל לוחות הברית עם שרשרת,מחזיקי טלית עטרות וניילונים,17.99,2,35.98,35.98,1,17.99,0
UK67570,"עטרה לטלית 9x100 ס""מ עם אותיות בולטות",מחזיקי טלית עטרות וניילונים,39.99,2,79.98,79.98,1,39.99,0
UK67674,"מחזיק טלית דמוי עור ""כתר""",מחזיקי טלית עטרות וניילונים,14.99,4,59.96,29.98,3,44.97,-29.98
UK67789,"עטרה לטלית 9x100 ס""מ עם רקמה ""ברוך"" - לבן",מחזיקי טלית עטרות וניילונים,49.99,2,99.98,99.98,1,49.99,0
UK60421,"עטרה לטלית 9x100 ס""מ עם רקמה ""יברכך"" - לבן",מחזיקי טלית עטרות וניילונים,49.99,2,99.98,99.98,1,49.99,0
UK35994,"קליפס לטלית גימור זהב עם שרשרת 9 ס""מ",מחזיקי טלית עטרות וניילונים,19.99,2,39.98,39.98,1,19.99,0
UK82312,"קליפס לטלית ניקל עם שרשרת 21 ס""מ",מחזיקי טלית עטרות וניילונים,19.99,2,39.98,39.98,1,19.99,0
UK55055,"ניילון איכותי לטלית גודל 5 41X36 ס""מ",מחזיקי טלית עטרות וניילונים,8.99,12,107.88,17.98,11,98.89,-89.89999999999999
UK66564,"טלית ""מופת"" חתנים גודל 60 - 185x140 ס""מ פסים כסף עם עטרה פיו",טליתות,119.99,1,119.99,239.98,0,0,119.99
UK66561,"טלית ""מופת"" חתנים גודל 60 - 185x140 ס""מ פסים כסף ריקמה כתר",טליתות,119.99,1,119.99,239.98,0,0,119.99
UK66565,"טלית ""מופת"" חתנים גודל 70 - 185x150 ס""מ פסים כסף עם עטרה פיו",טליתות,119.99,1,119.99,239.98,0,0,119.99
UK67578,"סט טלית תפילין בד קטיפה משי 36X29 ס""מ",סטים טלית ותפילין,54.99,2,109.98,109.98,1,54.99,0
UK67364,"סט טלית תפילין דמוי עור 36X29 ס""מ",סטים טלית ותפילין,,2,,,,,
UK66525,"תיק טלית דמוי עור שחור 36X29 ס""מ",סטים טלית ותפילין,32.99,2,65.98,65.98,1,32.99,0
UK67587,"סט טלית תפילין בד דמוי פשתן ""יברכך"" 36X29 ס""מ",סטים טלית ותפילין,,2,,,,,
UK67081,"סט טלית תפילין דמוי עור ""כותל"" עם הבלטה ""טלית"" 36X29 ס""מ",סטים טלית ותפילין,,2,,,,,
UK67922,"סט טלית תפילין דמוי עור יברכך 36X29 ס""מ",סטים טלית ותפילין,,2,,,,,
UK65457,"סט טלית תפילין קטיפה כחול בהיר עם ריקמה 36X29 ס""מ",סטים טלית ותפילין,34.99,2,69.98,69.98,1,34.99,0
UK66251,"סט טלית תפילין דמוי עור לבן אותיות בולטות ""ויברכך""",סטים טלית ותפילין,,2,,,,,
UK67927,"סט טלית תפילין האש שלי 36X29 ס""מ",סטים טלית ותפילין,,2,,,,,
UK66528,סט טלית תפילין דמוי עור צבע בטון אותיות בולטות,סטים טלית ותפילין,,2,,,,,
UK60044,סט טלית תפילין רקמה בולטת,סטים טלית ותפילין,,2,,,,,
UK60258,"סט טלית תפילין מהודר דמוי עור קרם 36X29 ס""מ",סטים טלית ותפילין,,2,,,,,
UK67557,"סט טלית תפילין פשתן 36X29 ס""מ",סטים טלית ותפילין,59.99,2,119.98,119.98,1,59.99,0
UK67908,סט טלית תפילין פיו כותל בטון אותיות בולטות כסף,סטים טלית ותפילין,,2,,,,,
UK67508,"סט טלית תפילין דמוי עור עם ריקמה 36X29 ס""מ",סטים טלית ותפילין,,2,,,,,
UK67506,"סט טלית תפילין דמוי עור עם ריקמה 36X29 ס""מ",סטים טלית ותפילין,,2,,,,,
UK65654,"תיק טלית דמוי עור 36X29 ס""מ",סטים טלית ותפילין,32.99,2,65.98,65.98,1,32.99,0
UK67921,"סט טלית תפילין דמוי עור יברכך 36X29 ס""מ",סטים טלית ותפילין,,2,,,,,
UK61014,"סט טלית תפילין דמוי עור כחול כהה עם ריקמה 36x34 ס""מ",סטים טלית ותפילין,,2,,,,,
UK60451,"סט טלית תפילין קטיפה כחול כהה עם ריקמה 35.6X35.6 ס""מ",סטים טלית ותפילין,,2,,,,,
UK60504,נרתיק קלאצ' האש שלי פיו בטון 26.5X20.5סמ,סטים טלית ותפילין,36.99,2,73.98,73.98,1,36.99,0
UK66726,"סט טלית תפילין דמוי עור אפור אותיות בולטות ""שיויתי"" כסף 36X29 ס""מ",סטים טלית ותפילין,,2,,,,,
UK67907,סט טלית תפילין פיו כותל שחור אותיות בולטות זהב,סטים טלית ותפילין,,2,,,,,
UK67504,"סט טלית תפילין פשתן 36X29 ס""מ",סטים טלית ותפילין,59.99,2,119.98,119.98,1,59.99,0
UK66666,"סט טלית תפילין דמוי עור שחור אותיות בולטות ""ירושלי",סטים טלית ותפילין,,2,,,,,
UK66245,"סט טלית תפילין דמוי עור שחור אותיות בולטות ""ויב",סטים טלית ותפילין,,2,,,,,
UK66922,"סט טלית תפילין דמוי עור שחור אותיות בולטות ""יברכך"" כסף 31X38 ס""מ",סטים טלית ותפילין,,2,,,,,
UK60453,"תיק טלית קטיפה שחור עם ריקמה 31.7X29.2 ס""מ",סטים טלית ותפילין,,2,,,,,
UK67229,"סט טלית תפילין דמוי עור ""יברכך"" 36x29 ס""מ",סטים טלית ותפילין,,2,,,,,
UK60179,"סט טלית תפילין מהודר דמוי עור 36X29 ס""מ",סטים טלית ותפילין,,2,,,,,
UK66247,"סט טלית תפילין דמוי עור שחור אותיות בולטות ""כתר"" כסף 36X29 ס""מ",סטים טלית ותפילין,,2,,,,,
UK67562,"סט טלית תפילין ועטרה פשתן 36X29 ס""מ",סטים טלית ותפילין,,2,,,,,
UK67596,"סט טלית תפילין דמוי עור 36X29 ס""מ",סטים טלית ותפילין,,2,,,,,
UK67472,"סט טלית תפילין בד קטיפה משי ""יברכך"" 36X29 ס""מ",סטים טלית ותפילין,,2,,,,,
UK67925,"סט טלית תפילין דמוי עור יברכך 36X29 ס""מ",סטים טלית ותפילין,,2,,,,,
UK66257,"סט טלית תפילין דמוי עור שחור אותיות בולטות ""ויברכך"" זהב 36X29 ס""מ",סטים טלית ותפילין,,2,,,,,
UK67592,"סט טלית תפילין ועטרה קטיפה ""יברכך"" 36X29 ס""מ",סטים טלית ותפילין,,2,,,,,
UK60510,סט טלית תפילין פיו אותיות בולטות יברכך לבן,סטים טלית ותפילין,,2,,,,,
UK67583,"סט טלית תפילין בד דמוי פשתן ""יברכך"" 36X29 ס""מ",סטים טלית ותפילין,,2,,,,,
UK67525,"סט טלית תפילין דמוי עור חום כהה אותיות בולטות ""יברכך"" 29x36 ס""מ",סטים טלית ותפילין,,2,,,,,
UK66909,"סט טלית תפילין דמוי עור אותיות בולטות ""יברכך"" כסף 31X38 ס""מ",סטים טלית ותפילין,,2,,,,,
UK60503,נרתיק קלאצ' האש שלי פיו שחור 26.5X20.5סמ,סטים טלית ותפילין,36.99,2,73.98,73.98,1,36.99,0
UK60139,סט טלית תפילין ארוג אפור בהיר רקמה יברכך,סטים טלית ותפילין,59.99,2,119.98,119.98,1,59.99,0
UK66668,"סט טלית תפילין דמוי עור שחור אותיות בולטות ""ויברכך"" כסף 36x29 ס""מ",סטים טלית ותפילין,,2,,,,,
UK67210,"סט טלית תפילין דמוי עור יברכך 36X29 ס""מ",סטים טלית ותפילין,,2,,,,,
UK67581,"סט טלית תפילין בד קטיפה משי 36X29 ס""מ",סטים טלית ותפילין,54.99,2,109.98,109.98,1,54.99,0
UK67191,"סט טלית תפילין דמוי עור לבן עם הבלטה זהב ""בבא סאלי",סטים טלית ותפילין,59.99,2,119.98,119.98,1,59.99,0
UK87618,"ספר 20 ס""מ ""ראשית מצוות הסידור הראשון שלי"" -",ילדים,8.99,10,89.9,17.98,9,80.91,-71.92
UK60307,סט חלאקה פשתן בז יברכך + עטרה,ילדים,89.99,2,179.98,179.98,1,89.99,0
UK46403,"ספר ""ראשית מצוות הסידור הראשון שלי"" - בת 15x15 ס""מ",ילדים,19.99,6,119.94,39.98,5,99.94999999999999,-79.96000000000001
UK66753,סט החלאקה שלי - מכיל נרתיק לתלתל ומספריים,ילדים,49.99,2,99.98,99.98,1,49.99,0
UK58623,"פאזל עץ תלת מימד ""בית מקדש"" זהב 26x15x10 ס""מ",ילדים,26.99,4,107.96,53.98,3,80.97,-53.98
UK80791,"פאזל 48 חלקים לילדים ""חגי ישראל"" 38X28 ס""מ",ילדים,14.99,2,29.98,29.98,1,14.99,0
UK67146,"כרית מהודרת לברית דמוי עור עם אותיות בולטות 70x45 ס""מ",כריות לברית,159.99,2,319.98,319.98,1,159.99,0
UK60336,"כרית מהודרת לברית דמוי עור עם אותיות בולטות 74X50 ס""מ",כריות לברית,159.99,2,319.98,319.98,1,159.99,0
UK69647,"שמלה לבנה מהודרת לתינוק לברית עם דנטלים, ריקמה",כריות לברית,69.99,2,139.98,139.98,1,69.99,0
UK45791,"כרית מהודרת לברית דמוי עור ""בבא סאליי"" עם אותיות ב",כריות לברית,159.99,2,319.98,319.98,1,159.99,0
UK16362,"כיפה סרוגה 15 ס""מ שחור מסביב פס אפור",כיפות סרוגות,4.99,12,59.88,9.98,11,54.89,-49.900000000000006
UK16353,"כיפה סרוגה 17 ס""מ לבן מחורר",כיפות סרוגות,4.99,12,59.88,9.98,11,54.89,-49.900000000000006
UK11220,"כיפה סרוגה 19 ס""מ שחור מחורר - 12 יח",כיפות סרוגות,5.99,12,71.88,11.98,11,65.89,-59.89999999999999
UK17215,"כיפה סרוגה 16 ס""מ לבן מסביב פס כחול כהה ולבן",כיפות סרוגות,4.99,12,59.88,9.98,11,54.89,-49.900000000000006
UK11235,"כיפה סרוגה דגמים מעורבים - רקע כחול - 18 ס""מ - 24 יח",כיפות סרוגות,5.99,24,143.76,11.98,23,137.77,-131.78
UK16358,"כיפה סרוגה 15 ס""מ שחור מסביב פס זהב",כיפות סרוגות,4.99,12,59.88,9.98,11,54.89,-49.900000000000006
UK17221,"כיפה סרוגה 16 ס""מ שחור מסביב שני פסים שחור וירוק",כיפות סרוגות,4.99,12,59.88,9.98,11,54.89,-49.900000000000006
UK17213,"כיפה סרוגה 16 ס""מ לבנה מסביב שני פסים שחור ותכלת",כיפות סרוגות,4.99,12,59.88,9.98,11,54.89,-49.900000000000006
UK17234,"כיפה סרוגה 16 ס""מ בצבע כחול כהה מסביב פסים בכחול",כיפות סרוגות,4.99,12,59.88,9.98,11,54.89,-49.900000000000006
UK11109,"כיפה סרוגה 18 ס""מ לבן חלק - 12 יח",כיפות סרוגות,5.99,12,71.88,11.98,11,65.89,-59.89999999999999
UK16355,"כיפה סרוגה 17 ס""מ שחור מחורר",כיפות סרוגות,4.99,12,59.88,9.98,11,54.89,-49.900000000000006
UK11231,"כיפה סרוגה דגמים מעורבים - רקע שחור - 18 ס""מ - 24 יח",כיפות סרוגות,5.99,24,143.76,11.98,23,137.77,-131.78
UK11228,"כיפה סרוגה דגמים מעורבים - רקע לבן - 16 ס""מ - 24 יח",כיפות סרוגות,5.49,24,131.76,10.98,23,126.27000000000001,-120.77999999999999
UK10337,"כיפה טרילין גודל 4 עם אותיות בולטות זהב ""יחי אדוננו..""",כיפות סאטן וטרילין,21.99,6,131.94,43.98,5,109.94999999999999,-87.96000000000001
UK17158,"כיפה סטן לבן 19 ס""מ עם עיטור ריקמה",כיפות סאטן וטרילין,2.99,24,71.76,5.98,23,68.77000000000001,-65.78
UK00341,"כיפה סטן לבן ""עיטורים""16 ס""מ",כיפות סאטן וטרילין,2.99,24,71.76,5.98,23,68.77000000000001,-65.78
UK11885,"כיפה טרלין גודל 22 סמ רקמה ""יחי אדוננו..""",כיפות סאטן וטרילין,9.99,6,59.94,19.98,5,49.95,-39.959999999999994
UK00381,כיפה סטן כ. כהה 19,כיפות סאטן וטרילין,1.39,24,33.36,2.78,23,31.97,-30.58
UK00321,"כיפה סטן לבן פס כסף מהודר 20 ס""מ",כיפות סאטן וטרילין,1.69,24,40.56,3.38,23,38.87,-37.18
UK19315,"כיפה טרילין ""ארט מן"" גודל 6 רקמה ""יחי אדוננו..""",כיפות סאטן וטרילין,21.99,6,131.94,43.98,5,109.94999999999999,-87.96000000000001
UK18564,"כיפה סטן 20 ס""מ לבן",כיפות סאטן וטרילין,1.39,48,66.72,2.78,47,65.33,-63.94
UK15467,"כיפה טרילין ""ארט מן"" שחור גודל 8 - 6 חלקים",כיפות סאטן וטרילין,9.99,6,59.94,19.98,5,49.95,-39.959999999999994
UK19313,"כיפה טרילין ""ארט מן"" גודל 4 רקמה ""יחי אדוננו..""",כיפות סאטן וטרילין,21.99,6,131.94,43.98,5,109.94999999999999,-87.96000000000001
UK19857,"כיפת קטיפה שחורה 1/4 משובץ גודל 3 - 19 ס""מ",כיפות קטיפה,2.99,6,17.94,5.98,5,14.950000000000001,-11.96
UK17521,"כיפה קטיפה ""ארט מן"" עם ריקמה אותיות גודל 4 - כחול כהה",כיפות קטיפה,13.99,6,83.94,27.98,5,69.95,-55.959999999999994
UK10280,"כיפה קטיפה ""ארט-מן"" עם ריקמה רבי מאיר גודל 3 - ורוד",כיפות קטיפה,17.99,6,107.94,35.98,5,89.94999999999999,-71.96000000000001
UK10004,כיפה קטיפה עם ריקמה מגן דוד גודל 4 - אופוויט,כיפות קטיפה,17.99,6,107.94,35.98,5,89.94999999999999,-71.96000000000001
UK10245,"כיפה קטיפה ""ארט-מן"" עם ריקמה יחי אדוננו גודל 3 - כחול כהה",כיפות קטיפה,17.99,6,107.94,35.98,5,89.94999999999999,-71.96000000000001
UK14951,"כיפה קטיפה ""ארט-מן"" עם ריקמה מגן דוד גודל 4 - כחול כהה",כיפות קטיפה,17.99,6,107.94,35.98,5,89.94999999999999,-71.96000000000001
UK10093,כיפה ארטמן קטיפה ה יתברך אוהב אפור כלשהו עם רקמה אפורה גודל 4,כיפות קטיפה,17.99,6,107.94,35.98,5,89.94999999999999,-71.96000000000001
UK11297,"כיפה קטיפה ""ארט-מן"" עם אותיות בולטות רבי מאיר גודל 4 - שחור",כיפות קטיפה,19.99,6,119.94,39.98,5,99.94999999999999,-79.96000000000001
UK16264,"כיפת קטיפה שחורה 1/4 בד מהודר גודל 3 - 19 ס""מ",כיפות קטיפה,2.99,5,14.950000000000001,5.98,4,11.96,-8.97
UK11310,"כיפה קטיפה ""ארט-מן"" עם אותיות בולטות הרב יורם אברגל גודל 4 - שחור",כיפות קטיפה,19.99,6,119.94,39.98,5,99.94999999999999,-79.96000000000001
UK10282,"כיפה קטיפה ""ארט-מן"" עם ריקמה רבי מאיר גודל 3 - זהב",כיפות קטיפה,17.99,6,107.94,35.98,5,89.94999999999999,-71.96000000000001
UK15518,"כיפה קטיפה ""ארט מן"" עם ריקמה אותיות גודל 4 - אופוויט",כיפות קטיפה,13.99,6,83.94,27.98,5,69.95,-55.959999999999994
UK19027,"כיפה קטיפה ארטמן כחולה 4 חלקים עם סרט 19 ס""מ",כיפות קטיפה,9.99,6,59.94,19.98,5,49.95,-39.959999999999994
UK19028,"כיפה קטיפה ארטמן כחולה 4 חלקים עם סרט 20 ס""מ",כיפות קטיפה,9.99,6,59.94,19.98,5,49.95,-39.959999999999994
UK19393,"כיפה קטיפה ""ארט-מן"" עם ריקמה יברכך גודל 4 - כחול",כיפות קטיפה,17.99,6,107.94,35.98,5,89.94999999999999,-71.96000000000001
UK18933,"כיפה קטיפה ארטמן שחורה 4 חלקים עם סרט 17 ס""מ",כיפות קטיפה,11.99,6,71.94,23.98,5,59.95,-47.959999999999994
UK19097,כיפה קטיפה ארטמן כחולה 4 חלקים עם סרט גודל 5,כיפות קטיפה,9.99,6,59.94,19.98,5,49.95,-39.959999999999994
UK19095,כיפה קטיפה ארטמן כחולה 4 חלקים עם סרט גודל 3,כיפות קטיפה,9.99,6,59.94,19.98,5,49.95,-39.959999999999994
UK19109,"כיפה קטיפה ""ארט-מן"" כחולה 6 חלקים עם סרט גודל 5",כיפות קטיפה,11.99,6,71.94,23.98,5,59.95,-47.959999999999994
UK10046,כיפה ארטמן קטיפה נחמן אפור עם רקמה חול בהיר גודל 4,כיפות קטיפה,17.99,6,107.94,35.98,5,89.94999999999999,-71.96000000000001
UK10281,"כיפה קטיפה ""ארט-מן"" עם ריקמה רבי מאיר גודל 3 - חום כהה",כיפות קטיפה,17.99,6,107.94,35.98,5,89.94999999999999,-71.96000000000001
UK18937,"כיפה קטיפה ארטמן שחורה 4 חלקים עם סרט 21 ס""מ",כיפות קטיפה,11.99,6,71.94,23.98,5,59.95,-47.959999999999994
UK10436,"כיפה קטיפה ""ארט-מן"" עם אותיות בולטות כסף ""יחי אדוננו..""גודל 4 - אפור כהה",כיפות קטיפה,21.99,6,131.94,43.98,5,109.94999999999999,-87.96000000000001
UK10088,כיפה ארטמן קטיפה ה יתברך אוהב כחולה כהה עם רקמה כסף גודל 4,כיפות קטיפה,17.99,6,107.94,35.98,5,89.94999999999999,-71.96000000000001
UK10193,"כיפה קטיפה ""ארט-מן"" עם ריקמה בבא סאלי גודל 4 - לבן",כיפות קטיפה,17.99,6,107.94,35.98,5,89.94999999999999,-71.96000000000001
UK10038,כיפה ארטמן קטיפה נחמן בז עם רקמה כסף גודל 4,כיפות קטיפה,17.99,6,107.94,35.98,5,89.94999999999999,-71.96000000000001
UK10039,כיפה ארטמן קטיפה נחמן אפור עם רקמה כסף גודל 4,כיפות קטיפה,17.99,6,107.94,35.98,5,89.94999999999999,-71.96000000000001
UK19396,"כיפה קטיפה ""ארט-מן"" עם ריקמה יברכך גודל 4 - ירו",כיפות קטיפה,17.99,6,107.94,35.98,5,89.94999999999999,-71.96000000000001
UK10060,כיפה ארטמן קטיפה נחמן כחולה עם רקמה כסף גודל 4,כיפות קטיפה,17.99,6,107.94,35.98,5,89.94999999999999,-71.96000000000001
UK10209,"כיפה קטיפה ""ארט-מן"" עם ריקמה האש שלי גודל 3 - אפור בהיר",כיפות קטיפה,17.99,6,107.94,35.98,5,89.94999999999999,-71.96000000000001
UK15633,(כמו 16412) כיפה קטיפה פלוש שחורה 6 חלקים גו,כיפות קטיפה,6.99,12,83.88,13.98,11,76.89,-69.89999999999999
UK15635,"כיפה קטיפה פלוש שחורה 6 חלקים גודל 5 21 ס""מ עם סרט",כיפות קטיפה,6.99,12,83.88,13.98,11,76.89,-69.89999999999999
UK10516,"כיפה קטיפה ""ארט-מן"" עם אותיות בולטות זהב ""יברכך"" גודל 4 - שחור",כיפות קטיפה,19.99,6,119.94,39.98,5,99.94999999999999,-79.96000000000001
UK14953,"כיפה קטיפה ""ארט-מן"" 17 ס""מ - אופוויט",כיפות קטיפה,11.99,6,71.94,23.98,5,59.95,-47.959999999999994
UK19306,"כיפה קטיפה ""ארט-מן"" עם ריקמה האש שלי גודל 4 - אפ",כיפות קטיפה,17.99,6,107.94,35.98,5,89.94999999999999,-71.96000000000001
UK10082,כיפה ארטמן קטיפה ה יתברך אוהב אפור עם רקמה כסף גודל 4,כיפות קטיפה,17.99,6,107.94,35.98,5,89.94999999999999,-71.96000000000001
UK10296,כיפה ארטמן קטיפה כחול כהה רקמה שמע ישראל גודל 3,כיפות קטיפה,17.99,6,107.94,35.98,5,89.94999999999999,-71.96000000000001
UK19092,כיפה קטיפה ארטמן שחורה 4 חלקים עם סרט גודל 6,כיפות קטיפה,11.99,6,71.94,23.98,5,59.95,-47.959999999999994
UK16180,"כיפת קטיפה שחורה 1/4 נצנץ כסף גודל 4 - 20 ס""מ",כיפות קטיפה,2.99,6,17.94,5.98,5,14.950000000000001,-11.96
UK17520,"כיפה קטיפה ""ארט מן"" עם ריקמה אותיות גודל 3 - כחול כהה",כיפות קטיפה,13.99,6,83.94,27.98,5,69.95,-55.959999999999994
UK14943,"כיפה קטיפה ""ארט-מן"" עם ריקמה בבא סאלי גודל 4 - פ",כיפות קטיפה,17.99,6,107.94,35.98,5,89.94999999999999,-71.96000000000001
UK15211,"כיפה קטיפה ""ארט-מן"" 17 ס""מ - כחול כהה",כיפות קטיפה,11.99,6,71.94,23.98,5,59.95,-47.959999999999994
UK18988,"כיפה סרוגה 16 ס""מ שחורה עם ריקמה ""נחמן מאומן"" כסף",כיפות סרוגות עם רקמה,7.99,12,95.88,15.98,11,87.89,-79.89999999999999
UK19247,"כיפה סרוגה 16 ס""מ לבנה עם ריקמה ""יחי אדוננו"" זהב",כיפות סרוגות עם רקמה,7.99,12,95.88,15.98,11,87.89,-79.89999999999999
UK18254,"כיפה סרוגה 16 ס""מ כחול עם רקמה כסף מגן דוד",כיפות סרוגות עם רקמה,6.49,12,77.88,12.98,11,71.39,-64.89999999999999
UK16304,"כיפה סרוגה 16 ס""מ שחור עם ריקמה מגן דוד כסף",כיפות סרוגות עם רקמה,6.49,12,77.88,12.98,11,71.39,-64.89999999999999
UK16672,"כיפה סרוגה 16 ס""מ לבן עם ריקמה ""שמע ישראל"" כסף",כיפות סרוגות עם רקמה,6.49,12,77.88,12.98,11,71.39,-64.89999999999999
UK15084,"כיפה סרוגה רקמה מגן דוד בכסף 16 ס""מ",כיפות סרוגות עם רקמה,6.49,12,77.88,12.98,11,71.39,-64.89999999999999
UK14557,"כיפה בד מהודרת שחור 17 ס""מ",כיפות מיוחדות,2.99,6,17.94,5.98,5,14.950000000000001,-11.96
UK18757,"כיפה קורדרוי ""ארט-מן"" 16 ס""מ שחור",כיפות מיוחדות,9.99,6,59.94,19.98,5,49.95,-39.959999999999994
UK18758,"כיפה קורדרוי ""ארט-מן"" 18 ס""מ שחור",כיפות מיוחדות,9.99,6,59.94,19.98,5,49.95,-39.959999999999994
UK18558,"כיפה בד ""ארט-מן"" 16 ס""מ לבן",כיפות מיוחדות,9.99,6,59.94,19.98,5,49.95,-39.959999999999994
UK16242,"כיפה אולטרא סוויד לבן 19 ס""מ עם כתר ומקום לסיכה",כיפות מיוחדות,7.99,12,95.88,15.98,11,87.89,-79.89999999999999
UK19530,"כיפה אולטרא סוויד אפור כהה 19 ס""מ עם מקום לסיכה",כיפות מיוחדות,7.99,12,95.88,15.98,11,87.89,-79.89999999999999
UK18552,"כיפה בד ארטמן אפור 17 ס""מ",כיפות מיוחדות,9.99,6,59.94,19.98,5,49.95,-39.959999999999994
UK18402,"כיפה בד ""ארט-מן"" 18 ס""מ אפור",כיפות מיוחדות,9.99,6,59.94,19.98,5,49.95,-39.959999999999994
UK15997,"כיפה בד צבעוני 18 ס""מ ""צהל"" רקום",כיפות מיוחדות,6.49,12,77.88,12.98,11,71.39,-64.89999999999999
UK15521,"כיפה בד מהודרת כחול כהה מבריק גודל 3 18 ס""מ",כיפות מיוחדות,2.99,6,17.94,5.98,5,14.950000000000001,-11.96
UK10511,"כיפה בד מהודר עם ריקמה ""ה יתברך"" - גודל 4 - שחור",כיפות מיוחדות,19.99,6,119.94,39.98,5,99.94999999999999,-79.96000000000001
UK19522,"כיפה אולטרא סוויד אופוויט 18 ס""מ עם מקום לסיכה",כיפות מיוחדות,7.99,12,95.88,15.98,11,87.89,-79.89999999999999
UK18399,"כיפה בד ""ארט-מן"" 18 ס""מ חום",כיפות מיוחדות,11.99,6,71.94,23.98,5,59.95,-47.959999999999994
UK16235,"כיפה אולטרא סוויד לבן 19 ס""מ עם כתר ומקום לסיכה",כיפות מיוחדות,7.99,12,95.88,15.98,11,87.89,-79.89999999999999
UK13260,"כיפה מהודרת משי פשתן ורוד 19 ס""מ",כיפות מיוחדות,2.99,6,17.94,5.98,5,14.950000000000001,-11.96
UK18116,"כיפה פשתן עם רקמה 19 ס""מ",כיפות מיוחדות,11.99,6,71.94,23.98,5,59.95,-47.959999999999994
UK17717,"כיפה אולטרא סוויד לבן 19 ס""מ ""האש שלי"" כסף ומקום ל",כיפות מיוחדות,11.99,12,143.88,23.98,11,131.89000000000001,-119.89999999999999
UK18701,"כיפה קורדרוי ""ארט-מן"" 18 ס""מ ירוק",כיפות מיוחדות,9.99,6,59.94,19.98,5,49.95,-39.959999999999994
UK17714,"כיפה אולטרא סוויד אפור 19 ס""מ ""מגן דויד"" כסף ומקום",כיפות מיוחדות,11.99,12,143.88,23.98,11,131.89000000000001,-119.89999999999999
UK16173,"כיפה כחול משי פשתן מהודרת מידה 2 גודל 17.5 ס""מ",כיפות מיוחדות,2.99,6,17.94,5.98,5,14.950000000000001,-11.96
UK19820,"כיפה בד מהודרת גודל 4 - 19 ס""מ",כיפות מיוחדות,2.99,6,17.94,5.98,5,14.950000000000001,-11.96
UK14551,"כיפה מהודרת משי פשתן גווני שחור לבן 17 ס""מ",כיפות מיוחדות,2.99,6,17.94,5.98,5,14.950000000000001,-11.96
UK12976,"כיפה בד מהודרת שחור עם דוגמא 17 ס""מ",כיפות מיוחדות,2.99,6,17.94,5.98,5,14.950000000000001,-11.96
UK15512,"כיפה בד מהודרת שחור מט גודל 2 17.5 ס""מ",כיפות מיוחדות,2.99,6,17.94,5.98,5,14.950000000000001,-11.96
UK18322,כיפה בד ארטמן כחול כהה גודל 2,כיפות מיוחדות,11.99,6,71.94,23.98,5,59.95,-47.959999999999994
UK18258,"כיפה אולטרא סוויד עם אותיות בולטות17 ס""מ",כיפות מיוחדות,9.99,12,119.88,19.98,11,109.89,-99.89999999999999
UK15514,"כיפה בד מהודרת שחור מט גודל 4 19 ס""מ",כיפות מיוחדות,2.99,6,17.94,5.98,5,14.950000000000001,-11.96
UK10329,"כיפה בד מהודרת 17 ס""מ - אפור",כיפות מיוחדות,11.99,6,71.94,23.98,5,59.95,-47.959999999999994
UK10610,"כיפה פשתן שחור 17 ס""מ עם מקום לסיכה",כיפות מיוחדות,2.99,6,17.94,5.98,5,14.950000000000001,-11.96
UK18563,"כיפה בד ""ארט-מן"" 19 ס""מ שחור",כיפות מיוחדות,9.99,6,59.94,19.98,5,49.95,-39.959999999999994
UK17720,"כיפה אולטרא סוויד שחור 19 ס""מ ""האש שלי"" כסף ומקום",כיפות מיוחדות,11.99,12,143.88,23.98,11,131.89000000000001,-119.89999999999999
UK18316,"כיפה בד ארטמן שחור 17 ס""מ",כיפות מיוחדות,11.99,6,71.94,23.98,5,59.95,-47.959999999999994
UK18571,"כיפה בד ארטמן כחול בהיר 19 ס""מ",כיפות מיוחדות,9.99,6,59.94,19.98,5,49.95,-39.959999999999994
UK16096,"כיפה שחור משי פשתן מהודרת מידה 3 גודל 18.5 ס""מ",כיפות מיוחדות,2.99,6,17.94,5.98,5,14.950000000000001,-11.96
UK15520,"כיפה בד מהודרת כחול כהה מבריק גודל 2 17.5 ס""מ",כיפות מיוחדות,2.99,6,17.94,5.98,5,14.950000000000001,-11.96
UK14561,"כיפה בד מהודרת גווני לבן ורוד 17 ס""מ",כיפות מיוחדות,2.99,6,17.94,5.98,5,14.950000000000001,-11.96
UK10504,"כיפה בד מהודר עם ריקמה ""רבי שמעון בר יוחאי"" - גודל 4 - שחור",כיפות מיוחדות,19.99,6,119.94,39.98,5,99.94999999999999,-79.96000000000001
UK18331,כיפה בד ארטמן שחור גודל 6,כיפות מיוחדות,11.99,6,71.94,23.98,5,59.95,-47.959999999999994
UK18778,"כיפה בד ארטמן כחול כהה פסים 19 ס""מ",כיפות מיוחדות,9.99,6,59.94,19.98,5,49.95,-39.959999999999994
UK10478,"כיפה בד מהודר עם ריקמה ""האש שלי"" - גודל 4 - אופוויט",כיפות מיוחדות,19.99,6,119.94,39.98,5,99.94999999999999,-79.96000000000001
UK18697,"כיפה קורדרוי ""ארט-מן"" 16 ס""מ חום",כיפות מיוחדות,11.99,6,71.94,23.98,5,59.95,-47.959999999999994
UK16095,"כיפה שחור משי פשתן מהודרת מידה 2 גודל 17.5 ס""מ",כיפות מיוחדות,2.99,6,17.94,5.98,5,14.950000000000001,-11.96
UK65063,"כיסוי ראש קרושה לבן ""עלים ופרחים"" 155X63 מטפח",כיפות מיוחדות,4.99,12,59.88,9.98,11,54.89,-49.900000000000006
UK10146,"כיפה אולטרא סוויד שחור ""ייחי אדונינו"" 19 ס""מ ומקום לסיכה",כיפות מיוחדות,11.99,12,143.88,23.98,11,131.89000000000001,-119.89999999999999
UK17932,"כיפה אולטרא סוויד לבן 19 ס""מ עם כתר ומקום לסיכה",כיפות מיוחדות,7.99,12,95.88,15.98,11,87.89,-79.89999999999999
UK13694,"כיפה בד מהודרת 19 ס""מ",כיפות מיוחדות,2.99,6,17.94,5.98,5,14.950000000000001,-11.96
UK10029,"כיפת שינה לבנה 22 ס""מ לילד ""ילד טוב""",כיפות מיוחדות,7.99,12,95.88,15.98,11,87.89,-79.89999999999999
UK18388,"כיפה בד ארטמן כחול עם פסים 19 ס""מ",כיפות מיוחדות,11.99,6,71.94,23.98,5,59.95,-47.959999999999994
UK14545,"כיפת שינה לבנה 22 ס""מ לילד ""ילד טוב""",כיפות מיוחדות,7.99,12,95.88,15.98,11,87.89,-79.89999999999999
UK19397,"כיפה אולטרא סוויד כחול כהה 19 ס""מ ""האש שלי"" כסף",כיפות מיוחדות,11.99,12,143.88,23.98,11,131.89000000000001,-119.89999999999999
UK19529,"כיפה אולטרא סוויד אפור 19 ס""מ עם מקום לסיכה",כיפות מיוחדות,7.99,6,47.94,15.98,5,39.95,-31.959999999999997
UK18265,"כיפה בד ארטמן כחול כהה 22 ס""מ",כיפות מיוחדות,9.99,6,59.94,19.98,5,49.95,-39.959999999999994
UK14677,"כיפה אולטרא סוויד לבן 19 ס""מ ""בבא סאלי"" זהב ומק",כיפות מיוחדות,11.99,12,143.88,23.98,11,131.89000000000001,-119.89999999999999
UK19921,"כיפה בד מהודרת גודל 3 - 18 ס""מ",כיפות מיוחדות,2.99,6,17.94,5.98,5,14.950000000000001,-11.96
UK19069,"כיפה עור ארטמן חרדל 15 ס""מ",כיפות עור,7.99,6,47.94,15.98,5,39.95,-31.959999999999997
UK19075,"כיפה עור אפור כהה 16 ס""מ",כיפות עור,7.49,6,44.94,14.98,5,37.45,-29.959999999999997
UK19085,"כיפה עור אפור בהיר 16 ס""מ",כיפות עור,7.49,6,44.94,14.98,5,37.45,-29.959999999999997
UK19031,"כיפה עור בד ארטמן אפור בהיר 15 ס""מ",כיפות עור,7.99,6,47.94,15.98,5,39.95,-31.959999999999997
UK19053,"כיפה עור ארטמן סגול 15 ס""מ",כיפות עור,7.99,6,47.94,15.98,5,39.95,-31.959999999999997
UK18309,"כיפה פריק כחול ""נחמן מאומן"" 24 ס""מ",כיפות פריק,7.99,6,47.94,15.98,5,39.95,-31.959999999999997
UK16039,"כיפה ירושלמית לבן חלק 22 ס""מ",כיפות פריק,8.99,6,53.94,17.98,5,44.95,-35.959999999999994
UK18861,"כיפה פריק 21 ס""מ סריגה עבה גווני אפור ובז",כיפות פריק,7.99,6,47.94,15.98,5,39.95,-31.959999999999997
UK06100,"כיפה ""פריק"" לבן לבן 23 ס""מ",כיפות פריק,7.99,6,47.94,15.98,5,39.95,-31.959999999999997
UK17904,"כיפה פריק לבן ""נחמן מאומן"" 24 ס""מ",כיפות פריק,7.99,6,47.94,15.98,5,39.95,-31.959999999999997
UK19160,"כיפה פריק 24 ס""מ גוונים",כיפות פריק,7.99,6,47.94,15.98,5,39.95,-31.959999999999997
UK19222,"כיפה ""פריק"" 21 ס""מ פסים סגול ולבן",כיפות פריק,7.99,6,47.94,15.98,5,39.95,-31.959999999999997
UK10757,"כיפה פריק שחורה 22 ס""מ ""נחמן מאומן""",כיפות פריק,7.99,6,47.94,15.98,5,39.95,-31.959999999999997
UK17394,"כיפה ""פריק"" לבן חלק 21 ס""מ",כיפות פריק,7.99,6,47.94,15.98,5,39.95,-31.959999999999997
UK17589,"כיפה פריק 21 ס""מ לבן פסים תכלת",כיפות פריק,7.99,6,47.94,15.98,5,39.95,-31.959999999999997
UK10107,"כיפה בוכרית גודל 60 ס""מ - צבעים שונים",כיפות פריק,10.99,6,65.94,21.98,5,54.95,-43.959999999999994
UK82627,סיכות לכיפה צבע זהב בליסטר 12 יח` חזקות מאוד,סיכות לכיפה,1.99,36,71.64,3.98,35,69.65,-67.66
UK58992,מארז דבק דו צדדי לכיפה איכות מעולה,סיכות לכיפה,4.99,48,239.52,9.98,47,234.53,-229.54000000000002
UK53322,"""כיפהאייר"" סיכה לכיפה עם דבק דו צדדי",סיכות לכיפה,1.99,200,398,3.98,199,396.01,-394.02
UK15679,"כיפה ד.מ.צ. שחור איכותי קשיח 13 ס""מ",כיפות סרוגות DMC,17.99,6,107.94,35.98,5,89.94999999999999,-71.96000000000001
UK18215,"צצ כיפה ד.מ.צ. כחול כהה 16 ס""מ",כיפות סרוגות DMC,21.99,6,131.94,43.98,5,109.94999999999999,-87.96000000000001
UK11259,"כיפה DMC סריגה ישראלית דוגמת שטיח 18 ס""מ אין החזרת סחורה",כיפות סרוגות DMC,36.99,12,443.88,73.98,11,406.89000000000004,-369.9
UK18155,"כיפה ד.מ.צ. לבן עם פס תכלת איכותי קשיח 16 ס""מ",כיפות סרוגות DMC,21.99,6,131.94,43.98,5,109.94999999999999,-87.96000000000001
UK18193,"כיפה ד.מ.צ. שחור עם פס אפור 20 ס""מ",כיפות סרוגות DMC,28.99,6,173.94,57.98,5,144.95,-115.96000000000001
UK11569,"כיפה DMC סריגה ישראלית חלק לבן 18 ס""מ אין החזרת סחורה",כיפות סרוגות DMC,36.99,12,443.88,73.98,11,406.89000000000004,-369.9
UK16055,"כיפה ד.מ.צ שחור 12 ס""מ",כיפות סרוגות DMC,9.99,6,59.94,19.98,5,49.95,-39.959999999999994
UK18214,"כיפה ד.מ.צ. כחול כהה 18 ס""מ",כיפות סרוגות DMC,27.99,6,167.94,55.98,5,139.95,-111.96000000000001
UK11555,"כיפה DMC סריגה ישראלית חלק שחור 17 ס""מ אין החזרת סחורה",כיפות סרוגות DMC,34.99,12,419.88,69.98,11,384.89000000000004,-349.9
UK18213,"כיפה ד.מ.צ. כחול כהה 20 ס""מ",כיפות סרוגות DMC,28.99,6,173.94,57.98,5,144.95,-115.96000000000001
UK24180,"מזוזה זכוכית 10 ס""מ ""בועות"" עם פקק סיליקון",מזוזות זכוכית,,5,,,,,
UK23805,מזוזה זכוכית עם אבנים זהב 12 סמ,מזוזות זכוכית,,5,,,,,
UK23808,מזוזה זכוכית עם אבנים שחור 12 סמ,מזוזות זכוכית,,5,,,,,
UK22759,"מזוזה אלומיניום 12 ס""מ בגוון כסף מט ""ש"" מתכת פר",מזוזות אלומיניום,,1,,,,,
UK23745,"מזוזה אלומניום 12 ס""מ ש מתכת ""זהב""",מזוזות אלומיניום,,10,,,,,
UK24070,"מזוזה אלומיניום 15 ס""מ בגוון כסף מט ""ש"" מתכת פרופיל מיוחד",מזוזות אלומיניום,,10,,,,,
UK21657,"מזוזה אלומיניום ""סגירה גומי"" 15 ס""מ זהב ""ש"" מתכת",מזוזות אלומיניום,,10,,,,,
UK22803,"מזוזה אלומיניום 12 ס""מ בז פרופיל מיוחד",מזוזות אלומיניום,,10,,,,,
UK29755,"מזוזה אלומיניום 15 ס""מ לבן ""ש"" מתכת",מזוזות אלומיניום,,10,,,,,
UK24765,"מזוזה אלומיניום 12 ס""מ לבן ""ש"" מתכת",מזוזות אלומיניום,,10,,,,,
UK22742,"מזוזה אלומניום 15 ס""מ לבנה פרופיל מיוחד",מזוזות אלומיניום,,10,,,,,
UK23076,"מזוזה אלומיניום 12 ס""מ שחורה ""ש"" ללא חורים",מזוזות אלומיניום,,10,,,,,
UK21659,"מזוזה אלומיניום ""סגירה גומי"" 15 ס""מ אפור כהה ""ש"" מתכת",מזוזות אלומיניום,,10,,,,,
UK24592,"מזוזה אלומיניום 15 ס""מ לבנה ""ש"" מודפסת ללא חורים",מזוזות אלומיניום,,10,,,,,
UK22699,"מזוזה אלומיניום 12 ס""מ בגוון זהב מטאלי ללא חורי",מזוזות אלומיניום,,10,,,,,
UK22458,"מזוזה אלומיניום 12 ס""מ כסף מנוקד ""ש"" מודפסת ללא",מזוזות אלומיניום,,10,,,,,
UK20805,"מזוזה אלומיניום 15 ס""מ ""ש"" מתכת פרופיל מיוחד צב",מזוזות אלומיניום,,5,,,,,
UK24754,"מזוזה אלומניום 12 ס""מ ש מתכת ""אפור""",מזוזות אלומיניום,,10,,,,,
UK23994,"מזוזה אלומיניום 12 ס""מ לבן ""ש"" מודפסת",מזוזות אלומיניום,,10,,,,,
UK24253,"מזוזה ""סמנט בטון"" רחבה גוון לבן 12 ס""מ",מזוזות פולירזין,,5,,,,,
UK20332,"מזוזה פולימר ש שקועה חמסה 15 ס""מ",מזוזות פולירזין,,5,,,,,
UK21418,מזוזה פולימר ש שקועה כסף מבריק 15 סמ לבן,מזוזות פולירזין,,5,,,,,
UK24570,"מזוזה ""סמנט בטון"" רחבה גוון לבן ""ש"" להבה זהב 12",מזוזות פולירזין,,5,,,,,
UK24641,"מזוזה ""פולימר בטון"" כותל ""ברוך אתה"" 20 ס""מ - לבן",מזוזות פולירזין,,2,,,,,
UK24671,"מזוזה פולימר בטון כותל ""ברוך אתה"" 20 ס""מ - שחור",מזוזות פולירזין,,2,,,,,
UK20340,"מזוזה פולימר ש שקועה ""שמע ישראל"" 15סמ לבן",מזוזות פולירזין,,5,,,,,
UK20048,מזוזה פולימר עץ עם אפוקסי צבע שחור אפור גודל 25,מזוזות פולירזין,,2,,,,,
UK24666,"מזוזה ""פולימר בטון"" כותל ברכת הבית 15 ס""מ - שחור",מזוזות פולירזין,,5,,,,,
UK20827,"מזוזה ""סמנט בטון"" רחבה גוון לבן ""ש"" להבה זהב 25 ס""מ",מזוזות פולירזין,,2,,,,,
UK24667,"מזוזה פולימר בטון כותל ברכת הבית 20 ס""מ - שחור",מזוזות פולירזין,,2,,,,,
UK21128,"מזוזה ""וכתבתם על..."" פולימר לבן 12סמ",מזוזות פולירזין,,5,,,,,
UK24836,"מזוזה ""פולימר בטון"" ""ש"" 20 ס""מ",מזוזות פולירזין,,2,,,,,
UK24752,"מזוזה מהודרת ""פולימר בטון"" דגם שיש ש כסף 15 ס""מ",מזוזות פולירזין,,5,,,,,
UK20923,"מזוזה ""סמנט בטון"" רחבה ""ש"" להבה זהב 30 ס""מ",מזוזות פולירזין,,2,,,,,
UK24809,"מזוזה ""סמנט בטון"" רחבה גוון לבן 12 ס""מ",מזוזות פולירזין,,5,,,,,
UK26439,"מזוזה ""פולימר בטון"" כותל 30 ס""מ - שיש לבן",מזוזות פולירזין,,2,,,,,
UK24821,"מזוזה ""סמנט בטון"" ""האש שלי"" רחבה גוון לבן 15 ס""מ",מזוזות פולירזין,,5,,,,,
UK24775,"מזוזה ""פולימר בטון"" ברכת הבית 12 ס""מ",מזוזות פולירזין,,5,,,,,
UK24384,"מזוזה ""סמנט בטון"" רחבה גוון בטון 12 ס""מ",מזוזות פולירזין,,5,,,,,
UK24852,"מזוזה ""פולימר בטון"" ""כותל"" 15 ס""מ",מזוזות פולירזין,,5,,,,,
UK24748,"מזוזה מהודרת מפולימר בטון שחור ש זהב 12 ס""מ",מזוזות פולירזין,,5,,,,,
UK24383,"מזוזה ""סמנט בטון"" רחבה גוון שחור 20 ס""מ",מזוזות פולירזין,,5,,,,,
UK20810,"מזוזה ""סמנט בטון"" רחבה גוון לבן ""ש"" להבה זהב 12 ס""מ",מזוזות פולירזין,,5,,,,,
UK20208,"מזוזה ""סמנט בטון"" רחבה גוון שחור ""ש"" להבה זהב 25 ס""מ",מזוזות פולירזין,,2,,,,,
UK24664,"מזוזה ""פולימר בטון"" כותל ברכת הבית 15 ס""מ - גוון",מזוזות פולירזין,,5,,,,,
UK20690,"מזוזה ""וכתבתם על..."" פולימר לבן 12סמ",מזוזות פולירזין,,5,,,,,
UK21790,מזוזה פולי כותל ש בולטת אלקטרופורמינג זהב 25סמ,מזוזות פולירזין,,2,,,,,
UK21784,מזוזה פולי כותל ש בולטת אלקטרופורמינג זהב 15סמ,מזוזות פולירזין,,2,,,,,
UK21260,"מזוזה פולימר ש שקועה שמע ישראל 20 ס""מ",מזוזות פולירזין,,2,,,,,
UK24386,"מזוזה ""סמנט בטון"" רחבה גוון בטון 20 ס""מ",מזוזות פולירזין,,5,,,,,
UK21411,מזוזה פולימר ש שקועה זהב מבריק 12 סמ שחור,מזוזות פולירזין,,5,,,,,
UK24774,"מזוזה ""פולימר בטון"" ברוך אתה 15 ס""מ",מזוזות פולירזין,,5,,,,,
UK21789,"מזוזה מתכת לרכב 6 ס""מ ניקל ""ירושלים""",מזוזות לרכב,,5,,,,,
UK21796,"מזוזה מתכת לרכב 6 ס""מ ניקל ""חושן""",מזוזות לרכב,,5,,,,,
UK21768,"מזוזה מתכת לרכב 6 ס""מ ניקל ""תפילת הדרך""",מזוזות לרכב,,5,,,,,
UK24300,"מזוזה מתכת 15 ס""מ גימור ניקל ""כתר""",מזוזות מתכת,,5,,,,,
UK24055,"מזוזה מתכת מהודרת עם עיטור ""אלכסונים"" - 15 ס""מ",מזוזות מתכת,,5,,,,,
UK24365,"מזוזה מתכת 15 ס""מ גימור ניקל ""ירושלים""",מזוזות מתכת,,5,,,,,
UK20616,"מזוזה עץ 12 ס""מ חום אגוז 2 שרשראות עם גב",מזוזות עץ,,10,,,,,
UK20618,"מזוזה עץ 12 ס""מ חום אגוז שרשרת עם גב",מזוזות עץ,,10,,,,,
UK20586,"מזוזה עץ 12 ס""מ לבנה 2 שרשראות עם גב",מזוזות עץ,,10,,,,,
UK24680,"מזוזה פלסטיק שחורה 12 ס""מ ""ש"" זהב עם פקק גומי",מזוזות פלסטיק,,25,,,,,
UK23615,"מזוזה פלסטיק שקופה 15 ס""מ ""ש"" כסף עם פלקטה ופקק",מזוזות פלסטיק,,25,,,,,
UK21403,"מזוזה פלסטיק לבן 12 ס""מ ""שמע ישראל"" כסף",מזוזות פלסטיק,,25,,,,,
UK24319,"מזוזה אקריליק נצנץ זהב עם ש מאקריליק 12 ס""מ",מזוזות פלסטיק,,5,,,,,
UK24593,"מזוזה פלסטיק שקופה 12 ס""מ ""ש"" כסף ופס כסף עם פקק גומי",מזוזות פלסטיק,,25,,,,,
UK20766,"מזוזה פלסטיק 12 ס""מ - גימור שיש אפור",מזוזות פלסטיק,,25,,,,,
UK24198,"מזוזה פלסטיק 15 ס""מ לבנה ""ש"" כסף פקק גומי - ללא",מזוזות פלסטיק,,25,,,,,
UK20079,"מזוזה פלסטיק לבן 15 ס""מ פס כסף מעוגל אלכסוני ש כסף עם חור",מזוזות פלסטיק,,25,,,,,
UK24676,"מזוזה פלסטיק שחורה 12 ס""מ ""ש"" זהב ופס זהב עם פקק גומי",מזוזות פלסטיק,,25,,,,,
UK22923,"מזוזה פלסטיק 15 ס""מ ""ירושלים"" לבנה עם פקק גומי",מזוזות פלסטיק,,25,,,,,
UK23497,"מזוזה פלסטיק לבנה 20 ס""מ ""ירושלים"" עם פקק גומי",מזוזות פלסטיק,,25,,,,,
UK22956,"מזוזה פלסטיק שקופה 10 ס""מ ""ש"" זהב עם פקק ג",מזוזות פלסטיק,,25,,,,,
UK23862,"מזוזה פלסטיק פסים לבן 15 ס""מ ""ש"" כסף עם פקק גומי",מזוזות פלסטיק,,25,,,,,
UK22265,".מזוזה פלסטיק 12 ס""מ שקופה ""ש"" כסף פקק גומי - ""י",מזוזות פלסטיק,,25,,,,,
UK24860,"מזוזה פלסטיק שקופה 20 ס""מ עם פקק גומי",מזוזות פלסטיק,,25,,,,,
UK20245,"מזוזה פלסטיק 15 ס""מ בז ""ש"" כסף פקק גומי",מזוזות פלסטיק,,25,,,,,
UK22183,"מזוזה פלסטיק 12 ס""מ שקוף עם בורג ""ש"" כסף",מזוזות פלסטיק,,50,,,,,
UK23858,"מזוזה פלסטיק 15 ס""מ גוון עץ פקק גומי",מזוזות פלסטיק,,25,,,,,
UK22181,"מזוזה פלסטיק שקופה 12 ס""מ ""ש"" עם כסף פקק גומי",מזוזות פלסטיק,,25,,,,,
UK24672,"מזוזה פלסטיק שקופה 12 ס""מ ""ש"" כסף עם פלקטה ופקק",מזוזות פלסטיק,,25,,,,,
UK21198,"מזוזה פלסטיק שקופה 12 ס""מ ""שמע ישראל"" ""ש"" כסף",מזוזות פלסטיק,,25,,,,,
UK20041,"מזוזה פלסטיק 12 ס""מ לבן וכסף",מזוזות פלסטיק,,50,,,,,
UK21650,"מזוזה פלסטיק שקופה 12 ס""מ עם מסגרת ו""ש"" כסף עם פקק גומי",מזוזות פלסטיק,,25,,,,,
UK02939,"יד מהודרת לספר תורה ""עיטורים"" 25 ס""מ",מוצרי בית כנסת וסטנדרים,36.99,2,73.98,73.98,1,36.99,0
UK40542,"יד לספר תורה זהב 24 ס""מ חלקה ירושלים",מוצרי בית כנסת וסטנדרים,34.99,2,69.98,69.98,1,34.99,0
UK82371,"שטנדר אקריליק 3 קומות ""והגית"" 33X23 ס""מ",מוצרי בית כנסת וסטנדרים,259.99,1,259.99,519.98,0,0,259.99
UK81334,"קופסא לטישו אקריליק ""זהב"" 22x12 ס""מ",מוצרי בית כנסת וסטנדרים,29.99,2,59.98,59.98,1,29.99,0
UK81848,שטנדר מתקפל מעץ ומתכת מהודר,מוצרי בית כנסת וסטנדרים,54.99,2,109.98,109.98,1,54.99,0
UK46430,שטנדר מודולרי מתכת ועץ לבית כנסת,מוצרי בית כנסת וסטנדרים,329.99,2,659.98,659.98,1,329.99,0
UK49287,שטנדר מהודר מעץ מהגוני עם פלקטה מוכספת 33X39,מוצרי בית כנסת וסטנדרים,109.99,2,219.98,219.98,1,109.99,0
UK82386,"זוג רימונים זהב לספר תורה 32 ס""מ",מוצרי בית כנסת וסטנדרים,189.99,1,189.99,379.98,0,0,189.99
UK55306,"שטנדר עץ מהודר ""שער וילנה"" 36X27 ס""מ",מוצרי בית כנסת וסטנדרים,54.99,2,109.98,109.98,1,54.99,0
UK48536,"(54002) שטנדר עץ עם לקה ""והגית בו"" עם עיטור ""יר",מוצרי בית כנסת וסטנדרים,29.99,2,59.98,59.98,1,29.99,0
UK48537,"(56569) שטנדר עץ בהיר עם לקה ""והגית בו""",מוצרי בית כנסת וסטנדרים,29.99,2,59.98,59.98,1,29.99,0
UK49776,"יד לספר תורה מהודרת גימור זהב 23 ס""מ",מוצרי בית כנסת וסטנדרים,36.99,2,73.98,73.98,1,36.99,0
UK40206,"שטנדר במבוק ""והגית בו"" 38x33 ס""מ",מוצרי בית כנסת וסטנדרים,59.99,2,119.98,119.98,1,59.99,0
UK80418,"יד לספר תורה מהודרת גימור זהב 23 ס""מ",מוצרי בית כנסת וסטנדרים,36.99,2,73.98,73.98,1,36.99,0
UK40010,"מנורה גימור ניקל 28 ס""מ",מנורות,109.99,1,109.99,219.98,0,0,109.99
UK42591,"מנורה 7 קנים גימור פיוטר 6 ס""מ",מנורות,5.49,12,65.88,10.98,11,60.39,-54.89999999999999
UK49797,"מנורה אלומיניום 7 קנים גימור מוזהב 25 ס""מ",מנורות,89.99,1,89.99,179.98,0,0,89.99
UK44943,"מגנט פח 58 ס""מ מנורה ירושלים אנגלית",מגנטים,0.99,12,11.879999999999999,1.98,11,10.89,-9.899999999999999
UK44412,"מגנט חמסה אפוקסי 5 ס""מ ""ירושלים"" כחול רוסית",מגנטים,1.99,12,23.88,3.98,11,21.89,-19.9
UK44934,"מגנט פח 58 ס""מ ירושלים אנגלית",מגנטים,0.99,12,11.879999999999999,1.98,11,10.89,-9.899999999999999
UK35734,"מחזיק מפתחות ""מזל"" ציפוי זהב עם תהילים 3 ס""מ",מחזיקי מפתחות,10.99,12,131.88,21.98,11,120.89,-109.89999999999999
UK30021,"מחזיק חמסה מהודר גימור כסף עם אבנים 4.5x3 ס""מ - חי",מחזיקי מפתחות,8.99,12,107.88,17.98,11,98.89,-89.89999999999999
UK35903,"מחזיק מפתחות זהב מהודר 5 ס""מ",מחזיקי מפתחות,7.99,12,95.88,15.98,11,87.89,-79.89999999999999
UK35980,"מחזיק מפתחות חמסה ניקל - 4 ס""מ",מחזיקי מפתחות,3.49,12,41.88,6.98,11,38.39,-34.900000000000006
UK30014,"מחזיק חמסה מהודר גימור זהב עם אבנים 4.5x3 ס""מ - מזל",מחזיקי מפתחות,8.99,12,107.88,17.98,11,98.89,-89.89999999999999
UK35619,"מחזיק מפתחות מהודר תפילת הדרך רוסית 6 ס""מ",מחזיקי מפתחות,2.99,12,35.88,5.98,11,32.89,-29.900000000000002
UK35824,"מחזיק מפתחות דמוי עור 4.5 ס""מ ""האש שלי"" וסגולת ""שי",מחזיקי מפתחות,10.99,6,65.94,21.98,5,54.95,-43.959999999999994
UK35969,"מחזיק מפתחות ניקל ""שמע ישראל"" 6 ס""מ",מחזיקי מפתחות,6.99,12,83.88,13.98,11,76.89,-69.89999999999999
UK35921,"מחזיק מפתחות ""מזל"" עם תהילים 3 ס""מ",מחזיקי מפתחות,10.99,12,131.88,21.98,11,120.89,-109.89999999999999
UK35801,מחזיק מפתחות זהב - מגן דוד ושיבוץ אבנים,מחזיקי מפתחות,6.99,12,83.88,13.98,11,76.89,-69.89999999999999
UK35996,"מחזיק מפתחות ""אש שלי"" משובץ 5.5 ס""מ",מחזיקי מפתחות,14.99,12,179.88,29.98,11,164.89000000000001,-149.9
UK35714,"מחזיק מפתחות עם ירושלים 6 ס""מ",מחזיקי מפתחות,6.99,12,83.88,13.98,11,76.89,-69.89999999999999
UK51927,"סט מחזיקי מפתחות (96) תהילים עם מגנט 4 ס""מ צבעי",מחזיקי מפתחות,8.99,96,863.04,17.98,95,854.0500000000001,-845.06
UK35792,מחזיק מפתחות ניקל - חי ושיבוץ אבנים,מחזיקי מפתחות,6.99,12,83.88,13.98,11,76.89,-69.89999999999999
UK35781,מחזיק מפתחות זהב עם לולאה אבני חושן ושיבוץ אבנים,מחזיקי מפתחות,6.99,12,83.88,13.98,11,76.89,-69.89999999999999
UK42595,"מחזיק מפתחות זהב בצורת רימון 5 ס""מ",מחזיקי מפתחות,6.99,12,83.88,13.98,11,76.89,-69.89999999999999
UK35982,"מחזיק מפתחות חמסה ""בלי עין הרע"" 5.5 ס""מ - ניקל",מחזיקי מפתחות,7.99,12,95.88,15.98,11,87.89,-79.89999999999999
UK35873,"מחזיק מפתחות עט 6.5 ס""מ",מחזיקי מפתחות,7.99,12,95.88,15.98,11,87.89,-79.89999999999999
UK35808,מחזיק מפתחות זהב - שמע ישראל ושיבוץ אבנים,מחזיקי מפתחות,6.99,12,83.88,13.98,11,76.89,-69.89999999999999
UK35987,"מחזיק מפתחות חמסה ""הצלחה"" 5.5 ס""מ - זהב",מחזיקי מפתחות,7.99,12,95.88,15.98,11,87.89,-79.89999999999999
UK45629,סטנד מעורב של מחזיקי מפתחות 24 יח,מחזיקי מפתחות,13.99,24,335.76,27.98,23,321.77,-307.78
UK35778,מחזיק מפתחות ניקל עם לולאה שמע ישראל ושיבוץ אבנים,מחזיקי מפתחות,6.99,12,83.88,13.98,11,76.89,-69.89999999999999
UK35977,"מחזיק מפתחות חמסה ניקל - 4 ס""מ",מחזיקי מפתחות,3.49,12,41.88,6.98,11,38.39,-34.900000000000006
UK35702,"מחזיק מפתחות ""חושן"" ציפוי זהב עם תהילים 3 ס""מ",מחזיקי מפתחות,9.99,6,59.94,19.98,5,49.95,-39.959999999999994
UK35805,מחזיק מפתחות ניקל - שמע ישראל ושיבוץ אבנים,מחזיקי מפתחות,6.99,12,83.88,13.98,11,76.89,-69.89999999999999
UK35893,"מחזיק חמסה מהודר גימור זהב 3.52.5 ס""מ",מחזיקי מפתחות,4.49,12,53.88,8.98,11,49.39,-44.900000000000006
UK59030,"סטנד למחזיקים אקריליק 24 קוצים 41 ס""מ",מחזיקי מפתחות,120,1,120,240,0,0,120
UK35984,"מחזיק מפתחות חמסה ""מזל"" משובץ 5.5 ס""מ - זהב",מחזיקי מפתחות,7.99,12,95.88,15.98,11,87.89,-79.89999999999999
UK35788,מחזיק מפתחות זהב עם לולאה שמע ישראל ושיבוץ אבנים,מחזיקי מפתחות,6.99,12,83.88,13.98,11,76.89,-69.89999999999999
UK35919,"מחזיק מפתחות מגן דוד - 5 ס""מ - ניקל וזהב",מחזיקי מפתחות,7.99,12,95.88,15.98,11,87.89,-79.89999999999999
UK35850,"מחזיק מפתחות חמסה ""בלי עין הרע"" משובץ 5.5 ס""מ",מחזיקי מפתחות,14.99,12,179.88,29.98,11,164.89000000000001,-149.9
UK35571,מחזיק בבא סאלי ותפילת הדרך עברית,מחזיקי מפתחות,5.49,12,65.88,10.98,11,60.39,-54.89999999999999
UK35678,"מחזיק מפתחות ""מגן דוד"" עם תהילים 3 ס""מ",מחזיקי מפתחות,9.99,6,59.94,19.98,5,49.95,-39.959999999999994
UK35889,"מחזיק חמסה מהודר גימור זהב 3.52.5 ס""מ",מחזיקי מפתחות,4.49,12,53.88,8.98,11,49.39,-44.900000000000006
UK35886,"מחזיק חמסה מהודר גימור זהב 3.52.5 ס""מ",מחזיקי מפתחות,4.49,12,53.88,8.98,11,49.39,-44.900000000000006
UK35849,"מחזיק מפתחות חמסה ""מזל"" משובץ 5.5 ס""מ",מחזיקי מפתחות,14.99,12,179.88,29.98,11,164.89000000000001,-149.9
UK35878,"מחזיק מפתחות עט 6.5 ס""מ",מחזיקי מפתחות,7.99,12,95.88,15.98,11,87.89,-79.89999999999999
UK35598,"מחזיק כמו מגילה עם סגולות בפנים ""סגולה לשמירה בדרכ",מחזיקי מפתחות,13.99,10,139.9,27.98,9,125.91,-111.92
UK35856,"מחזיק מפתחות חמסה ""בלי עין הרע"" משובץ 5.5 ס""מ",מחזיקי מפתחות,14.99,12,179.88,29.98,11,164.89000000000001,-149.9
UK35840,"מחזיק מפתחות מט מהודר 5 ס""מ",מחזיקי מפתחות,7.99,12,95.88,15.98,11,87.89,-79.89999999999999
UK30022,"מחזיק חמסה מהודר גימור כסף עם אבנים 4.5x3 ס""מ - מגן דוד",מחזיקי מפתחות,8.99,12,107.88,17.98,11,98.89,-89.89999999999999
UK35090,"מחזיק מפתחות ניקל חי 4 ס""מ עברית",מחזיקי מפתחות,3.99,12,47.88,7.98,11,43.89,-39.900000000000006
UK42379,"מים אחרונים מאקריליק 15 ס""מ",נטילת ידיים ומים אחרונים,89.99,1,89.99,179.98,0,0,89.99
UK83119,"נטלה אקריליק עם הדפסה 13 ס""מ",נטילת ידיים ומים אחרונים,64.99,2,129.98,129.98,1,64.99,0
UK47176,"נטלה מהודרת קלה מאלומיניום עם הדפסה 13ס""מ",נטילת ידיים ומים אחרונים,54.99,2,109.98,109.98,1,54.99,0
UK81163,סט סבונייה עם נטלה פולימר בטון מהודר כולל מגש,נטילת ידיים ומים אחרונים,,2,,,,,
UK80883,"נטלה מהודרת קלה ""עץ מנגו עבודת יד"" 14 ס""מ",נטילת ידיים ומים אחרונים,54.99,2,109.98,109.98,1,54.99,0
UK83140,סט סבונייה עם נטלה אקריליק מהודר כולל מגש,נטילת ידיים ומים אחרונים,159.99,2,319.98,319.98,1,159.99,0
UK64676,"זוג מגבות לבנות ""נטילת ידיים"" עם שיבוץ אבנים מהודר",נטילת ידיים ומים אחרונים,21.99,4,87.96,43.98,3,65.97,-43.98
UK40657,"נטלה מהודרת מפולימר 14 ס""מ",נטילת ידיים ומים אחרונים,39.99,2,79.98,79.98,1,39.99,0
UK42921,"נטלה אקריליק מהודרת שקופה עם ידיות כסף 13 ס""מ",נטילת ידיים ומים אחרונים,39.99,2,79.98,79.98,1,39.99,0
UK41157,"נטלה מהודרת מפולימר 14 ס""מ",נטילת ידיים ומים אחרונים,54.99,2,109.98,109.98,1,54.99,0
UK82835,"נטלה מהודרת מפולימר ציפוי זהב 14 ס""מ",נטילת ידיים ומים אחרונים,59.99,2,119.98,119.98,1,59.99,0
UK82779,"מים אחרונים מאקריליק שקוף עם פלקטה 11 ס""מ",נטילת ידיים ומים אחרונים,89.99,2,179.98,179.98,1,89.99,0
UK56047,"נטלה מהודרת מפולימר גוון בטון בהיר 13 ס""מ",נטילת ידיים ומים אחרונים,54.99,2,109.98,109.98,1,54.99,0
UK42922,"נטלה אקריליק מהודרת שקופה עם ידיות כסף 13 ס""מ",נטילת ידיים ומים אחרונים,39.99,2,79.98,79.98,1,39.99,0
UK80664,"נטלה אקריליק מהודרת גוון שיש ידיות כסף 13 ס""מ",נטילת ידיים ומים אחרונים,59.99,2,119.98,119.98,1,59.99,0
UK49137,"נטלה אקריליק מהודרת שקופה עם אותיות בולטות 12 ס""מ",נטילת ידיים ומים אחרונים,44.99,2,89.98,89.98,1,44.99,0
UK60153,"זוג מגבות לבנות ""נטילת ידיים"" 72x34 ס""מ - רקמה כסף",נטילת ידיים ומים אחרונים,21.99,4,87.96,43.98,3,65.97,-43.98
UK82714,"נטלה ""במבוק עבה"" עם הדפסה ""נטילת ידים"" 14 ס""מ",נטילת ידיים ומים אחרונים,11.99,5,59.95,23.98,4,47.96,-35.97
UK41246,"נטלה מהודרת קלה ""עץ מנגו עבודת יד"" 14 ס""מ",נטילת ידיים ומים אחרונים,54.99,2,109.98,109.98,1,54.99,0
UK82721,"נטלה ""במבוק עבה"" 14 ס""מ - קוד מעורב",נטילת ידיים ומים אחרונים,11.99,20,239.8,23.98,19,227.81,-215.82000000000002
UK80678,"נטלה אקריליק מהודרת גוון שיש ידיות כסף 13 ס""מ",נטילת ידיים ומים אחרונים,59.99,2,119.98,119.98,1,59.99,0
UK80175,"נטלה אלומיניום 13 ס""מ",נטילת ידיים ומים אחרונים,54.99,2,109.98,109.98,1,54.99,0
UK80548,"נטלה מהודרת קלה מאלומיניום בגוון כחול כהה 13 ס""מ",נטילת ידיים ומים אחרונים,39.99,2,79.98,79.98,1,39.99,0
UK80076,"נטלה מהודרת מפולימר 14 ס""מ",נטילת ידיים ומים אחרונים,54.99,2,109.98,109.98,1,54.99,0
UK82589,"נטלה מהודרת מפולימר 14 ס""מ",נטילת ידיים ומים אחרונים,59.99,2,119.98,119.98,1,59.99,0
UK82760,"נטלה ""במבוק עבה"" עם הדפסה ""נטילת ידים"" 14 ס""מ",נטילת ידיים ומים אחרונים,11.99,5,59.95,23.98,4,47.96,-35.97
UK82019,"נטלה אקריליק שיש ורוד לבן זהב 13 ס""מ",נטילת ידיים ומים אחרונים,59.99,2,119.98,119.98,1,59.99,0
UK67552,"נטלה מהודרת פולימר 14 ס""מ",נטילת ידיים ומים אחרונים,54.99,2,109.98,109.98,1,54.99,0
UK48985,"נטלה מהודרת מפולימר 14 ס""מ",נטילת ידיים ומים אחרונים,54.99,2,109.98,109.98,1,54.99,0
UK82778,"מים אחרונים מאקריליק שקוף עם פלקטה 14 ס""מ",נטילת ידיים ומים אחרונים,89.99,2,179.98,179.98,1,89.99,0
UK80687,"נטלה אקריליק מהודרת נצנץ וידיות זהב 13 ס""מ",נטילת ידיים ומים אחרונים,59.99,2,119.98,119.98,1,59.99,0
UK80488,"נטלה אלומיניום 13.5 ס""מ",נטילת ידיים ומים אחרונים,39.99,2,79.98,79.98,1,39.99,0
UK80320,נטלה פולימר 14סמ,נטילת ידיים ומים אחרונים,54.99,2,109.98,109.98,1,54.99,0
UK42902,"נטלה אקריליק מהודרת שקופה עם גליטר שחור וידיות שחורות 13 ס""מ",נטילת ידיים ומים אחרונים,39.99,2,79.98,79.98,1,39.99,0
UK82820,"נטלה מהודרת מפולימר ציפוי זהב 14 ס""מ",נטילת ידיים ומים אחרונים,59.99,2,119.98,119.98,1,59.99,0
UK42932,"מים אחרונים מאקריליק שקוף עם גליטר כסף 15 ס""מ",נטילת ידיים ומים אחרונים,79.99,2,159.98,159.98,1,79.99,0
UK40858,"נטלה מהודרת פולימר בטון 14 ס""מ",נטילת ידיים ומים אחרונים,54.99,2,109.98,109.98,1,54.99,0
UK42701,"נטלה מהודרת מפולימר 14 ס""מ",נטילת ידיים ומים אחרונים,54.99,2,109.98,109.98,1,54.99,0
UK60155,"זוג מגבות לבנות ""נטילת ידיים"" 72x34 ס""מ - רקמה זהב",נטילת ידיים ומים אחרונים,21.99,4,87.96,43.98,3,65.97,-43.98
UK82696,"נטלה מהודרת מפולימר ציפוי זהב 14 ס""מ",נטילת ידיים ומים אחרונים,59.99,2,119.98,119.98,1,59.99,0
UK80884,"נטלה מהודרת קלה ""עץ מנגו עבודת יד"" 14 ס""מ",נטילת ידיים ומים אחרונים,54.99,2,109.98,109.98,1,54.99,0
UK82821,"נטלה מהודרת מפולימר ציפוי זהב 14 ס""מ",נטילת ידיים ומים אחרונים,59.99,2,119.98,119.98,1,59.99,0
UK80487,"נטלה אלומיניום 13.5 ס""מ",נטילת ידיים ומים אחרונים,39.99,2,79.98,79.98,1,39.99,0
UK42479,"נטלה אקריליק מהודרת שקופה עם אותיות בולטות 13 ס""מ",נטילת ידיים ומים אחרונים,49.99,2,99.98,99.98,1,49.99,0
UK83137,"נטלה אקריליק מהודרת שקופה עם אותיות בולטות 13 ס""מ",נטילת ידיים ומים אחרונים,64.99,2,129.98,129.98,1,64.99,0
UK56049,"נטלה מהודרת מפולימר גוון בטון בהיר 13 ס""מ",נטילת ידיים ומים אחרונים,54.99,2,109.98,109.98,1,54.99,0
UK86567,"נטלה מהודרת מפולימר גוון בטון בז' 13 ס""מ",נטילת ידיים ומים אחרונים,54.99,2,109.98,109.98,1,54.99,0
UK48266,נטלה אקריליק מהודרת שקופה עם פלקטה וידיות כס,נטילת ידיים ומים אחרונים,44.99,2,89.98,89.98,1,44.99,0
UK82841,"נטלה מהודרת מפולימר ציפוי זהב 14 ס""מ",נטילת ידיים ומים אחרונים,59.99,2,119.98,119.98,1,59.99,0
UK82695,"נטלה מהודרת מפולימר ציפוי זהב 14 ס""מ",נטילת ידיים ומים אחרונים,59.99,2,119.98,119.98,1,59.99,0
UK80910,"נטלה אלומיניום 13 ס""מ",נטילת ידיים ומים אחרונים,54.99,2,109.98,109.98,1,54.99,0
UK81687,"תהילים ""כתר התפילה"" כריכה מהודרת דמוי עור 17.5x12 ס""מ",סידורים ותהילים,49.99,2,99.98,99.98,1,49.99,0
UK49875,"תהילים ""כתר התפילה"" כריכה מהודרת דמוי עור 17.5x12 ס""מ",סידורים ותהילים,49.99,2,99.98,99.98,1,49.99,0
UK81689,"תהילים ""כתר התפילה"" כריכה מהודרת דמוי עור 17.5x12 ס""מ",סידורים ותהילים,49.99,2,99.98,99.98,1,49.99,0
UK81684,"סידור ""כתר התפילה"" כריכה מהודרת דמוי עור 17.5x12 ס""מ",סידורים ותהילים,54.99,2,109.98,109.98,1,54.99,0
UK83996,"סידור ""כתר התפילה"" לבת ישראל ורוד כריכה ומהודרת דמוי עור",סידורים ותהילים,54.99,2,109.98,109.98,1,54.99,0
UK81681,"סידור ""כתר התפילה"" כריכה מהודרת דמוי עור 17.5x12 ס""מ",סידורים ותהילים,54.99,2,109.98,109.98,1,54.99,0
UK81737,"סידור ""כתר התפילה"" כריכה מהודרת דמוי עור 17.5x12 ס""מ",סידורים ותהילים,54.99,2,109.98,109.98,1,54.99,0
UK81677,"סידור ""כתר התפילה"" לבת ישראל כריכה מהודרת דמוי עור",סידורים ותהילים,54.99,2,109.98,109.98,1,54.99,0
UK40471,"עט שחור מהודר עם כסף תפילת הדרך עברית 13.5 ס""מ",עטים,26.99,2,53.98,53.98,1,26.99,0
UK45866,"עט שחור מהודר עם כיתוב כסף ""שבע ברכות"" אנגלית 13.5",עטים,26.99,2,53.98,53.98,1,26.99,0
UK57383,"עט מהודר שחור עם שבע ברכות בעברית ועיטור ""ירושלים""",עטים,26.99,2,53.98,53.98,1,26.99,0
UK82078,פמוטי קריסטל זהב שחור 20 סמ,פמוטים,129.99,2,259.98,259.98,1,129.99,0
UK51650,"זוג כוסיות לשמן 6X4 ס""מ",פמוטים,8.49,12,101.88,16.98,11,93.39,-84.89999999999999
UK80066,"פמוטי זכוכית מהודר 17X10 ס""מ",פמוטים,,2,,,,,
UK80333,סט פולימר מגש להדלקת נרות וזוג פמוטים מהודרים,פמוטים,79.99,2,159.98,159.98,1,79.99,0
UK44795,"פמוט זכוכית גב צבעוני גוון חום 18.5X16.5 ס""מ",פמוטים,36.99,2,73.98,73.98,1,36.99,0
UK80471,פמוטי קריסטל זהב שקוף עם פלקטה עיטורים 6.5סמ,פמוטים,79.99,2,159.98,159.98,1,79.99,0
UK81817,"פמוטי קריסטל עם פלקטה ""עיטור"" 5 ס""מ",פמוטים,44.99,2,89.98,89.98,1,44.99,0
UK41421,"פמוטי קריסטל מהודרים עם נר זיכרון 20X21 ס""מ",פמוטים,79.99,2,159.98,159.98,1,79.99,0
UK80651,"זוג פמוטי קריסטל מהודרים 14 ס""מ",פמוטים,79.99,2,159.98,159.98,1,79.99,0
UK42668,"פמוט קריסטל שבעייה מהודר 46 ס""מ",פמוטים,179.99,1,179.99,359.98,0,0,179.99
UK42571,"זוג פמוטי קריסטל מהודרים 22.5 ס""מ",פמוטים,79.99,2,159.98,159.98,1,79.99,0
UK59346,"מגש קריסטל לפמוטים עם ברכת הדלקת נרות 36X18 ס""מ - שקוף",פמוטים,74.99,2,149.98,149.98,1,74.99,0
UK42589,"פמוטי קריסטל מהודרים 18 ס""מ",פמוטים,99.99,2,199.98,199.98,1,99.99,0
UK82154,"פמוטי קריסטל עם פלקטה ""פסים"" 5 ס""מ",פמוטים,44.99,2,89.98,89.98,1,44.99,0
UK40451,"זוג פמוטי קריסטל עם פלקטה ""עיטור"" 19.5 ס""מ",פמוטים,79.99,1,79.99,159.98,0,0,79.99
UK41223,"פמוטי נסיעה מקריסטל ""מעויינים"" זהב 10x5 ס""מ",פמוטים,29.99,4,119.96,59.98,3,89.97,-59.98
UK40720,פמוטי קריסטל זהב קוביות גדולות 14.5 סמ,פמוטים,129.99,1,129.99,259.98,0,0,129.99
UK40515,"זוג פמוטי קריסטל מהודרים 32 ס""מ",פמוטים,139.99,2,279.98,279.98,1,139.99,0
UK83948,זוג פמוטי קריסטל שקוף זהב 11 סמ,פמוטים,99.99,2,199.98,199.98,1,99.99,0
UK81521,"פמוטי קריסטל תשעייה מהודרים 24 ס""מ",פמוטים,139.99,2,279.98,279.98,1,139.99,0
UK82552,"מגש קריסטל מהודר לפמוטים 23X13 ס""מ",פמוטים,44.99,2,89.98,89.98,1,44.99,0
UK46912,"זוג פמוטי קריסטל מהודרים 20 ס""מ",פמוטים,99.99,2,199.98,199.98,1,99.99,0
UK49784,"זוג פמוטי קריסטל מהודרים 16 ס""מ",פמוטים,79.99,1,79.99,159.98,0,0,79.99
UK81593,"זוג פמוטי קריסטל מהודרים 7 ס""מ",פמוטים,64.99,2,129.98,129.98,1,64.99,0
UK81329,"מעמד קריסטל לנר נשמה 12X13 ס""מ",פמוטים,36.99,2,73.98,73.98,1,36.99,0
UK81328,"מעמד קריסטל לנר נשמה 12X13 ס""מ",פמוטים,44.99,2,89.98,89.98,1,44.99,0
UK41631,"פמוטי קריסטל חמשייה מהודרים 19.5 ס""מ",פמוטים,79.99,1,79.99,159.98,0,0,79.99
UK46896,"פמוטי קריסטל מהודרים עם אבנים 8.5 ס""מ",פמוטים,32.99,2,65.98,65.98,1,32.99,0
UK40905,"פמוטי זכוכית מהודרים מזכוכית 20x9 ס""מ",פמוטים,21.99,4,87.96,43.98,3,65.97,-43.98
UK48659,סט גביע קידוש + פמוטים + מלחייה מקריסטל עם אבנים כסף,פמוטים,179.99,1,179.99,359.98,0,0,179.99
UK42622,"זוג פמוטי קריסטל עם פלקטה ""נוף ירושלים"""" 5 ס""מ",פמוטים,44.99,2,89.98,89.98,1,44.99,0
UK49696,"פמוטי קריסטל 5 קנים מהודרים עם פלקטה הדלקת נרות 25 ס""מ",פמוטים,149.99,1,149.99,299.98,0,0,149.99
UK48809,"זוג פמוטי קריסטל מהודרים עם יהלומים לבנים וקנים כסף 16.5 ס""מ",פמוטים,59.99,2,119.98,119.98,1,59.99,0
UK81482,"זוג פמוטים ""פולימר"" ""כותל"" מהודרים 12 ס""מ",פמוטים,79.99,2,159.98,159.98,1,79.99,0
UK81633,"פמוט זכוכית עם 8 פמוטי קריסטל מהודרים 27 ס""מ",פמוטים,109.99,2,219.98,219.98,1,109.99,0
UK47192,"פמוט זכוכית עם פלקטה 8 פמוטי קריסטל 25 ס""מ",פמוטים,149.99,1,149.99,299.98,0,0,149.99
UK81523,"פמוטי קריסטל תשעייה מהודרים 24 ס""מ",פמוטים,139.99,2,279.98,279.98,1,139.99,0
UK82232,סט שבת פמוטי קריסטל 7סמ עם מגש רוז גולד כחול כהה,פמוטים,119.99,1,119.99,239.98,0,0,119.99
UK81642,"זוג פמוטי קריסטל מהודרים 14 ס""מ",פמוטים,89.99,2,179.98,179.98,1,89.99,0
UK42584,זוג פמוטי קריסטל מהודרים 16.5 סמ,פמוטים,59.99,2,119.98,119.98,1,59.99,0
UK81109,"פמוטים קריסטל 4 ס""מ עם מגש קריסטל 24 ס""מ",פמוטים,109.99,2,219.98,219.98,1,109.99,0
UK80658,"פמוטי זכוכית שיש כחול עם טקסט זהב 18.5X16.5 ס""מ",פמוטים,44.99,2,89.98,89.98,1,44.99,0
UK80302,פמוטי קריסטל זהב שקוף עם פלקטה ירושלים 6.5סמ,פמוטים,79.99,2,159.98,159.98,1,79.99,0
UK42123,"זוג פמוטי קריסטל מהודרים ""יהלום"" עם קנים 9 ס""מ",פמוטים,74.99,2,149.98,149.98,1,74.99,0
UK80329,"סט זוג פמוטי קריסטל עם מגש מהודר 9 ס""מ",פמוטים,139.99,2,279.98,279.98,1,139.99,0
UK49698,"פמוטי קריסטל עם פלקטה הדלקת נרות ""ירושלים"" 24 ס""מ",פמוטים,109.99,1,109.99,219.98,0,0,109.99
UK35968,סט פולימר מגש להדלקת נרות וזוג פמוטים מהודרים,פמוטים,79.99,2,159.98,159.98,1,79.99,0
UK81819,"פמוטי קריסטל עם פלקטה""פיליגרין"" 5 ס""מ",פמוטים,44.99,2,89.98,89.98,1,44.99,0
UK81590,"זוג פמוטי קריסטל מהודרים 17.5 ס""מ",פמוטים,79.99,1,79.99,159.98,0,0,79.99
UK47820,"זוג פמוטי קריסטל מהודרים עם אבנים לבנות 25.5 ס""",פמוטים,69.99,2,139.98,139.98,1,69.99,0
UK41853,סט גביע קידוש + פמוטים + מלחייה מקריסטל מט,פמוטים,179.99,1,179.99,359.98,0,0,179.99
UK82149,"פמוטי קריסטל עם פלקטה ""פסים"" 7.5 ס""מ",פמוטים,49.99,2,99.98,99.98,1,49.99,0
UK81104,"פמוטים זהב קריסטל 17 ס""מ",פמוטים,129.99,2,259.98,259.98,1,129.99,0
UK82153,"פמוטי קריסטל עם פלקטה ""פרחים"" 5 ס""מ",פמוטים,44.99,2,89.98,89.98,1,44.99,0
UK48550,"קופת צדקה פח מרובעת ""הרבי מלובביץ"" 10 ס""מ",קופות צדקה,7.99,20,159.8,15.98,19,151.81,-143.82000000000002
UK50384,"קופת צדקה אקריליק 11X14 ס""מ",קופות צדקה,69.99,2,139.98,139.98,1,69.99,0
UK80859,"קופת צדקה עץ עם אפוקסי טורקיז 14 ס""מ",קופות צדקה,69.99,2,139.98,139.98,1,69.99,0
UK40616,"קופת צדקה פח מהודרת ""בבא סאלי"" 10 ס""מ",קופות צדקה,6.49,20,129.8,12.98,19,123.31,-116.82000000000001
UK50071,"קופת צדקה אקריליק שקוף זהב 13 ס""מ",קופות צדקה,,2,,,,,
UK81383,קופת צדקה אקריליק פתיתי זהב,קופות צדקה,29.99,2,59.98,59.98,1,29.99,0
UK49384,"קופת צדקה פח מרובעת ""שיש"" 10 ס""מ",קופות צדקה,7.99,20,159.8,15.98,19,151.81,-143.82000000000002
UK81598,סטנד מעורב של תיקי צדקה קורדרוי 24 יחידות,קופות צדקה,9.99,24,239.76,19.98,23,229.77,-219.78
UK41318,"קופת צדקה קריסטל עם פלקטות ""בית הרבי"" 9X13 ס""מ",קופות צדקה,99.99,1,99.99,199.98,0,0,99.99
UK46823,"קופת צדקה עץ מהגוני מהודרת עם פלקטה 18 ס""מ",קופות צדקה,79.99,2,159.98,159.98,1,79.99,0
UK40274,"קופת צדקה פח מרובעת ""הרבי מלובביץ"" 15 ס""מ",קופות צדקה,12.99,4,51.96,25.98,3,38.97,-25.98
UK67520,סטנד מעורב של תיקי צדקה דמוי עור 24 יחידות,קופות צדקה,12.99,24,311.76,25.98,23,298.77,-285.78
UK82373,"קופת צדקה אקריליק שקוף כסף 13 ס""מ",קופות צדקה,,2,,,,,
UK81997,"קופת צדקה פרספקס נצנצים זהב 16 ס""מ",קופות צדקה,29.99,4,119.96,59.98,3,89.97,-59.98
UK35944,"קופת צדקה מאקריליק כסף נצנץ 16X10 ס""מ",קופות צדקה,34.99,4,139.96,69.98,3,104.97,-69.98
UK62902,"כיסוי חלה סטן רקמה והדפסה יום השישי 50x60 ס""מ",כיסויי חלה,19.99,4,79.96,39.98,3,59.97,-39.98
UK56156,"כיסוי חלה לבן מסטן עם ריקמה מלבנית ""שבת ויום טו",כיסויי חלה,11.99,5,59.95,23.98,4,47.96,-35.97
UK60078,"כיסוי חלה מהודר דמוי עור עם רקמה 55X45 ס""מ",כיסויי חלה,89.99,2,179.98,179.98,1,89.99,0
UK66319,"כיסוי חלה מהודר דמוי עור +PV לבן ""קידוש"" 42x5",כיסויי חלה,79.99,2,159.98,159.98,1,79.99,0
UK67341,"כיסוי חלה מהודר דמוי עור עם רקמה 55X45 ס""מ",כיסויי חלה,69.99,2,139.98,139.98,1,69.99,0
UK67207,"כיסוי חלה מהודר דמוי עור לבן וכסף עם הבלטות 42x52 ס""מ",כיסויי חלה,59.99,2,119.98,119.98,1,59.99,0
UK67546,"כיסוי חלה מהודר דמוי עור 45X55 ס""מ",כיסויי חלה,59.99,2,119.98,119.98,1,59.99,0
UK60199,"כיסוי חלה מהודר דמוי עור לבן פרחים ורודים 45X55 ס""מ",כיסויי חלה,39.99,2,79.98,79.98,1,39.99,0
UK60195,"כיסוי חלה מהודר דמוי עור לבן פרחים אפורים 45X55 ס""מ",כיסויי חלה,64.99,2,129.98,129.98,1,64.99,0
UK67834,"כיסוי חלה מהודר דמוי עור זהב 45X54 ס""מ",כיסויי חלה,64.99,2,129.98,129.98,1,64.99,0
UK67725,"כיסוי חלה מהודר דמוי עור לבן עם רקמה 45X55 ס""מ",כיסויי חלה,89.99,2,179.98,179.98,1,89.99,0
UK60217,"כיסוי חלה מהודר דמוי עור לבן עם זהב 45X55 ס""מ",כיסויי חלה,64.99,2,129.98,129.98,1,64.99,0
UK67366,"כיסוי חלה מהודר דמוי עור 42x52 ס""מ",כיסויי חלה,49.99,2,99.98,99.98,1,49.99,0
UK67881,"כיסוי חלה מהודר דמוי עור 42X52 ס""מ",כיסויי חלה,69.99,2,139.98,139.98,1,69.99,0
UK67343,"כיסוי חלה מהודר דמוי עור לבן עם ריקמה ואותיות בולטות 42x52 ס""מ",כיסויי חלה,99.99,2,199.98,199.98,1,99.99,0
UK67368,"כיסוי חלה מהודר דמוי עור 42x52 ס""מ",כיסויי חלה,64.99,2,129.98,129.98,1,64.99,0
UK67384,"כיסוי חלה מהודר דמוי עור עם הדפסה 52X42 ס""מ",כיסויי חלה,49.99,2,99.98,99.98,1,49.99,0
UK67203,"כיסוי חלה מהודר דמוי עור לבן וזהב עם הבלטות 45x55 ס""מ",כיסויי חלה,59.99,2,119.98,119.98,1,59.99,0
UK67367,"כיסוי חלה מהודר דמוי עור 42x52 ס""מ",כיסויי חלה,49.99,2,99.98,99.98,1,49.99,0
UK66395,"כיסוי חלה מהודר דמוי עור לבן עם הבלטות 42x52 ס""מ",כיסויי חלה,59.99,2,119.98,119.98,1,59.99,0
UK60198,"כיסוי חלה מהודר דמוי עור לבן פרחים אפורים 45X55 ס""מ",כיסויי חלה,39.99,2,79.98,79.98,1,39.99,0
UK67029,"כיסוי חלה לבן מסטן מהודר 52x42 ס""מ",כיסויי חלה,11.99,5,59.95,23.98,4,47.96,-35.97
UK67726,"כיסוי חלה מהודר דמוי עור לבן עם רקמה 45X55 ס""מ",כיסויי חלה,89.99,2,179.98,179.98,1,89.99,0
UK67026,"כיסוי חלה לבן מסטן מהודר 52x42 ס""מ",כיסויי חלה,11.99,5,59.95,23.98,4,47.96,-35.97
UK67564,כיסוי חלה דמוי עור עם אותיות בולטות,כיסויי חלה,59.99,2,119.98,119.98,1,59.99,0
UK60946,"כיסוי חלה מהודר דמוי עור לבן 45X55 ס""מ",כיסויי חלה,99.99,2,199.98,199.98,1,99.99,0
UK67342,"כיסוי חלה מהודר דמוי עור עם רקמה 55X45 ס""מ",כיסויי חלה,69.99,2,139.98,139.98,1,69.99,0
UK66880,"כיסוי חלה לבן מסטן עם ריקמה מהודרת 42x52 ס""מ",כיסויי חלה,11.99,5,59.95,23.98,4,47.96,-35.97
UK67056,"כיסוי פלטה מהודר מעכב בערה 70X80 ס""מ",כיסויי פלטה,79.99,2,159.98,159.98,1,79.99,0
UK67641,"כיסוי פלטה מהודר 80X70 ס""מ",כיסויי פלטה,39.99,2,79.98,79.98,1,39.99,0
UK67448,"כיסוי פלטה מהודר דמוי עור 70x80 ס""מ",כיסויי פלטה,69.99,2,139.98,139.98,1,69.99,0
UK67471,"כיסוי פלטה מקורדרוי מהודר 80x70 ס""מ- חום",כיסויי פלטה,44.99,2,89.98,89.98,1,44.99,0
UK67314,"מפת שולחן מהודרת 140X220 ס""מ",מפות שולחן ורנרים,49.99,2,99.98,99.98,1,49.99,0
UK67536,"מפת שולחן מהודרת עם הדפסה זהב 140x280 ס""מ",מפות שולחן ורנרים,44.99,2,89.98,89.98,1,44.99,0
UK49056,"ראנר עבור משטח חם 120x30 ס""מ",מפות שולחן ורנרים,12.99,5,64.95,25.98,4,51.96,-38.97
UK66987,"מפת שולחן מהודרת ""שיש זהב"" 140x220 ס""מ",מפות שולחן ורנרים,29.99,2,59.98,59.98,1,29.99,0
UK67316,"מפת שולחן מהודרת 140X350 ס""מ",מפות שולחן ורנרים,64.99,2,129.98,129.98,1,64.99,0
UK80326,"מגש חלה מהודר מעץ ""אקסיה"" עם פלקטה 40X25 ס""מ","קרשי חלה, סכינים ומפיונים",159.99,2,319.98,319.98,1,159.99,0
UK81834,"מגש חלה מהודר מזכוכית עם פלקטה ""עיטור"" 30X44 ס""מ","קרשי חלה, סכינים ומפיונים",139.99,2,279.98,279.98,1,139.99,0
UK82369,"תחתית לסיר זכוכית מהודרת ""שבת ויום טוב"" 19x19 ס""מ","קרשי חלה, סכינים ומפיונים",19.99,2,39.98,39.98,1,19.99,0
UK81976,"מגש חלה זכוכית עם פלקטה ""פיליגרין"" 42X29 ס""מ","קרשי חלה, סכינים ומפיונים",139.99,2,279.98,279.98,1,139.99,0
UK49589,"מגש זכוכית מהודר לחלה 45X30 ס""מ","קרשי חלה, סכינים ומפיונים",49.99,2,99.98,99.98,1,49.99,0
UK48793,"סכין נירוסטה ""שבת ויום טוב"" עם פלקטה 32 ס""מ","קרשי חלה, סכינים ומפיונים",32.99,2,65.98,65.98,1,32.99,0
UK81915,"סכין עם הדפסה ""שבת ויום טוב"" 34 ס""מ","קרשי חלה, סכינים ומפיונים",19.99,4,79.96,39.98,3,59.97,-39.98
UK80087,"תחתית לסיר זכוכית בלתי שבירה 19 ס""מ","קרשי חלה, סכינים ומפיונים",12.99,4,51.96,25.98,3,38.97,-25.98
UK80324,"מגש חלה מהודר מזכוכית עם פלקטה ""עיטורים"" 30X45 ס""מ","קרשי חלה, סכינים ומפיונים",139.99,2,279.98,279.98,1,139.99,0
UK52150,מגש חלה זכוכית עבה בלתי שבירה - גוון כחול 25X37,"קרשי חלה, סכינים ומפיונים",16.99,4,67.96,33.98,3,50.97,-33.98
UK47911,"מגש חלה מהודר מזכוכית עם מלחייה 45X30 ס""מ","קרשי חלה, סכינים ומפיונים",64.99,2,129.98,129.98,1,64.99,0
UK42389,"מגש חלה מהודר מזכוכית עם פלקטה ""ירושלים"" 30X44 ס""מ","קרשי חלה, סכינים ומפיונים",119.99,2,239.98,239.98,1,119.99,0
UK48278,מגש חלה מהודר מזכוכית עם רגליים וידיות 45X30 ס,"קרשי חלה, סכינים ומפיונים",89.99,2,179.98,179.98,1,89.99,0
UK55739,"סכין חלה שבת ויום טוב זהב 32.5 ס""מ","קרשי חלה, סכינים ומפיונים",44.99,2,89.98,89.98,1,44.99,0
UK81999,"מגש פרספקס מהודר לשבת עם פלקטה דמוי עור 30X45 ס""מ","קרשי חלה, סכינים ומפיונים",144.99,2,289.98,289.98,1,144.99,0
UK44319,"תחתית לסיר זכוכית ""שבת ויום טוב"" ציפורים עגול","קרשי חלה, סכינים ומפיונים",12.99,4,51.96,25.98,3,38.97,-25.98
UK50008,"מעמד אקריליק עבור סכינים 27x6.5 ס""מ","קרשי חלה, סכינים ומפיונים",34.99,2,69.98,69.98,1,34.99,0
UK80654,סט 6 חבקי מפית זהב רימון בורדו עם אבנים אדומות,"מצתים, מלחיות ומתקנים לגפרורים",34.99,2,69.98,69.98,1,34.99,0
UK82951,"מעמד לגפרורים קריסטל הדפס ירושלים 1114 ס""מ","מצתים, מלחיות ומתקנים לגפרורים",49.99,2,99.98,99.98,1,49.99,0
UK83945,"מצת חשמלי עם הדפסה 19 ס""מ - טעינת USB","מצתים, מלחיות ומתקנים לגפרורים",19.99,4,79.96,39.98,3,59.97,-39.98
UK49032,"מחזיק גפרורים זכוכית עם הדפסה דגם שיש 12.5X7 ס""מ","מצתים, מלחיות ומתקנים לגפרורים",17.99,4,71.96,35.98,3,53.97,-35.98
UK55843,"זוג מלחיות קריסטל עם פלקטה ""פרחים"" 7x5 ס""מ","מצתים, מלחיות ומתקנים לגפרורים",49.99,2,99.98,99.98,1,49.99,0
UK40002,"מלחייה קריסטל עם מכסה 4X6 ס""מ","מצתים, מלחיות ומתקנים לגפרורים",24.99,1,24.99,49.98,0,0,24.99
UK49228,"מלחיה קריסטל עם פלקטה חיתוך לייזר ""עיטור"" 8x4 ס""מ","מצתים, מלחיות ומתקנים לגפרורים",49.99,2,99.98,99.98,1,49.99,0
UK42159,"מלחייה קריסטל עם פלקטה חיתוך לייזר ומכסה 4X6 ס""מ","מצתים, מלחיות ומתקנים לגפרורים",,2,,,,,
UK82953,מלחיה קריסטל,"מצתים, מלחיות ומתקנים לגפרורים",49.99,2,99.98,99.98,1,49.99,0
UK80998,"מלחיית קריסטל מהודרת עם בסיס 13 ס""מ","מצתים, מלחיות ומתקנים לגפרורים",32.99,2,65.98,65.98,1,32.99,0
UK42158,"מלחייה קריסטל עם פלקטה ""נוף ירושלים"" ומכסה 4X6 ס""מ","מצתים, מלחיות ומתקנים לגפרורים",27.99,2,55.98,55.98,1,27.99,0
UK82156,"מעמד לגפרורים קריסטל עם פלקטות ""פסים"" 11X14 ס""מ","מצתים, מלחיות ומתקנים לגפרורים",49.99,2,99.98,99.98,1,49.99,0
UK51149,"סטנד מעורב כיסוי לשקע פלסטיק 10 ס""מ ""שבת קודש""","מצתים, מלחיות ומתקנים לגפרורים",5.49,24,131.76,10.98,23,126.27000000000001,-120.77999999999999
UK82144,"מלחיה קריסטל עם פלקטה ""פרחים"" 6x4 ס""מ","מצתים, מלחיות ומתקנים לגפרורים",,2,,,,,
UK80655,סט 6 חבקי מפית כסף רימון אפור עם אבנים לבנות,"מצתים, מלחיות ומתקנים לגפרורים",34.99,2,69.98,69.98,1,34.99,0
UK81650,מלחיה קריסטל זהב,"מצתים, מלחיות ומתקנים לגפרורים",32.99,2,65.98,65.98,1,32.99,0
UK48152,מצת חשמלי גמיש עם טעינה USB עם פלקטה,"מצתים, מלחיות ומתקנים לגפרורים",49.99,2,99.98,99.98,1,49.99,0
UK41716,"מלחיית קריסטל מהודרת עם בסיס 13 ס""מ","מצתים, מלחיות ומתקנים לגפרורים",32.99,2,65.98,65.98,1,32.99,0
UK55842,"זוג מלחיות קריסטל עם פלקטה ""פסים"" 7x5 ס""מ","מצתים, מלחיות ומתקנים לגפרורים",49.99,2,99.98,99.98,1,49.99,0
UK84273,"סטנד כיסוי לשקע פלסטיק 10 ס""מ לבן עם ""שבת קודש""","מצתים, מלחיות ומתקנים לגפרורים",5.49,24,131.76,10.98,23,126.27000000000001,-120.77999999999999
UK41504,"מלחית קריסטל מהודרת 7 ס""מ","מצתים, מלחיות ומתקנים לגפרורים",26.99,2,53.98,53.98,1,26.99,0
UK80694,"קופסא מהודרת לתכשיטים קומה 1 עם הדפסה כסף 21X12X6 ס""מ",צמידים טבעות ועגילים,54.99,2,109.98,109.98,1,54.99,0
UK40937,סטנד צמידים עם אורנומנטים מעורב - 72 יח,צמידים טבעות ועגילים,16.99,72,1223.28,33.98,71,1206.29,-1189.3
UK40938,סטנד צמידים עם אורנומנטים מעורב - 24 יח,צמידים טבעות ועגילים,16.99,24,407.76,33.98,23,390.77,-373.78
UK40385,"שרשרת רוז גולד עין עם שיבוץ אבנים 1 ס""מ",תכשיטי כסף טהור,10.99,10,109.9,21.98,9,98.91,-87.92
UK82912,שרשרת כסף טהור 925,תכשיטי כסף טהור,99.99,1,99.99,199.98,0,0,99.99
UK82914,שרשרת כסף טהור 925,תכשיטי כסף טהור,89.99,2,179.98,179.98,1,89.99,0
UK80992,"צמיד כסף טהור 925 ""מגן דוד""",תכשיטי כסף טהור,79.99,2,159.98,159.98,1,79.99,0
UK80987,"שרשרת כסף טהור 925 ""חמסה""",תכשיטי כסף טהור,79.99,2,159.98,159.98,1,79.99,0
UK80976,"שרשרת כסף טהור 925 ""האש שלי""",תכשיטי כסף טהור,99.99,2,199.98,199.98,1,99.99,0
UK80983,"צמיד כסף טהור 925 ""חמסה""",תכשיטי כסף טהור,89.99,2,179.98,179.98,1,89.99,0
UK82905,שרשרת כסף טהור 925,תכשיטי כסף טהור,89.99,2,179.98,179.98,1,89.99,0
UK50454,"שרשרת עם תליון ""יברכך"" 4 ס""מ",נירוסטה ורודיום,13.99,5,69.95,27.98,4,55.96,-41.97
UK41672,"שרשרת ניקל עין עם שיבוץ אבנים 45 ס""מ",נירוסטה ורודיום,10.99,10,109.9,21.98,9,98.91,-87.92
UK40893,"שרשרת זהב עין עם שיבוץ אבנים 45 ס""מ",נירוסטה ורודיום,10.99,10,109.9,21.98,9,98.91,-87.92
UK43647,"מעמד אקריליק לתצוגה 8X24X8 ס""מ",אביזרי תצוגה,,6,,,,,
UK48690,"מעמד אקריליק לתצוגה 14x5 ס""מ",אביזרי תצוגה,,6,,,,,
UK42864,"שקית ניילון 50X60 ס""מ עם לוגו ארט",אביזרי תצוגה,,200,,,,,
UK66959,"תיק תפ ""אדיר"" טרמי אפור פשתן לאחסון תפלין 23 ס""",תיק-תפ,,2,,,,,
UK60165,"תיק תפ טרמי דמוי עור ברונזה משופשף 22 ס""מ",תיק-תפ,,2,,,,,
UK60177,"תיק תפ טרמי דמוי עור ירוק עם אותיות בולטות יברכך 22 ס""מ",תיק-תפ,,2,,,,,
UK67040,"תיק תפ טרמי דמוי עור איכותי לאחסון תפילין 22 ס""מ",תיק-תפ,,2,,,,,
UK65540,תיק תפ טרמי דמוי עור גוון שחור איכותי לאחסון תפ,תיק-תפ,,2,,,,,
UK66738,קיטל מהודר עם דנטל כסף מט מבריק גודל M,קיטלים,79.99,2,159.98,159.98,1,79.99,0
UK66739,קיטל מהודר עם דנטל כסף מט מבריק גודל L,קיטלים,79.99,2,159.98,159.98,1,79.99,0
UK66740,קיטל מהודר עם דנטל כסף מט מבריק גודל XL,קיטלים,79.99,2,159.98,159.98,1,79.99,0
UK45457,"מעמד אקריליק נוסח עדות המזרח עם 7 ברכונים - זהב 18X23 ס""מ",ברכונים,89.99,2,179.98,179.98,1,89.99,0
UK81483,"מעמד לברכונים ""פולימר"" 20 ס""מ",ברכונים,54.99,1,54.99,109.98,0,0,54.99
UK82031,"תיק לברכונים דמוי עור גוון לבן עם ברכונים נוסח אשכנזי 23X15 ס""מ",ברכונים,44.99,2,89.98,89.98,1,44.99,0
UK42506,"מעמד אקריליק נוסח אשכנזי 25X22 ס""מ עם 7 ברכונים - שיש",ברכונים,89.99,2,179.98,179.98,1,89.99,0
UK00551,"מעמד לבירכונים מעץ ""ואכלת ושבעת.."" 26X23 ס""מ",ברכונים,24.99,2,49.98,49.98,1,24.99,0
UK42517,"מעמד אקריליק נוסח אשכנזי 13X17 ס""מ עם 6 ברכות",ברכונים,89.99,2,179.98,179.98,1,89.99,0
UK48783,"מעמד אקריליק נוסח אשכנזי עם 6 ברכות ברכ 15X15X4 ס""מ",ברכונים,69.99,2,139.98,139.98,1,69.99,0
UK81853,"קידוש לשבת מפרספקס נוסח אשכנזי 25X15 ס""מ",ברכונים,11.99,6,71.94,23.98,5,59.95,-47.959999999999994
UK52773,"מעמד אקריליק נוסח אשכנזי 24X18 ס""מ עם 6 ברכונים",ברכונים,99.99,2,199.98,199.98,1,99.99,0
UK80764,סטנד ברכונים ואכלת ושבעת ברכת המזון מעוגל אשכנזי זהב,ברכונים,149.99,2,299.98,299.98,1,149.99,0
UK42693,"ברכת המזון אקריליק נוסח ספרדי 25X20 ס""מ",ברכונים,7.99,6,47.94,15.98,5,39.95,-31.959999999999997
UK49732,"מעמד אקריליק נוסח אשכנזי 18X25 ס""מ עם 6 ברכות",ברכונים,99.99,2,199.98,199.98,1,99.99,0
UK49957,"ברכת המזון מאקריליק נוסח עדות המזרח 16X13 ס""מ",ברכונים,7.99,6,47.94,15.98,5,39.95,-31.959999999999997
UK43287,"מעמד אקריליק נוסח עדות המזרח עם 7 ברכונים - כסף 25X22 ס""מ",ברכונים,89.99,2,179.98,179.98,1,89.99,0
UK52772,"מעמד אקריליק נוסח עדות המזרח 24X18 ס""מ עם 6 ברכונים",ברכונים,99.99,2,199.98,199.98,1,99.99,0
UK80913,"מעמד אקריליק נוסח עדות המזרח 18X19 ס""מ עם 6 ברכונים כסף",ברכונים,129.99,2,259.98,259.98,1,129.99,0
UK82378,סטנד ברכונים לכבוד שבת קודש מדורג כסף אשכנזי,ברכונים,149.99,2,299.98,299.98,1,149.99,0
UK42518,"מעמד אקריליק נוסח עדות המזרח 17X22 ס""מ עם 6 ברכות",ברכונים,89.99,2,179.98,179.98,1,89.99,0
UK81875,"ברכון מהודר דמוי עור - ברכת המזון נוסח אשכנזי 12X17.5 ס""מ",ברכונים,14.99,6,89.94,29.98,5,74.95,-59.959999999999994
UK82414,"גביע קידוש מהודר מפולימר עם רגל ותחתית 15 ס""מ",גביעי קידוש פולימר,69.99,2,139.98,139.98,1,69.99,0
UK82409,"גביע קידוש מהודר מפולימר עם רגל ותחתית 15 ס""מ",גביעי קידוש פולימר,69.99,2,139.98,139.98,1,69.99,0
UK83407,"גביע קידוש מהודר מפולימר ""ירושלים"" עם רגל ותחתית 15 ס""מ",גביעי קידוש פולימר,69.99,2,139.98,139.98,1,69.99,0
